TICKER;CNPJ_CIA;DT_REFER;VERSAO;DENOM_CIA;CD_CVM;GRUPO_DFP;MOEDA;ESCALA_MOEDA;ORDEM_EXERC;DT_INI_EXERC;DT_FIM_EXERC;COLUNA_DF;CD_CONTA;DS_CONTA;VL_CONTA;ST_CONTA_FIXA
VIVT3;02.558.157/0001-62;2025-12-31;1;TELEFÔNICA BRASIL S.A;017671;DF Consolidado - Demonstração das Mutações do Patrimônio Líquido;REAL;MIL;PENÚLTIMO;2024-01-01;2024-12-31;Capital Social Integralizado;5.01;Saldos Iniciais;63571416.0000000000;S
VIVT3;02.558.157/0001-62;2025-12-31;1;TELEFÔNICA BRASIL S.A;017671;DF Consolidado - Demonstração das Mutações do Patrimônio Líquido;REAL;MIL;ÚLTIMO;2025-01-01;2025-12-31;Capital Social Integralizado;5.01;Saldos Iniciais;62071416.0000000000;S
VIVT3;02.558.157/0001-62;2025-12-31;1;TELEFÔNICA BRASIL S.A;017671;DF Consolidado - Demonstração das Mutações do Patrimônio Líquido;REAL;MIL;PENÚLTIMO;2024-01-01;2024-12-31;Reservas de Capital, Opções Outorgadas e Ações em Tesouraria;5.01;Saldos Iniciais;63095.0000000000;S
VIVT3;02.558.157/0001-62;2025-12-31;1;TELEFÔNICA BRASIL S.A;017671;DF Consolidado - Demonstração das Mutações do Patrimônio Líquido;REAL;MIL;ÚLTIMO;2025-01-01;2025-12-31;Reservas de Capital, Opções Outorgadas e Ações em Tesouraria;5.01;Saldos Iniciais;63095.0000000000;S
VIVT3;02.558.157/0001-62;2025-12-31;1;TELEFÔNICA BRASIL S.A;017671;DF Consolidado - Demonstração das Mutações do Patrimônio Líquido;REAL;MIL;PENÚLTIMO;2024-01-01;2024-12-31;Reservas de Lucro;5.01;Saldos Iniciais;5885575.0000000000;S
VIVT3;02.558.157/0001-62;2025-12-31;1;TELEFÔNICA BRASIL S.A;017671;DF Consolidado - Demonstração das Mutações do Patrimônio Líquido;REAL;MIL;ÚLTIMO;2025-01-01;2025-12-31;Reservas de Lucro;5.01;Saldos Iniciais;7523216.0000000000;S
VIVT3;02.558.157/0001-62;2025-12-31;1;TELEFÔNICA BRASIL S.A;017671;DF Consolidado - Demonstração das Mutações do Patrimônio Líquido;REAL;MIL;PENÚLTIMO;2024-01-01;2024-12-31;Lucros ou Prejuízos Acumulados;5.01;Saldos Iniciais;0.0000000000;S
VIVT3;02.558.157/0001-62;2025-12-31;1;TELEFÔNICA BRASIL S.A;017671;DF Consolidado - Demonstração das Mutações do Patrimônio Líquido;REAL;MIL;ÚLTIMO;2025-01-01;2025-12-31;Lucros ou Prejuízos Acumulados;5.01;Saldos Iniciais;0.0000000000;S
VIVT3;02.558.157/0001-62;2025-12-31;1;TELEFÔNICA BRASIL S.A;017671;DF Consolidado - Demonstração das Mutações do Patrimônio Líquido;REAL;MIL;PENÚLTIMO;2024-01-01;2024-12-31;Outros Resultados Abrangentes;5.01;Saldos Iniciais;46709.0000000000;S
VIVT3;02.558.157/0001-62;2025-12-31;1;TELEFÔNICA BRASIL S.A;017671;DF Consolidado - Demonstração das Mutações do Patrimônio Líquido;REAL;MIL;ÚLTIMO;2025-01-01;2025-12-31;Outros Resultados Abrangentes;5.01;Saldos Iniciais;71855.0000000000;S
VIVT3;02.558.157/0001-62;2025-12-31;1;TELEFÔNICA BRASIL S.A;017671;DF Consolidado - Demonstração das Mutações do Patrimônio Líquido;REAL;MIL;PENÚLTIMO;2024-01-01;2024-12-31;Patrimônio Líquido;5.01;Saldos Iniciais;69566795.0000000000;S
VIVT3;02.558.157/0001-62;2025-12-31;1;TELEFÔNICA BRASIL S.A;017671;DF Consolidado - Demonstração das Mutações do Patrimônio Líquido;REAL;MIL;ÚLTIMO;2025-01-01;2025-12-31;Patrimônio Líquido;5.01;Saldos Iniciais;69729582.0000000000;S
VIVT3;02.558.157/0001-62;2025-12-31;1;TELEFÔNICA BRASIL S.A;017671;DF Consolidado - Demonstração das Mutações do Patrimônio Líquido;REAL;MIL;PENÚLTIMO;2024-01-01;2024-12-31;Participação dos Não Controladores;5.01;Saldos Iniciais;60525.0000000000;S
VIVT3;02.558.157/0001-62;2025-12-31;1;TELEFÔNICA BRASIL S.A;017671;DF Consolidado - Demonstração das Mutações do Patrimônio Líquido;REAL;MIL;ÚLTIMO;2025-01-01;2025-12-31;Participação dos Não Controladores;5.01;Saldos Iniciais;69913.0000000000;S
VIVT3;02.558.157/0001-62;2025-12-31;1;TELEFÔNICA BRASIL S.A;017671;DF Consolidado - Demonstração das Mutações do Patrimônio Líquido;REAL;MIL;PENÚLTIMO;2024-01-01;2024-12-31;Patrimônio Líquido Consolidado;5.01;Saldos Iniciais;69627320.0000000000;S
VIVT3;02.558.157/0001-62;2025-12-31;1;TELEFÔNICA BRASIL S.A;017671;DF Consolidado - Demonstração das Mutações do Patrimônio Líquido;REAL;MIL;ÚLTIMO;2025-01-01;2025-12-31;Patrimônio Líquido Consolidado;5.01;Saldos Iniciais;69799495.0000000000;S
VIVT3;02.558.157/0001-62;2025-12-31;1;TELEFÔNICA BRASIL S.A;017671;DF Consolidado - Demonstração das Mutações do Patrimônio Líquido;REAL;MIL;PENÚLTIMO;2024-01-01;2024-12-31;Capital Social Integralizado;5.02;Ajustes de Exercícios Anteriores;0.0000000000;S
VIVT3;02.558.157/0001-62;2025-12-31;1;TELEFÔNICA BRASIL S.A;017671;DF Consolidado - Demonstração das Mutações do Patrimônio Líquido;REAL;MIL;ÚLTIMO;2025-01-01;2025-12-31;Capital Social Integralizado;5.02;Ajustes de Exercícios Anteriores;0.0000000000;S
VIVT3;02.558.157/0001-62;2025-12-31;1;TELEFÔNICA BRASIL S.A;017671;DF Consolidado - Demonstração das Mutações do Patrimônio Líquido;REAL;MIL;PENÚLTIMO;2024-01-01;2024-12-31;Reservas de Capital, Opções Outorgadas e Ações em Tesouraria;5.02;Ajustes de Exercícios Anteriores;0.0000000000;S
VIVT3;02.558.157/0001-62;2025-12-31;1;TELEFÔNICA BRASIL S.A;017671;DF Consolidado - Demonstração das Mutações do Patrimônio Líquido;REAL;MIL;ÚLTIMO;2025-01-01;2025-12-31;Reservas de Capital, Opções Outorgadas e Ações em Tesouraria;5.02;Ajustes de Exercícios Anteriores;0.0000000000;S
VIVT3;02.558.157/0001-62;2025-12-31;1;TELEFÔNICA BRASIL S.A;017671;DF Consolidado - Demonstração das Mutações do Patrimônio Líquido;REAL;MIL;PENÚLTIMO;2024-01-01;2024-12-31;Reservas de Lucro;5.02;Ajustes de Exercícios Anteriores;0.0000000000;S
VIVT3;02.558.157/0001-62;2025-12-31;1;TELEFÔNICA BRASIL S.A;017671;DF Consolidado - Demonstração das Mutações do Patrimônio Líquido;REAL;MIL;ÚLTIMO;2025-01-01;2025-12-31;Reservas de Lucro;5.02;Ajustes de Exercícios Anteriores;0.0000000000;S
VIVT3;02.558.157/0001-62;2025-12-31;1;TELEFÔNICA BRASIL S.A;017671;DF Consolidado - Demonstração das Mutações do Patrimônio Líquido;REAL;MIL;PENÚLTIMO;2024-01-01;2024-12-31;Lucros ou Prejuízos Acumulados;5.02;Ajustes de Exercícios Anteriores;0.0000000000;S
VIVT3;02.558.157/0001-62;2025-12-31;1;TELEFÔNICA BRASIL S.A;017671;DF Consolidado - Demonstração das Mutações do Patrimônio Líquido;REAL;MIL;ÚLTIMO;2025-01-01;2025-12-31;Lucros ou Prejuízos Acumulados;5.02;Ajustes de Exercícios Anteriores;0.0000000000;S
VIVT3;02.558.157/0001-62;2025-12-31;1;TELEFÔNICA BRASIL S.A;017671;DF Consolidado - Demonstração das Mutações do Patrimônio Líquido;REAL;MIL;PENÚLTIMO;2024-01-01;2024-12-31;Outros Resultados Abrangentes;5.02;Ajustes de Exercícios Anteriores;0.0000000000;S
VIVT3;02.558.157/0001-62;2025-12-31;1;TELEFÔNICA BRASIL S.A;017671;DF Consolidado - Demonstração das Mutações do Patrimônio Líquido;REAL;MIL;ÚLTIMO;2025-01-01;2025-12-31;Outros Resultados Abrangentes;5.02;Ajustes de Exercícios Anteriores;0.0000000000;S
VIVT3;02.558.157/0001-62;2025-12-31;1;TELEFÔNICA BRASIL S.A;017671;DF Consolidado - Demonstração das Mutações do Patrimônio Líquido;REAL;MIL;PENÚLTIMO;2024-01-01;2024-12-31;Patrimônio Líquido;5.02;Ajustes de Exercícios Anteriores;0.0000000000;S
VIVT3;02.558.157/0001-62;2025-12-31;1;TELEFÔNICA BRASIL S.A;017671;DF Consolidado - Demonstração das Mutações do Patrimônio Líquido;REAL;MIL;ÚLTIMO;2025-01-01;2025-12-31;Patrimônio Líquido;5.02;Ajustes de Exercícios Anteriores;0.0000000000;S
VIVT3;02.558.157/0001-62;2025-12-31;1;TELEFÔNICA BRASIL S.A;017671;DF Consolidado - Demonstração das Mutações do Patrimônio Líquido;REAL;MIL;PENÚLTIMO;2024-01-01;2024-12-31;Participação dos Não Controladores;5.02;Ajustes de Exercícios Anteriores;0.0000000000;S
VIVT3;02.558.157/0001-62;2025-12-31;1;TELEFÔNICA BRASIL S.A;017671;DF Consolidado - Demonstração das Mutações do Patrimônio Líquido;REAL;MIL;ÚLTIMO;2025-01-01;2025-12-31;Participação dos Não Controladores;5.02;Ajustes de Exercícios Anteriores;0.0000000000;S
VIVT3;02.558.157/0001-62;2025-12-31;1;TELEFÔNICA BRASIL S.A;017671;DF Consolidado - Demonstração das Mutações do Patrimônio Líquido;REAL;MIL;PENÚLTIMO;2024-01-01;2024-12-31;Patrimônio Líquido Consolidado;5.02;Ajustes de Exercícios Anteriores;0.0000000000;S
VIVT3;02.558.157/0001-62;2025-12-31;1;TELEFÔNICA BRASIL S.A;017671;DF Consolidado - Demonstração das Mutações do Patrimônio Líquido;REAL;MIL;ÚLTIMO;2025-01-01;2025-12-31;Patrimônio Líquido Consolidado;5.02;Ajustes de Exercícios Anteriores;0.0000000000;S
VIVT3;02.558.157/0001-62;2025-12-31;1;TELEFÔNICA BRASIL S.A;017671;DF Consolidado - Demonstração das Mutações do Patrimônio Líquido;REAL;MIL;PENÚLTIMO;2024-01-01;2024-12-31;Capital Social Integralizado;5.03;Saldos Iniciais Ajustados;63571416.0000000000;S
VIVT3;02.558.157/0001-62;2025-12-31;1;TELEFÔNICA BRASIL S.A;017671;DF Consolidado - Demonstração das Mutações do Patrimônio Líquido;REAL;MIL;ÚLTIMO;2025-01-01;2025-12-31;Capital Social Integralizado;5.03;Saldos Iniciais Ajustados;62071416.0000000000;S
VIVT3;02.558.157/0001-62;2025-12-31;1;TELEFÔNICA BRASIL S.A;017671;DF Consolidado - Demonstração das Mutações do Patrimônio Líquido;REAL;MIL;PENÚLTIMO;2024-01-01;2024-12-31;Reservas de Capital, Opções Outorgadas e Ações em Tesouraria;5.03;Saldos Iniciais Ajustados;63095.0000000000;S
VIVT3;02.558.157/0001-62;2025-12-31;1;TELEFÔNICA BRASIL S.A;017671;DF Consolidado - Demonstração das Mutações do Patrimônio Líquido;REAL;MIL;ÚLTIMO;2025-01-01;2025-12-31;Reservas de Capital, Opções Outorgadas e Ações em Tesouraria;5.03;Saldos Iniciais Ajustados;63095.0000000000;S
VIVT3;02.558.157/0001-62;2025-12-31;1;TELEFÔNICA BRASIL S.A;017671;DF Consolidado - Demonstração das Mutações do Patrimônio Líquido;REAL;MIL;PENÚLTIMO;2024-01-01;2024-12-31;Reservas de Lucro;5.03;Saldos Iniciais Ajustados;5885575.0000000000;S
VIVT3;02.558.157/0001-62;2025-12-31;1;TELEFÔNICA BRASIL S.A;017671;DF Consolidado - Demonstração das Mutações do Patrimônio Líquido;REAL;MIL;ÚLTIMO;2025-01-01;2025-12-31;Reservas de Lucro;5.03;Saldos Iniciais Ajustados;7523216.0000000000;S
VIVT3;02.558.157/0001-62;2025-12-31;1;TELEFÔNICA BRASIL S.A;017671;DF Consolidado - Demonstração das Mutações do Patrimônio Líquido;REAL;MIL;PENÚLTIMO;2024-01-01;2024-12-31;Lucros ou Prejuízos Acumulados;5.03;Saldos Iniciais Ajustados;0.0000000000;S
VIVT3;02.558.157/0001-62;2025-12-31;1;TELEFÔNICA BRASIL S.A;017671;DF Consolidado - Demonstração das Mutações do Patrimônio Líquido;REAL;MIL;ÚLTIMO;2025-01-01;2025-12-31;Lucros ou Prejuízos Acumulados;5.03;Saldos Iniciais Ajustados;0.0000000000;S
VIVT3;02.558.157/0001-62;2025-12-31;1;TELEFÔNICA BRASIL S.A;017671;DF Consolidado - Demonstração das Mutações do Patrimônio Líquido;REAL;MIL;PENÚLTIMO;2024-01-01;2024-12-31;Outros Resultados Abrangentes;5.03;Saldos Iniciais Ajustados;46709.0000000000;S
VIVT3;02.558.157/0001-62;2025-12-31;1;TELEFÔNICA BRASIL S.A;017671;DF Consolidado - Demonstração das Mutações do Patrimônio Líquido;REAL;MIL;ÚLTIMO;2025-01-01;2025-12-31;Outros Resultados Abrangentes;5.03;Saldos Iniciais Ajustados;71855.0000000000;S
VIVT3;02.558.157/0001-62;2025-12-31;1;TELEFÔNICA BRASIL S.A;017671;DF Consolidado - Demonstração das Mutações do Patrimônio Líquido;REAL;MIL;PENÚLTIMO;2024-01-01;2024-12-31;Patrimônio Líquido;5.03;Saldos Iniciais Ajustados;69566795.0000000000;S
VIVT3;02.558.157/0001-62;2025-12-31;1;TELEFÔNICA BRASIL S.A;017671;DF Consolidado - Demonstração das Mutações do Patrimônio Líquido;REAL;MIL;ÚLTIMO;2025-01-01;2025-12-31;Patrimônio Líquido;5.03;Saldos Iniciais Ajustados;69729582.0000000000;S
VIVT3;02.558.157/0001-62;2025-12-31;1;TELEFÔNICA BRASIL S.A;017671;DF Consolidado - Demonstração das Mutações do Patrimônio Líquido;REAL;MIL;PENÚLTIMO;2024-01-01;2024-12-31;Participação dos Não Controladores;5.03;Saldos Iniciais Ajustados;60525.0000000000;S
VIVT3;02.558.157/0001-62;2025-12-31;1;TELEFÔNICA BRASIL S.A;017671;DF Consolidado - Demonstração das Mutações do Patrimônio Líquido;REAL;MIL;ÚLTIMO;2025-01-01;2025-12-31;Participação dos Não Controladores;5.03;Saldos Iniciais Ajustados;69913.0000000000;S
VIVT3;02.558.157/0001-62;2025-12-31;1;TELEFÔNICA BRASIL S.A;017671;DF Consolidado - Demonstração das Mutações do Patrimônio Líquido;REAL;MIL;PENÚLTIMO;2024-01-01;2024-12-31;Patrimônio Líquido Consolidado;5.03;Saldos Iniciais Ajustados;69627320.0000000000;S
VIVT3;02.558.157/0001-62;2025-12-31;1;TELEFÔNICA BRASIL S.A;017671;DF Consolidado - Demonstração das Mutações do Patrimônio Líquido;REAL;MIL;ÚLTIMO;2025-01-01;2025-12-31;Patrimônio Líquido Consolidado;5.03;Saldos Iniciais Ajustados;69799495.0000000000;S
VIVT3;02.558.157/0001-62;2025-12-31;1;TELEFÔNICA BRASIL S.A;017671;DF Consolidado - Demonstração das Mutações do Patrimônio Líquido;REAL;MIL;PENÚLTIMO;2024-01-01;2024-12-31;Capital Social Integralizado;5.04;Transações de Capital com os Sócios;-1500000.0000000000;S
VIVT3;02.558.157/0001-62;2025-12-31;1;TELEFÔNICA BRASIL S.A;017671;DF Consolidado - Demonstração das Mutações do Patrimônio Líquido;REAL;MIL;ÚLTIMO;2025-01-01;2025-12-31;Capital Social Integralizado;5.04;Transações de Capital com os Sócios;-2000000.0000000000;S
VIVT3;02.558.157/0001-62;2025-12-31;1;TELEFÔNICA BRASIL S.A;017671;DF Consolidado - Demonstração das Mutações do Patrimônio Líquido;REAL;MIL;PENÚLTIMO;2024-01-01;2024-12-31;Reservas de Capital, Opções Outorgadas e Ações em Tesouraria;5.04;Transações de Capital com os Sócios;0.0000000000;S
VIVT3;02.558.157/0001-62;2025-12-31;1;TELEFÔNICA BRASIL S.A;017671;DF Consolidado - Demonstração das Mutações do Patrimônio Líquido;REAL;MIL;ÚLTIMO;2025-01-01;2025-12-31;Reservas de Capital, Opções Outorgadas e Ações em Tesouraria;5.04;Transações de Capital com os Sócios;-173173.0000000000;S
VIVT3;02.558.157/0001-62;2025-12-31;1;TELEFÔNICA BRASIL S.A;017671;DF Consolidado - Demonstração das Mutações do Patrimônio Líquido;REAL;MIL;PENÚLTIMO;2024-01-01;2024-12-31;Reservas de Lucro;5.04;Transações de Capital com os Sócios;-1299583.0000000000;S
VIVT3;02.558.157/0001-62;2025-12-31;1;TELEFÔNICA BRASIL S.A;017671;DF Consolidado - Demonstração das Mutações do Patrimônio Líquido;REAL;MIL;ÚLTIMO;2025-01-01;2025-12-31;Reservas de Lucro;5.04;Transações de Capital com os Sócios;-1746480.0000000000;S
VIVT3;02.558.157/0001-62;2025-12-31;1;TELEFÔNICA BRASIL S.A;017671;DF Consolidado - Demonstração das Mutações do Patrimônio Líquido;REAL;MIL;PENÚLTIMO;2024-01-01;2024-12-31;Lucros ou Prejuízos Acumulados;5.04;Transações de Capital com os Sócios;-2978023.0000000000;S
VIVT3;02.558.157/0001-62;2025-12-31;1;TELEFÔNICA BRASIL S.A;017671;DF Consolidado - Demonstração das Mutações do Patrimônio Líquido;REAL;MIL;ÚLTIMO;2025-01-01;2025-12-31;Lucros ou Prejuízos Acumulados;5.04;Transações de Capital com os Sócios;-3219447.0000000000;S
VIVT3;02.558.157/0001-62;2025-12-31;1;TELEFÔNICA BRASIL S.A;017671;DF Consolidado - Demonstração das Mutações do Patrimônio Líquido;REAL;MIL;PENÚLTIMO;2024-01-01;2024-12-31;Outros Resultados Abrangentes;5.04;Transações de Capital com os Sócios;0.0000000000;S
VIVT3;02.558.157/0001-62;2025-12-31;1;TELEFÔNICA BRASIL S.A;017671;DF Consolidado - Demonstração das Mutações do Patrimônio Líquido;REAL;MIL;ÚLTIMO;2025-01-01;2025-12-31;Outros Resultados Abrangentes;5.04;Transações de Capital com os Sócios;0.0000000000;S
VIVT3;02.558.157/0001-62;2025-12-31;1;TELEFÔNICA BRASIL S.A;017671;DF Consolidado - Demonstração das Mutações do Patrimônio Líquido;REAL;MIL;PENÚLTIMO;2024-01-01;2024-12-31;Patrimônio Líquido;5.04;Transações de Capital com os Sócios;-5777606.0000000000;S
VIVT3;02.558.157/0001-62;2025-12-31;1;TELEFÔNICA BRASIL S.A;017671;DF Consolidado - Demonstração das Mutações do Patrimônio Líquido;REAL;MIL;ÚLTIMO;2025-01-01;2025-12-31;Patrimônio Líquido;5.04;Transações de Capital com os Sócios;-7139100.0000000000;S
VIVT3;02.558.157/0001-62;2025-12-31;1;TELEFÔNICA BRASIL S.A;017671;DF Consolidado - Demonstração das Mutações do Patrimônio Líquido;REAL;MIL;PENÚLTIMO;2024-01-01;2024-12-31;Participação dos Não Controladores;5.04;Transações de Capital com os Sócios;15.0000000000;S
VIVT3;02.558.157/0001-62;2025-12-31;1;TELEFÔNICA BRASIL S.A;017671;DF Consolidado - Demonstração das Mutações do Patrimônio Líquido;REAL;MIL;ÚLTIMO;2025-01-01;2025-12-31;Participação dos Não Controladores;5.04;Transações de Capital com os Sócios;201528.0000000000;S
VIVT3;02.558.157/0001-62;2025-12-31;1;TELEFÔNICA BRASIL S.A;017671;DF Consolidado - Demonstração das Mutações do Patrimônio Líquido;REAL;MIL;PENÚLTIMO;2024-01-01;2024-12-31;Patrimônio Líquido Consolidado;5.04;Transações de Capital com os Sócios;-5777591.0000000000;S
VIVT3;02.558.157/0001-62;2025-12-31;1;TELEFÔNICA BRASIL S.A;017671;DF Consolidado - Demonstração das Mutações do Patrimônio Líquido;REAL;MIL;ÚLTIMO;2025-01-01;2025-12-31;Patrimônio Líquido Consolidado;5.04;Transações de Capital com os Sócios;-6937572.0000000000;S
VIVT3;02.558.157/0001-62;2025-12-31;1;TELEFÔNICA BRASIL S.A;017671;DF Consolidado - Demonstração das Mutações do Patrimônio Líquido;REAL;MIL;PENÚLTIMO;2024-01-01;2024-12-31;Capital Social Integralizado;5.04.01;Aumentos de Capital;0.0000000000;S
VIVT3;02.558.157/0001-62;2025-12-31;1;TELEFÔNICA BRASIL S.A;017671;DF Consolidado - Demonstração das Mutações do Patrimônio Líquido;REAL;MIL;ÚLTIMO;2025-01-01;2025-12-31;Capital Social Integralizado;5.04.01;Aumentos de Capital;0.0000000000;S
VIVT3;02.558.157/0001-62;2025-12-31;1;TELEFÔNICA BRASIL S.A;017671;DF Consolidado - Demonstração das Mutações do Patrimônio Líquido;REAL;MIL;PENÚLTIMO;2024-01-01;2024-12-31;Reservas de Capital, Opções Outorgadas e Ações em Tesouraria;5.04.01;Aumentos de Capital;0.0000000000;S
VIVT3;02.558.157/0001-62;2025-12-31;1;TELEFÔNICA BRASIL S.A;017671;DF Consolidado - Demonstração das Mutações do Patrimônio Líquido;REAL;MIL;ÚLTIMO;2025-01-01;2025-12-31;Reservas de Capital, Opções Outorgadas e Ações em Tesouraria;5.04.01;Aumentos de Capital;0.0000000000;S
VIVT3;02.558.157/0001-62;2025-12-31;1;TELEFÔNICA BRASIL S.A;017671;DF Consolidado - Demonstração das Mutações do Patrimônio Líquido;REAL;MIL;PENÚLTIMO;2024-01-01;2024-12-31;Reservas de Lucro;5.04.01;Aumentos de Capital;0.0000000000;S
VIVT3;02.558.157/0001-62;2025-12-31;1;TELEFÔNICA BRASIL S.A;017671;DF Consolidado - Demonstração das Mutações do Patrimônio Líquido;REAL;MIL;ÚLTIMO;2025-01-01;2025-12-31;Reservas de Lucro;5.04.01;Aumentos de Capital;0.0000000000;S
VIVT3;02.558.157/0001-62;2025-12-31;1;TELEFÔNICA BRASIL S.A;017671;DF Consolidado - Demonstração das Mutações do Patrimônio Líquido;REAL;MIL;PENÚLTIMO;2024-01-01;2024-12-31;Lucros ou Prejuízos Acumulados;5.04.01;Aumentos de Capital;0.0000000000;S
VIVT3;02.558.157/0001-62;2025-12-31;1;TELEFÔNICA BRASIL S.A;017671;DF Consolidado - Demonstração das Mutações do Patrimônio Líquido;REAL;MIL;ÚLTIMO;2025-01-01;2025-12-31;Lucros ou Prejuízos Acumulados;5.04.01;Aumentos de Capital;0.0000000000;S
VIVT3;02.558.157/0001-62;2025-12-31;1;TELEFÔNICA BRASIL S.A;017671;DF Consolidado - Demonstração das Mutações do Patrimônio Líquido;REAL;MIL;PENÚLTIMO;2024-01-01;2024-12-31;Outros Resultados Abrangentes;5.04.01;Aumentos de Capital;0.0000000000;S
VIVT3;02.558.157/0001-62;2025-12-31;1;TELEFÔNICA BRASIL S.A;017671;DF Consolidado - Demonstração das Mutações do Patrimônio Líquido;REAL;MIL;ÚLTIMO;2025-01-01;2025-12-31;Outros Resultados Abrangentes;5.04.01;Aumentos de Capital;0.0000000000;S
VIVT3;02.558.157/0001-62;2025-12-31;1;TELEFÔNICA BRASIL S.A;017671;DF Consolidado - Demonstração das Mutações do Patrimônio Líquido;REAL;MIL;PENÚLTIMO;2024-01-01;2024-12-31;Patrimônio Líquido;5.04.01;Aumentos de Capital;0.0000000000;S
VIVT3;02.558.157/0001-62;2025-12-31;1;TELEFÔNICA BRASIL S.A;017671;DF Consolidado - Demonstração das Mutações do Patrimônio Líquido;REAL;MIL;ÚLTIMO;2025-01-01;2025-12-31;Patrimônio Líquido;5.04.01;Aumentos de Capital;0.0000000000;S
VIVT3;02.558.157/0001-62;2025-12-31;1;TELEFÔNICA BRASIL S.A;017671;DF Consolidado - Demonstração das Mutações do Patrimônio Líquido;REAL;MIL;PENÚLTIMO;2024-01-01;2024-12-31;Participação dos Não Controladores;5.04.01;Aumentos de Capital;0.0000000000;S
VIVT3;02.558.157/0001-62;2025-12-31;1;TELEFÔNICA BRASIL S.A;017671;DF Consolidado - Demonstração das Mutações do Patrimônio Líquido;REAL;MIL;ÚLTIMO;2025-01-01;2025-12-31;Participação dos Não Controladores;5.04.01;Aumentos de Capital;0.0000000000;S
VIVT3;02.558.157/0001-62;2025-12-31;1;TELEFÔNICA BRASIL S.A;017671;DF Consolidado - Demonstração das Mutações do Patrimônio Líquido;REAL;MIL;PENÚLTIMO;2024-01-01;2024-12-31;Patrimônio Líquido Consolidado;5.04.01;Aumentos de Capital;0.0000000000;S
VIVT3;02.558.157/0001-62;2025-12-31;1;TELEFÔNICA BRASIL S.A;017671;DF Consolidado - Demonstração das Mutações do Patrimônio Líquido;REAL;MIL;ÚLTIMO;2025-01-01;2025-12-31;Patrimônio Líquido Consolidado;5.04.01;Aumentos de Capital;0.0000000000;S
VIVT3;02.558.157/0001-62;2025-12-31;1;TELEFÔNICA BRASIL S.A;017671;DF Consolidado - Demonstração das Mutações do Patrimônio Líquido;REAL;MIL;PENÚLTIMO;2024-01-01;2024-12-31;Capital Social Integralizado;5.04.02;Gastos com Emissão de Ações;0.0000000000;S
VIVT3;02.558.157/0001-62;2025-12-31;1;TELEFÔNICA BRASIL S.A;017671;DF Consolidado - Demonstração das Mutações do Patrimônio Líquido;REAL;MIL;ÚLTIMO;2025-01-01;2025-12-31;Capital Social Integralizado;5.04.02;Gastos com Emissão de Ações;0.0000000000;S
VIVT3;02.558.157/0001-62;2025-12-31;1;TELEFÔNICA BRASIL S.A;017671;DF Consolidado - Demonstração das Mutações do Patrimônio Líquido;REAL;MIL;PENÚLTIMO;2024-01-01;2024-12-31;Reservas de Capital, Opções Outorgadas e Ações em Tesouraria;5.04.02;Gastos com Emissão de Ações;0.0000000000;S
VIVT3;02.558.157/0001-62;2025-12-31;1;TELEFÔNICA BRASIL S.A;017671;DF Consolidado - Demonstração das Mutações do Patrimônio Líquido;REAL;MIL;ÚLTIMO;2025-01-01;2025-12-31;Reservas de Capital, Opções Outorgadas e Ações em Tesouraria;5.04.02;Gastos com Emissão de Ações;0.0000000000;S
VIVT3;02.558.157/0001-62;2025-12-31;1;TELEFÔNICA BRASIL S.A;017671;DF Consolidado - Demonstração das Mutações do Patrimônio Líquido;REAL;MIL;PENÚLTIMO;2024-01-01;2024-12-31;Reservas de Lucro;5.04.02;Gastos com Emissão de Ações;0.0000000000;S
VIVT3;02.558.157/0001-62;2025-12-31;1;TELEFÔNICA BRASIL S.A;017671;DF Consolidado - Demonstração das Mutações do Patrimônio Líquido;REAL;MIL;ÚLTIMO;2025-01-01;2025-12-31;Reservas de Lucro;5.04.02;Gastos com Emissão de Ações;0.0000000000;S
VIVT3;02.558.157/0001-62;2025-12-31;1;TELEFÔNICA BRASIL S.A;017671;DF Consolidado - Demonstração das Mutações do Patrimônio Líquido;REAL;MIL;PENÚLTIMO;2024-01-01;2024-12-31;Lucros ou Prejuízos Acumulados;5.04.02;Gastos com Emissão de Ações;0.0000000000;S
VIVT3;02.558.157/0001-62;2025-12-31;1;TELEFÔNICA BRASIL S.A;017671;DF Consolidado - Demonstração das Mutações do Patrimônio Líquido;REAL;MIL;ÚLTIMO;2025-01-01;2025-12-31;Lucros ou Prejuízos Acumulados;5.04.02;Gastos com Emissão de Ações;0.0000000000;S
VIVT3;02.558.157/0001-62;2025-12-31;1;TELEFÔNICA BRASIL S.A;017671;DF Consolidado - Demonstração das Mutações do Patrimônio Líquido;REAL;MIL;PENÚLTIMO;2024-01-01;2024-12-31;Outros Resultados Abrangentes;5.04.02;Gastos com Emissão de Ações;0.0000000000;S
VIVT3;02.558.157/0001-62;2025-12-31;1;TELEFÔNICA BRASIL S.A;017671;DF Consolidado - Demonstração das Mutações do Patrimônio Líquido;REAL;MIL;ÚLTIMO;2025-01-01;2025-12-31;Outros Resultados Abrangentes;5.04.02;Gastos com Emissão de Ações;0.0000000000;S
VIVT3;02.558.157/0001-62;2025-12-31;1;TELEFÔNICA BRASIL S.A;017671;DF Consolidado - Demonstração das Mutações do Patrimônio Líquido;REAL;MIL;PENÚLTIMO;2024-01-01;2024-12-31;Patrimônio Líquido;5.04.02;Gastos com Emissão de Ações;0.0000000000;S
VIVT3;02.558.157/0001-62;2025-12-31;1;TELEFÔNICA BRASIL S.A;017671;DF Consolidado - Demonstração das Mutações do Patrimônio Líquido;REAL;MIL;ÚLTIMO;2025-01-01;2025-12-31;Patrimônio Líquido;5.04.02;Gastos com Emissão de Ações;0.0000000000;S
VIVT3;02.558.157/0001-62;2025-12-31;1;TELEFÔNICA BRASIL S.A;017671;DF Consolidado - Demonstração das Mutações do Patrimônio Líquido;REAL;MIL;PENÚLTIMO;2024-01-01;2024-12-31;Participação dos Não Controladores;5.04.02;Gastos com Emissão de Ações;0.0000000000;S
VIVT3;02.558.157/0001-62;2025-12-31;1;TELEFÔNICA BRASIL S.A;017671;DF Consolidado - Demonstração das Mutações do Patrimônio Líquido;REAL;MIL;ÚLTIMO;2025-01-01;2025-12-31;Participação dos Não Controladores;5.04.02;Gastos com Emissão de Ações;0.0000000000;S
VIVT3;02.558.157/0001-62;2025-12-31;1;TELEFÔNICA BRASIL S.A;017671;DF Consolidado - Demonstração das Mutações do Patrimônio Líquido;REAL;MIL;PENÚLTIMO;2024-01-01;2024-12-31;Patrimônio Líquido Consolidado;5.04.02;Gastos com Emissão de Ações;0.0000000000;S
VIVT3;02.558.157/0001-62;2025-12-31;1;TELEFÔNICA BRASIL S.A;017671;DF Consolidado - Demonstração das Mutações do Patrimônio Líquido;REAL;MIL;ÚLTIMO;2025-01-01;2025-12-31;Patrimônio Líquido Consolidado;5.04.02;Gastos com Emissão de Ações;0.0000000000;S
VIVT3;02.558.157/0001-62;2025-12-31;1;TELEFÔNICA BRASIL S.A;017671;DF Consolidado - Demonstração das Mutações do Patrimônio Líquido;REAL;MIL;PENÚLTIMO;2024-01-01;2024-12-31;Capital Social Integralizado;5.04.03;Opções Outorgadas Reconhecidas;0.0000000000;S
VIVT3;02.558.157/0001-62;2025-12-31;1;TELEFÔNICA BRASIL S.A;017671;DF Consolidado - Demonstração das Mutações do Patrimônio Líquido;REAL;MIL;ÚLTIMO;2025-01-01;2025-12-31;Capital Social Integralizado;5.04.03;Opções Outorgadas Reconhecidas;0.0000000000;S
VIVT3;02.558.157/0001-62;2025-12-31;1;TELEFÔNICA BRASIL S.A;017671;DF Consolidado - Demonstração das Mutações do Patrimônio Líquido;REAL;MIL;PENÚLTIMO;2024-01-01;2024-12-31;Reservas de Capital, Opções Outorgadas e Ações em Tesouraria;5.04.03;Opções Outorgadas Reconhecidas;0.0000000000;S
VIVT3;02.558.157/0001-62;2025-12-31;1;TELEFÔNICA BRASIL S.A;017671;DF Consolidado - Demonstração das Mutações do Patrimônio Líquido;REAL;MIL;ÚLTIMO;2025-01-01;2025-12-31;Reservas de Capital, Opções Outorgadas e Ações em Tesouraria;5.04.03;Opções Outorgadas Reconhecidas;0.0000000000;S
VIVT3;02.558.157/0001-62;2025-12-31;1;TELEFÔNICA BRASIL S.A;017671;DF Consolidado - Demonstração das Mutações do Patrimônio Líquido;REAL;MIL;PENÚLTIMO;2024-01-01;2024-12-31;Reservas de Lucro;5.04.03;Opções Outorgadas Reconhecidas;0.0000000000;S
VIVT3;02.558.157/0001-62;2025-12-31;1;TELEFÔNICA BRASIL S.A;017671;DF Consolidado - Demonstração das Mutações do Patrimônio Líquido;REAL;MIL;ÚLTIMO;2025-01-01;2025-12-31;Reservas de Lucro;5.04.03;Opções Outorgadas Reconhecidas;0.0000000000;S
VIVT3;02.558.157/0001-62;2025-12-31;1;TELEFÔNICA BRASIL S.A;017671;DF Consolidado - Demonstração das Mutações do Patrimônio Líquido;REAL;MIL;PENÚLTIMO;2024-01-01;2024-12-31;Lucros ou Prejuízos Acumulados;5.04.03;Opções Outorgadas Reconhecidas;0.0000000000;S
VIVT3;02.558.157/0001-62;2025-12-31;1;TELEFÔNICA BRASIL S.A;017671;DF Consolidado - Demonstração das Mutações do Patrimônio Líquido;REAL;MIL;ÚLTIMO;2025-01-01;2025-12-31;Lucros ou Prejuízos Acumulados;5.04.03;Opções Outorgadas Reconhecidas;0.0000000000;S
VIVT3;02.558.157/0001-62;2025-12-31;1;TELEFÔNICA BRASIL S.A;017671;DF Consolidado - Demonstração das Mutações do Patrimônio Líquido;REAL;MIL;PENÚLTIMO;2024-01-01;2024-12-31;Outros Resultados Abrangentes;5.04.03;Opções Outorgadas Reconhecidas;0.0000000000;S
VIVT3;02.558.157/0001-62;2025-12-31;1;TELEFÔNICA BRASIL S.A;017671;DF Consolidado - Demonstração das Mutações do Patrimônio Líquido;REAL;MIL;ÚLTIMO;2025-01-01;2025-12-31;Outros Resultados Abrangentes;5.04.03;Opções Outorgadas Reconhecidas;0.0000000000;S
VIVT3;02.558.157/0001-62;2025-12-31;1;TELEFÔNICA BRASIL S.A;017671;DF Consolidado - Demonstração das Mutações do Patrimônio Líquido;REAL;MIL;PENÚLTIMO;2024-01-01;2024-12-31;Patrimônio Líquido;5.04.03;Opções Outorgadas Reconhecidas;0.0000000000;S
VIVT3;02.558.157/0001-62;2025-12-31;1;TELEFÔNICA BRASIL S.A;017671;DF Consolidado - Demonstração das Mutações do Patrimônio Líquido;REAL;MIL;ÚLTIMO;2025-01-01;2025-12-31;Patrimônio Líquido;5.04.03;Opções Outorgadas Reconhecidas;0.0000000000;S
VIVT3;02.558.157/0001-62;2025-12-31;1;TELEFÔNICA BRASIL S.A;017671;DF Consolidado - Demonstração das Mutações do Patrimônio Líquido;REAL;MIL;PENÚLTIMO;2024-01-01;2024-12-31;Participação dos Não Controladores;5.04.03;Opções Outorgadas Reconhecidas;0.0000000000;S
VIVT3;02.558.157/0001-62;2025-12-31;1;TELEFÔNICA BRASIL S.A;017671;DF Consolidado - Demonstração das Mutações do Patrimônio Líquido;REAL;MIL;ÚLTIMO;2025-01-01;2025-12-31;Participação dos Não Controladores;5.04.03;Opções Outorgadas Reconhecidas;0.0000000000;S
VIVT3;02.558.157/0001-62;2025-12-31;1;TELEFÔNICA BRASIL S.A;017671;DF Consolidado - Demonstração das Mutações do Patrimônio Líquido;REAL;MIL;PENÚLTIMO;2024-01-01;2024-12-31;Patrimônio Líquido Consolidado;5.04.03;Opções Outorgadas Reconhecidas;0.0000000000;S
VIVT3;02.558.157/0001-62;2025-12-31;1;TELEFÔNICA BRASIL S.A;017671;DF Consolidado - Demonstração das Mutações do Patrimônio Líquido;REAL;MIL;ÚLTIMO;2025-01-01;2025-12-31;Patrimônio Líquido Consolidado;5.04.03;Opções Outorgadas Reconhecidas;0.0000000000;S
VIVT3;02.558.157/0001-62;2025-12-31;1;TELEFÔNICA BRASIL S.A;017671;DF Consolidado - Demonstração das Mutações do Patrimônio Líquido;REAL;MIL;PENÚLTIMO;2024-01-01;2024-12-31;Capital Social Integralizado;5.04.04;Ações em Tesouraria Adquiridas;0.0000000000;S
VIVT3;02.558.157/0001-62;2025-12-31;1;TELEFÔNICA BRASIL S.A;017671;DF Consolidado - Demonstração das Mutações do Patrimônio Líquido;REAL;MIL;ÚLTIMO;2025-01-01;2025-12-31;Capital Social Integralizado;5.04.04;Ações em Tesouraria Adquiridas;0.0000000000;S
VIVT3;02.558.157/0001-62;2025-12-31;1;TELEFÔNICA BRASIL S.A;017671;DF Consolidado - Demonstração das Mutações do Patrimônio Líquido;REAL;MIL;PENÚLTIMO;2024-01-01;2024-12-31;Reservas de Capital, Opções Outorgadas e Ações em Tesouraria;5.04.04;Ações em Tesouraria Adquiridas;0.0000000000;S
VIVT3;02.558.157/0001-62;2025-12-31;1;TELEFÔNICA BRASIL S.A;017671;DF Consolidado - Demonstração das Mutações do Patrimônio Líquido;REAL;MIL;ÚLTIMO;2025-01-01;2025-12-31;Reservas de Capital, Opções Outorgadas e Ações em Tesouraria;5.04.04;Ações em Tesouraria Adquiridas;0.0000000000;S
VIVT3;02.558.157/0001-62;2025-12-31;1;TELEFÔNICA BRASIL S.A;017671;DF Consolidado - Demonstração das Mutações do Patrimônio Líquido;REAL;MIL;PENÚLTIMO;2024-01-01;2024-12-31;Reservas de Lucro;5.04.04;Ações em Tesouraria Adquiridas;0.0000000000;S
VIVT3;02.558.157/0001-62;2025-12-31;1;TELEFÔNICA BRASIL S.A;017671;DF Consolidado - Demonstração das Mutações do Patrimônio Líquido;REAL;MIL;ÚLTIMO;2025-01-01;2025-12-31;Reservas de Lucro;5.04.04;Ações em Tesouraria Adquiridas;0.0000000000;S
VIVT3;02.558.157/0001-62;2025-12-31;1;TELEFÔNICA BRASIL S.A;017671;DF Consolidado - Demonstração das Mutações do Patrimônio Líquido;REAL;MIL;PENÚLTIMO;2024-01-01;2024-12-31;Lucros ou Prejuízos Acumulados;5.04.04;Ações em Tesouraria Adquiridas;0.0000000000;S
VIVT3;02.558.157/0001-62;2025-12-31;1;TELEFÔNICA BRASIL S.A;017671;DF Consolidado - Demonstração das Mutações do Patrimônio Líquido;REAL;MIL;ÚLTIMO;2025-01-01;2025-12-31;Lucros ou Prejuízos Acumulados;5.04.04;Ações em Tesouraria Adquiridas;0.0000000000;S
VIVT3;02.558.157/0001-62;2025-12-31;1;TELEFÔNICA BRASIL S.A;017671;DF Consolidado - Demonstração das Mutações do Patrimônio Líquido;REAL;MIL;PENÚLTIMO;2024-01-01;2024-12-31;Outros Resultados Abrangentes;5.04.04;Ações em Tesouraria Adquiridas;0.0000000000;S
VIVT3;02.558.157/0001-62;2025-12-31;1;TELEFÔNICA BRASIL S.A;017671;DF Consolidado - Demonstração das Mutações do Patrimônio Líquido;REAL;MIL;ÚLTIMO;2025-01-01;2025-12-31;Outros Resultados Abrangentes;5.04.04;Ações em Tesouraria Adquiridas;0.0000000000;S
VIVT3;02.558.157/0001-62;2025-12-31;1;TELEFÔNICA BRASIL S.A;017671;DF Consolidado - Demonstração das Mutações do Patrimônio Líquido;REAL;MIL;PENÚLTIMO;2024-01-01;2024-12-31;Patrimônio Líquido;5.04.04;Ações em Tesouraria Adquiridas;0.0000000000;S
VIVT3;02.558.157/0001-62;2025-12-31;1;TELEFÔNICA BRASIL S.A;017671;DF Consolidado - Demonstração das Mutações do Patrimônio Líquido;REAL;MIL;ÚLTIMO;2025-01-01;2025-12-31;Patrimônio Líquido;5.04.04;Ações em Tesouraria Adquiridas;0.0000000000;S
VIVT3;02.558.157/0001-62;2025-12-31;1;TELEFÔNICA BRASIL S.A;017671;DF Consolidado - Demonstração das Mutações do Patrimônio Líquido;REAL;MIL;PENÚLTIMO;2024-01-01;2024-12-31;Participação dos Não Controladores;5.04.04;Ações em Tesouraria Adquiridas;0.0000000000;S
VIVT3;02.558.157/0001-62;2025-12-31;1;TELEFÔNICA BRASIL S.A;017671;DF Consolidado - Demonstração das Mutações do Patrimônio Líquido;REAL;MIL;ÚLTIMO;2025-01-01;2025-12-31;Participação dos Não Controladores;5.04.04;Ações em Tesouraria Adquiridas;0.0000000000;S
VIVT3;02.558.157/0001-62;2025-12-31;1;TELEFÔNICA BRASIL S.A;017671;DF Consolidado - Demonstração das Mutações do Patrimônio Líquido;REAL;MIL;PENÚLTIMO;2024-01-01;2024-12-31;Patrimônio Líquido Consolidado;5.04.04;Ações em Tesouraria Adquiridas;0.0000000000;S
VIVT3;02.558.157/0001-62;2025-12-31;1;TELEFÔNICA BRASIL S.A;017671;DF Consolidado - Demonstração das Mutações do Patrimônio Líquido;REAL;MIL;ÚLTIMO;2025-01-01;2025-12-31;Patrimônio Líquido Consolidado;5.04.04;Ações em Tesouraria Adquiridas;0.0000000000;S
VIVT3;02.558.157/0001-62;2025-12-31;1;TELEFÔNICA BRASIL S.A;017671;DF Consolidado - Demonstração das Mutações do Patrimônio Líquido;REAL;MIL;PENÚLTIMO;2024-01-01;2024-12-31;Capital Social Integralizado;5.04.05;Ações em Tesouraria Vendidas;0.0000000000;S
VIVT3;02.558.157/0001-62;2025-12-31;1;TELEFÔNICA BRASIL S.A;017671;DF Consolidado - Demonstração das Mutações do Patrimônio Líquido;REAL;MIL;ÚLTIMO;2025-01-01;2025-12-31;Capital Social Integralizado;5.04.05;Ações em Tesouraria Vendidas;0.0000000000;S
VIVT3;02.558.157/0001-62;2025-12-31;1;TELEFÔNICA BRASIL S.A;017671;DF Consolidado - Demonstração das Mutações do Patrimônio Líquido;REAL;MIL;PENÚLTIMO;2024-01-01;2024-12-31;Reservas de Capital, Opções Outorgadas e Ações em Tesouraria;5.04.05;Ações em Tesouraria Vendidas;0.0000000000;S
VIVT3;02.558.157/0001-62;2025-12-31;1;TELEFÔNICA BRASIL S.A;017671;DF Consolidado - Demonstração das Mutações do Patrimônio Líquido;REAL;MIL;ÚLTIMO;2025-01-01;2025-12-31;Reservas de Capital, Opções Outorgadas e Ações em Tesouraria;5.04.05;Ações em Tesouraria Vendidas;0.0000000000;S
VIVT3;02.558.157/0001-62;2025-12-31;1;TELEFÔNICA BRASIL S.A;017671;DF Consolidado - Demonstração das Mutações do Patrimônio Líquido;REAL;MIL;PENÚLTIMO;2024-01-01;2024-12-31;Reservas de Lucro;5.04.05;Ações em Tesouraria Vendidas;0.0000000000;S
VIVT3;02.558.157/0001-62;2025-12-31;1;TELEFÔNICA BRASIL S.A;017671;DF Consolidado - Demonstração das Mutações do Patrimônio Líquido;REAL;MIL;ÚLTIMO;2025-01-01;2025-12-31;Reservas de Lucro;5.04.05;Ações em Tesouraria Vendidas;0.0000000000;S
VIVT3;02.558.157/0001-62;2025-12-31;1;TELEFÔNICA BRASIL S.A;017671;DF Consolidado - Demonstração das Mutações do Patrimônio Líquido;REAL;MIL;PENÚLTIMO;2024-01-01;2024-12-31;Lucros ou Prejuízos Acumulados;5.04.05;Ações em Tesouraria Vendidas;0.0000000000;S
VIVT3;02.558.157/0001-62;2025-12-31;1;TELEFÔNICA BRASIL S.A;017671;DF Consolidado - Demonstração das Mutações do Patrimônio Líquido;REAL;MIL;ÚLTIMO;2025-01-01;2025-12-31;Lucros ou Prejuízos Acumulados;5.04.05;Ações em Tesouraria Vendidas;0.0000000000;S
VIVT3;02.558.157/0001-62;2025-12-31;1;TELEFÔNICA BRASIL S.A;017671;DF Consolidado - Demonstração das Mutações do Patrimônio Líquido;REAL;MIL;PENÚLTIMO;2024-01-01;2024-12-31;Outros Resultados Abrangentes;5.04.05;Ações em Tesouraria Vendidas;0.0000000000;S
VIVT3;02.558.157/0001-62;2025-12-31;1;TELEFÔNICA BRASIL S.A;017671;DF Consolidado - Demonstração das Mutações do Patrimônio Líquido;REAL;MIL;ÚLTIMO;2025-01-01;2025-12-31;Outros Resultados Abrangentes;5.04.05;Ações em Tesouraria Vendidas;0.0000000000;S
VIVT3;02.558.157/0001-62;2025-12-31;1;TELEFÔNICA BRASIL S.A;017671;DF Consolidado - Demonstração das Mutações do Patrimônio Líquido;REAL;MIL;PENÚLTIMO;2024-01-01;2024-12-31;Patrimônio Líquido;5.04.05;Ações em Tesouraria Vendidas;0.0000000000;S
VIVT3;02.558.157/0001-62;2025-12-31;1;TELEFÔNICA BRASIL S.A;017671;DF Consolidado - Demonstração das Mutações do Patrimônio Líquido;REAL;MIL;ÚLTIMO;2025-01-01;2025-12-31;Patrimônio Líquido;5.04.05;Ações em Tesouraria Vendidas;0.0000000000;S
VIVT3;02.558.157/0001-62;2025-12-31;1;TELEFÔNICA BRASIL S.A;017671;DF Consolidado - Demonstração das Mutações do Patrimônio Líquido;REAL;MIL;PENÚLTIMO;2024-01-01;2024-12-31;Participação dos Não Controladores;5.04.05;Ações em Tesouraria Vendidas;0.0000000000;S
VIVT3;02.558.157/0001-62;2025-12-31;1;TELEFÔNICA BRASIL S.A;017671;DF Consolidado - Demonstração das Mutações do Patrimônio Líquido;REAL;MIL;ÚLTIMO;2025-01-01;2025-12-31;Participação dos Não Controladores;5.04.05;Ações em Tesouraria Vendidas;0.0000000000;S
VIVT3;02.558.157/0001-62;2025-12-31;1;TELEFÔNICA BRASIL S.A;017671;DF Consolidado - Demonstração das Mutações do Patrimônio Líquido;REAL;MIL;PENÚLTIMO;2024-01-01;2024-12-31;Patrimônio Líquido Consolidado;5.04.05;Ações em Tesouraria Vendidas;0.0000000000;S
VIVT3;02.558.157/0001-62;2025-12-31;1;TELEFÔNICA BRASIL S.A;017671;DF Consolidado - Demonstração das Mutações do Patrimônio Líquido;REAL;MIL;ÚLTIMO;2025-01-01;2025-12-31;Patrimônio Líquido Consolidado;5.04.05;Ações em Tesouraria Vendidas;0.0000000000;S
VIVT3;02.558.157/0001-62;2025-12-31;1;TELEFÔNICA BRASIL S.A;017671;DF Consolidado - Demonstração das Mutações do Patrimônio Líquido;REAL;MIL;PENÚLTIMO;2024-01-01;2024-12-31;Capital Social Integralizado;5.04.06;Dividendos;0.0000000000;S
VIVT3;02.558.157/0001-62;2025-12-31;1;TELEFÔNICA BRASIL S.A;017671;DF Consolidado - Demonstração das Mutações do Patrimônio Líquido;REAL;MIL;ÚLTIMO;2025-01-01;2025-12-31;Capital Social Integralizado;5.04.06;Dividendos;0.0000000000;S
VIVT3;02.558.157/0001-62;2025-12-31;1;TELEFÔNICA BRASIL S.A;017671;DF Consolidado - Demonstração das Mutações do Patrimônio Líquido;REAL;MIL;PENÚLTIMO;2024-01-01;2024-12-31;Reservas de Capital, Opções Outorgadas e Ações em Tesouraria;5.04.06;Dividendos;0.0000000000;S
VIVT3;02.558.157/0001-62;2025-12-31;1;TELEFÔNICA BRASIL S.A;017671;DF Consolidado - Demonstração das Mutações do Patrimônio Líquido;REAL;MIL;ÚLTIMO;2025-01-01;2025-12-31;Reservas de Capital, Opções Outorgadas e Ações em Tesouraria;5.04.06;Dividendos;0.0000000000;S
VIVT3;02.558.157/0001-62;2025-12-31;1;TELEFÔNICA BRASIL S.A;017671;DF Consolidado - Demonstração das Mutações do Patrimônio Líquido;REAL;MIL;PENÚLTIMO;2024-01-01;2024-12-31;Reservas de Lucro;5.04.06;Dividendos;0.0000000000;S
VIVT3;02.558.157/0001-62;2025-12-31;1;TELEFÔNICA BRASIL S.A;017671;DF Consolidado - Demonstração das Mutações do Patrimônio Líquido;REAL;MIL;ÚLTIMO;2025-01-01;2025-12-31;Reservas de Lucro;5.04.06;Dividendos;0.0000000000;S
VIVT3;02.558.157/0001-62;2025-12-31;1;TELEFÔNICA BRASIL S.A;017671;DF Consolidado - Demonstração das Mutações do Patrimônio Líquido;REAL;MIL;PENÚLTIMO;2024-01-01;2024-12-31;Lucros ou Prejuízos Acumulados;5.04.06;Dividendos;0.0000000000;S
VIVT3;02.558.157/0001-62;2025-12-31;1;TELEFÔNICA BRASIL S.A;017671;DF Consolidado - Demonstração das Mutações do Patrimônio Líquido;REAL;MIL;ÚLTIMO;2025-01-01;2025-12-31;Lucros ou Prejuízos Acumulados;5.04.06;Dividendos;0.0000000000;S
VIVT3;02.558.157/0001-62;2025-12-31;1;TELEFÔNICA BRASIL S.A;017671;DF Consolidado - Demonstração das Mutações do Patrimônio Líquido;REAL;MIL;PENÚLTIMO;2024-01-01;2024-12-31;Outros Resultados Abrangentes;5.04.06;Dividendos;0.0000000000;S
VIVT3;02.558.157/0001-62;2025-12-31;1;TELEFÔNICA BRASIL S.A;017671;DF Consolidado - Demonstração das Mutações do Patrimônio Líquido;REAL;MIL;ÚLTIMO;2025-01-01;2025-12-31;Outros Resultados Abrangentes;5.04.06;Dividendos;0.0000000000;S
VIVT3;02.558.157/0001-62;2025-12-31;1;TELEFÔNICA BRASIL S.A;017671;DF Consolidado - Demonstração das Mutações do Patrimônio Líquido;REAL;MIL;PENÚLTIMO;2024-01-01;2024-12-31;Patrimônio Líquido;5.04.06;Dividendos;0.0000000000;S
VIVT3;02.558.157/0001-62;2025-12-31;1;TELEFÔNICA BRASIL S.A;017671;DF Consolidado - Demonstração das Mutações do Patrimônio Líquido;REAL;MIL;ÚLTIMO;2025-01-01;2025-12-31;Patrimônio Líquido;5.04.06;Dividendos;0.0000000000;S
VIVT3;02.558.157/0001-62;2025-12-31;1;TELEFÔNICA BRASIL S.A;017671;DF Consolidado - Demonstração das Mutações do Patrimônio Líquido;REAL;MIL;PENÚLTIMO;2024-01-01;2024-12-31;Participação dos Não Controladores;5.04.06;Dividendos;0.0000000000;S
VIVT3;02.558.157/0001-62;2025-12-31;1;TELEFÔNICA BRASIL S.A;017671;DF Consolidado - Demonstração das Mutações do Patrimônio Líquido;REAL;MIL;ÚLTIMO;2025-01-01;2025-12-31;Participação dos Não Controladores;5.04.06;Dividendos;0.0000000000;S
VIVT3;02.558.157/0001-62;2025-12-31;1;TELEFÔNICA BRASIL S.A;017671;DF Consolidado - Demonstração das Mutações do Patrimônio Líquido;REAL;MIL;PENÚLTIMO;2024-01-01;2024-12-31;Patrimônio Líquido Consolidado;5.04.06;Dividendos;0.0000000000;S
VIVT3;02.558.157/0001-62;2025-12-31;1;TELEFÔNICA BRASIL S.A;017671;DF Consolidado - Demonstração das Mutações do Patrimônio Líquido;REAL;MIL;ÚLTIMO;2025-01-01;2025-12-31;Patrimônio Líquido Consolidado;5.04.06;Dividendos;0.0000000000;S
VIVT3;02.558.157/0001-62;2025-12-31;1;TELEFÔNICA BRASIL S.A;017671;DF Consolidado - Demonstração das Mutações do Patrimônio Líquido;REAL;MIL;PENÚLTIMO;2024-01-01;2024-12-31;Capital Social Integralizado;5.04.07;Juros sobre Capital Próprio;0.0000000000;S
VIVT3;02.558.157/0001-62;2025-12-31;1;TELEFÔNICA BRASIL S.A;017671;DF Consolidado - Demonstração das Mutações do Patrimônio Líquido;REAL;MIL;ÚLTIMO;2025-01-01;2025-12-31;Capital Social Integralizado;5.04.07;Juros sobre Capital Próprio;0.0000000000;S
VIVT3;02.558.157/0001-62;2025-12-31;1;TELEFÔNICA BRASIL S.A;017671;DF Consolidado - Demonstração das Mutações do Patrimônio Líquido;REAL;MIL;PENÚLTIMO;2024-01-01;2024-12-31;Reservas de Capital, Opções Outorgadas e Ações em Tesouraria;5.04.07;Juros sobre Capital Próprio;0.0000000000;S
VIVT3;02.558.157/0001-62;2025-12-31;1;TELEFÔNICA BRASIL S.A;017671;DF Consolidado - Demonstração das Mutações do Patrimônio Líquido;REAL;MIL;ÚLTIMO;2025-01-01;2025-12-31;Reservas de Capital, Opções Outorgadas e Ações em Tesouraria;5.04.07;Juros sobre Capital Próprio;0.0000000000;S
VIVT3;02.558.157/0001-62;2025-12-31;1;TELEFÔNICA BRASIL S.A;017671;DF Consolidado - Demonstração das Mutações do Patrimônio Líquido;REAL;MIL;PENÚLTIMO;2024-01-01;2024-12-31;Reservas de Lucro;5.04.07;Juros sobre Capital Próprio;0.0000000000;S
VIVT3;02.558.157/0001-62;2025-12-31;1;TELEFÔNICA BRASIL S.A;017671;DF Consolidado - Demonstração das Mutações do Patrimônio Líquido;REAL;MIL;ÚLTIMO;2025-01-01;2025-12-31;Reservas de Lucro;5.04.07;Juros sobre Capital Próprio;0.0000000000;S
VIVT3;02.558.157/0001-62;2025-12-31;1;TELEFÔNICA BRASIL S.A;017671;DF Consolidado - Demonstração das Mutações do Patrimônio Líquido;REAL;MIL;PENÚLTIMO;2024-01-01;2024-12-31;Lucros ou Prejuízos Acumulados;5.04.07;Juros sobre Capital Próprio;-3105000.0000000000;S
VIVT3;02.558.157/0001-62;2025-12-31;1;TELEFÔNICA BRASIL S.A;017671;DF Consolidado - Demonstração das Mutações do Patrimônio Líquido;REAL;MIL;ÚLTIMO;2025-01-01;2025-12-31;Lucros ou Prejuízos Acumulados;5.04.07;Juros sobre Capital Próprio;-3370000.0000000000;S
VIVT3;02.558.157/0001-62;2025-12-31;1;TELEFÔNICA BRASIL S.A;017671;DF Consolidado - Demonstração das Mutações do Patrimônio Líquido;REAL;MIL;PENÚLTIMO;2024-01-01;2024-12-31;Outros Resultados Abrangentes;5.04.07;Juros sobre Capital Próprio;0.0000000000;S
VIVT3;02.558.157/0001-62;2025-12-31;1;TELEFÔNICA BRASIL S.A;017671;DF Consolidado - Demonstração das Mutações do Patrimônio Líquido;REAL;MIL;ÚLTIMO;2025-01-01;2025-12-31;Outros Resultados Abrangentes;5.04.07;Juros sobre Capital Próprio;0.0000000000;S
VIVT3;02.558.157/0001-62;2025-12-31;1;TELEFÔNICA BRASIL S.A;017671;DF Consolidado - Demonstração das Mutações do Patrimônio Líquido;REAL;MIL;PENÚLTIMO;2024-01-01;2024-12-31;Patrimônio Líquido;5.04.07;Juros sobre Capital Próprio;-3105000.0000000000;S
VIVT3;02.558.157/0001-62;2025-12-31;1;TELEFÔNICA BRASIL S.A;017671;DF Consolidado - Demonstração das Mutações do Patrimônio Líquido;REAL;MIL;ÚLTIMO;2025-01-01;2025-12-31;Patrimônio Líquido;5.04.07;Juros sobre Capital Próprio;-3370000.0000000000;S
VIVT3;02.558.157/0001-62;2025-12-31;1;TELEFÔNICA BRASIL S.A;017671;DF Consolidado - Demonstração das Mutações do Patrimônio Líquido;REAL;MIL;PENÚLTIMO;2024-01-01;2024-12-31;Participação dos Não Controladores;5.04.07;Juros sobre Capital Próprio;-1975.0000000000;S
VIVT3;02.558.157/0001-62;2025-12-31;1;TELEFÔNICA BRASIL S.A;017671;DF Consolidado - Demonstração das Mutações do Patrimônio Líquido;REAL;MIL;ÚLTIMO;2025-01-01;2025-12-31;Participação dos Não Controladores;5.04.07;Juros sobre Capital Próprio;0.0000000000;S
VIVT3;02.558.157/0001-62;2025-12-31;1;TELEFÔNICA BRASIL S.A;017671;DF Consolidado - Demonstração das Mutações do Patrimônio Líquido;REAL;MIL;PENÚLTIMO;2024-01-01;2024-12-31;Patrimônio Líquido Consolidado;5.04.07;Juros sobre Capital Próprio;-3106975.0000000000;S
VIVT3;02.558.157/0001-62;2025-12-31;1;TELEFÔNICA BRASIL S.A;017671;DF Consolidado - Demonstração das Mutações do Patrimônio Líquido;REAL;MIL;ÚLTIMO;2025-01-01;2025-12-31;Patrimônio Líquido Consolidado;5.04.07;Juros sobre Capital Próprio;-3370000.0000000000;S
VIVT3;02.558.157/0001-62;2025-12-31;1;TELEFÔNICA BRASIL S.A;017671;DF Consolidado - Demonstração das Mutações do Patrimônio Líquido;REAL;MIL;PENÚLTIMO;2024-01-01;2024-12-31;Capital Social Integralizado;5.04.08;Dividendo Adicional Proposto do Exercício de 2020;0.0000000000;N
VIVT3;02.558.157/0001-62;2025-12-31;1;TELEFÔNICA BRASIL S.A;017671;DF Consolidado - Demonstração das Mutações do Patrimônio Líquido;REAL;MIL;ÚLTIMO;2025-01-01;2025-12-31;Capital Social Integralizado;5.04.08;Dividendo Adicional Proposto do Exercício de 2024;0.0000000000;N
VIVT3;02.558.157/0001-62;2025-12-31;1;TELEFÔNICA BRASIL S.A;017671;DF Consolidado - Demonstração das Mutações do Patrimônio Líquido;REAL;MIL;PENÚLTIMO;2024-01-01;2024-12-31;Reservas de Capital, Opções Outorgadas e Ações em Tesouraria;5.04.08;Dividendo Adicional Proposto do Exercício de 2020;0.0000000000;N
VIVT3;02.558.157/0001-62;2025-12-31;1;TELEFÔNICA BRASIL S.A;017671;DF Consolidado - Demonstração das Mutações do Patrimônio Líquido;REAL;MIL;ÚLTIMO;2025-01-01;2025-12-31;Reservas de Capital, Opções Outorgadas e Ações em Tesouraria;5.04.08;Dividendo Adicional Proposto do Exercício de 2024;0.0000000000;N
VIVT3;02.558.157/0001-62;2025-12-31;1;TELEFÔNICA BRASIL S.A;017671;DF Consolidado - Demonstração das Mutações do Patrimônio Líquido;REAL;MIL;PENÚLTIMO;2024-01-01;2024-12-31;Reservas de Lucro;5.04.08;Dividendo Adicional Proposto do Exercício de 2020;0.0000000000;N
VIVT3;02.558.157/0001-62;2025-12-31;1;TELEFÔNICA BRASIL S.A;017671;DF Consolidado - Demonstração das Mutações do Patrimônio Líquido;REAL;MIL;ÚLTIMO;2025-01-01;2025-12-31;Reservas de Lucro;5.04.08;Dividendo Adicional Proposto do Exercício de 2024;0.0000000000;N
VIVT3;02.558.157/0001-62;2025-12-31;1;TELEFÔNICA BRASIL S.A;017671;DF Consolidado - Demonstração das Mutações do Patrimônio Líquido;REAL;MIL;PENÚLTIMO;2024-01-01;2024-12-31;Lucros ou Prejuízos Acumulados;5.04.08;Dividendo Adicional Proposto do Exercício de 2020;0.0000000000;N
VIVT3;02.558.157/0001-62;2025-12-31;1;TELEFÔNICA BRASIL S.A;017671;DF Consolidado - Demonstração das Mutações do Patrimônio Líquido;REAL;MIL;ÚLTIMO;2025-01-01;2025-12-31;Lucros ou Prejuízos Acumulados;5.04.08;Dividendo Adicional Proposto do Exercício de 2024;0.0000000000;N
VIVT3;02.558.157/0001-62;2025-12-31;1;TELEFÔNICA BRASIL S.A;017671;DF Consolidado - Demonstração das Mutações do Patrimônio Líquido;REAL;MIL;PENÚLTIMO;2024-01-01;2024-12-31;Outros Resultados Abrangentes;5.04.08;Dividendo Adicional Proposto do Exercício de 2020;0.0000000000;N
VIVT3;02.558.157/0001-62;2025-12-31;1;TELEFÔNICA BRASIL S.A;017671;DF Consolidado - Demonstração das Mutações do Patrimônio Líquido;REAL;MIL;ÚLTIMO;2025-01-01;2025-12-31;Outros Resultados Abrangentes;5.04.08;Dividendo Adicional Proposto do Exercício de 2024;0.0000000000;N
VIVT3;02.558.157/0001-62;2025-12-31;1;TELEFÔNICA BRASIL S.A;017671;DF Consolidado - Demonstração das Mutações do Patrimônio Líquido;REAL;MIL;PENÚLTIMO;2024-01-01;2024-12-31;Patrimônio Líquido;5.04.08;Dividendo Adicional Proposto do Exercício de 2020;0.0000000000;N
VIVT3;02.558.157/0001-62;2025-12-31;1;TELEFÔNICA BRASIL S.A;017671;DF Consolidado - Demonstração das Mutações do Patrimônio Líquido;REAL;MIL;ÚLTIMO;2025-01-01;2025-12-31;Patrimônio Líquido;5.04.08;Dividendo Adicional Proposto do Exercício de 2024;0.0000000000;N
VIVT3;02.558.157/0001-62;2025-12-31;1;TELEFÔNICA BRASIL S.A;017671;DF Consolidado - Demonstração das Mutações do Patrimônio Líquido;REAL;MIL;PENÚLTIMO;2024-01-01;2024-12-31;Participação dos Não Controladores;5.04.08;Dividendo Adicional Proposto do Exercício de 2020;0.0000000000;N
VIVT3;02.558.157/0001-62;2025-12-31;1;TELEFÔNICA BRASIL S.A;017671;DF Consolidado - Demonstração das Mutações do Patrimônio Líquido;REAL;MIL;ÚLTIMO;2025-01-01;2025-12-31;Participação dos Não Controladores;5.04.08;Dividendo Adicional Proposto do Exercício de 2024;0.0000000000;N
VIVT3;02.558.157/0001-62;2025-12-31;1;TELEFÔNICA BRASIL S.A;017671;DF Consolidado - Demonstração das Mutações do Patrimônio Líquido;REAL;MIL;PENÚLTIMO;2024-01-01;2024-12-31;Patrimônio Líquido Consolidado;5.04.08;Dividendo Adicional Proposto do Exercício de 2020;0.0000000000;N
VIVT3;02.558.157/0001-62;2025-12-31;1;TELEFÔNICA BRASIL S.A;017671;DF Consolidado - Demonstração das Mutações do Patrimônio Líquido;REAL;MIL;ÚLTIMO;2025-01-01;2025-12-31;Patrimônio Líquido Consolidado;5.04.08;Dividendo Adicional Proposto do Exercício de 2024;0.0000000000;N
VIVT3;02.558.157/0001-62;2025-12-31;1;TELEFÔNICA BRASIL S.A;017671;DF Consolidado - Demonstração das Mutações do Patrimônio Líquido;REAL;MIL;PENÚLTIMO;2024-01-01;2024-12-31;Capital Social Integralizado;5.04.09;Juros sobre o Capital Próprio e Dividendos Prescritos;0.0000000000;N
VIVT3;02.558.157/0001-62;2025-12-31;1;TELEFÔNICA BRASIL S.A;017671;DF Consolidado - Demonstração das Mutações do Patrimônio Líquido;REAL;MIL;ÚLTIMO;2025-01-01;2025-12-31;Capital Social Integralizado;5.04.09;Juros sobre o Capital Próprio e Dividendos Prescritos;0.0000000000;N
VIVT3;02.558.157/0001-62;2025-12-31;1;TELEFÔNICA BRASIL S.A;017671;DF Consolidado - Demonstração das Mutações do Patrimônio Líquido;REAL;MIL;PENÚLTIMO;2024-01-01;2024-12-31;Reservas de Capital, Opções Outorgadas e Ações em Tesouraria;5.04.09;Juros sobre o Capital Próprio e Dividendos Prescritos;0.0000000000;N
VIVT3;02.558.157/0001-62;2025-12-31;1;TELEFÔNICA BRASIL S.A;017671;DF Consolidado - Demonstração das Mutações do Patrimônio Líquido;REAL;MIL;ÚLTIMO;2025-01-01;2025-12-31;Reservas de Capital, Opções Outorgadas e Ações em Tesouraria;5.04.09;Juros sobre o Capital Próprio e Dividendos Prescritos;0.0000000000;N
VIVT3;02.558.157/0001-62;2025-12-31;1;TELEFÔNICA BRASIL S.A;017671;DF Consolidado - Demonstração das Mutações do Patrimônio Líquido;REAL;MIL;PENÚLTIMO;2024-01-01;2024-12-31;Reservas de Lucro;5.04.09;Juros sobre o Capital Próprio e Dividendos Prescritos;0.0000000000;N
VIVT3;02.558.157/0001-62;2025-12-31;1;TELEFÔNICA BRASIL S.A;017671;DF Consolidado - Demonstração das Mutações do Patrimônio Líquido;REAL;MIL;ÚLTIMO;2025-01-01;2025-12-31;Reservas de Lucro;5.04.09;Juros sobre o Capital Próprio e Dividendos Prescritos;0.0000000000;N
VIVT3;02.558.157/0001-62;2025-12-31;1;TELEFÔNICA BRASIL S.A;017671;DF Consolidado - Demonstração das Mutações do Patrimônio Líquido;REAL;MIL;PENÚLTIMO;2024-01-01;2024-12-31;Lucros ou Prejuízos Acumulados;5.04.09;Juros sobre o Capital Próprio e Dividendos Prescritos;126977.0000000000;N
VIVT3;02.558.157/0001-62;2025-12-31;1;TELEFÔNICA BRASIL S.A;017671;DF Consolidado - Demonstração das Mutações do Patrimônio Líquido;REAL;MIL;ÚLTIMO;2025-01-01;2025-12-31;Lucros ou Prejuízos Acumulados;5.04.09;Juros sobre o Capital Próprio e Dividendos Prescritos;150553.0000000000;N
VIVT3;02.558.157/0001-62;2025-12-31;1;TELEFÔNICA BRASIL S.A;017671;DF Consolidado - Demonstração das Mutações do Patrimônio Líquido;REAL;MIL;PENÚLTIMO;2024-01-01;2024-12-31;Outros Resultados Abrangentes;5.04.09;Juros sobre o Capital Próprio e Dividendos Prescritos;0.0000000000;N
VIVT3;02.558.157/0001-62;2025-12-31;1;TELEFÔNICA BRASIL S.A;017671;DF Consolidado - Demonstração das Mutações do Patrimônio Líquido;REAL;MIL;ÚLTIMO;2025-01-01;2025-12-31;Outros Resultados Abrangentes;5.04.09;Juros sobre o Capital Próprio e Dividendos Prescritos;0.0000000000;N
VIVT3;02.558.157/0001-62;2025-12-31;1;TELEFÔNICA BRASIL S.A;017671;DF Consolidado - Demonstração das Mutações do Patrimônio Líquido;REAL;MIL;PENÚLTIMO;2024-01-01;2024-12-31;Patrimônio Líquido;5.04.09;Juros sobre o Capital Próprio e Dividendos Prescritos;126977.0000000000;N
VIVT3;02.558.157/0001-62;2025-12-31;1;TELEFÔNICA BRASIL S.A;017671;DF Consolidado - Demonstração das Mutações do Patrimônio Líquido;REAL;MIL;ÚLTIMO;2025-01-01;2025-12-31;Patrimônio Líquido;5.04.09;Juros sobre o Capital Próprio e Dividendos Prescritos;150553.0000000000;N
VIVT3;02.558.157/0001-62;2025-12-31;1;TELEFÔNICA BRASIL S.A;017671;DF Consolidado - Demonstração das Mutações do Patrimônio Líquido;REAL;MIL;PENÚLTIMO;2024-01-01;2024-12-31;Participação dos Não Controladores;5.04.09;Juros sobre o Capital Próprio e Dividendos Prescritos;0.0000000000;N
VIVT3;02.558.157/0001-62;2025-12-31;1;TELEFÔNICA BRASIL S.A;017671;DF Consolidado - Demonstração das Mutações do Patrimônio Líquido;REAL;MIL;ÚLTIMO;2025-01-01;2025-12-31;Participação dos Não Controladores;5.04.09;Juros sobre o Capital Próprio e Dividendos Prescritos;0.0000000000;N
VIVT3;02.558.157/0001-62;2025-12-31;1;TELEFÔNICA BRASIL S.A;017671;DF Consolidado - Demonstração das Mutações do Patrimônio Líquido;REAL;MIL;PENÚLTIMO;2024-01-01;2024-12-31;Patrimônio Líquido Consolidado;5.04.09;Juros sobre o Capital Próprio e Dividendos Prescritos;126977.0000000000;N
VIVT3;02.558.157/0001-62;2025-12-31;1;TELEFÔNICA BRASIL S.A;017671;DF Consolidado - Demonstração das Mutações do Patrimônio Líquido;REAL;MIL;ÚLTIMO;2025-01-01;2025-12-31;Patrimônio Líquido Consolidado;5.04.09;Juros sobre o Capital Próprio e Dividendos Prescritos;150553.0000000000;N
VIVT3;02.558.157/0001-62;2025-12-31;1;TELEFÔNICA BRASIL S.A;017671;DF Consolidado - Demonstração das Mutações do Patrimônio Líquido;REAL;MIL;PENÚLTIMO;2024-01-01;2024-12-31;Capital Social Integralizado;5.04.10;Recompras de Ações Ordinárias da Companhia;0.0000000000;N
VIVT3;02.558.157/0001-62;2025-12-31;1;TELEFÔNICA BRASIL S.A;017671;DF Consolidado - Demonstração das Mutações do Patrimônio Líquido;REAL;MIL;ÚLTIMO;2025-01-01;2025-12-31;Capital Social Integralizado;5.04.10;Recompras de Ações Ordinárias da Companhia;0.0000000000;N
VIVT3;02.558.157/0001-62;2025-12-31;1;TELEFÔNICA BRASIL S.A;017671;DF Consolidado - Demonstração das Mutações do Patrimônio Líquido;REAL;MIL;PENÚLTIMO;2024-01-01;2024-12-31;Reservas de Capital, Opções Outorgadas e Ações em Tesouraria;5.04.10;Recompras de Ações Ordinárias da Companhia;0.0000000000;N
VIVT3;02.558.157/0001-62;2025-12-31;1;TELEFÔNICA BRASIL S.A;017671;DF Consolidado - Demonstração das Mutações do Patrimônio Líquido;REAL;MIL;ÚLTIMO;2025-01-01;2025-12-31;Reservas de Capital, Opções Outorgadas e Ações em Tesouraria;5.04.10;Recompras de Ações Ordinárias da Companhia;0.0000000000;N
VIVT3;02.558.157/0001-62;2025-12-31;1;TELEFÔNICA BRASIL S.A;017671;DF Consolidado - Demonstração das Mutações do Patrimônio Líquido;REAL;MIL;PENÚLTIMO;2024-01-01;2024-12-31;Reservas de Lucro;5.04.10;Recompras de Ações Ordinárias da Companhia;-1299583.0000000000;N
VIVT3;02.558.157/0001-62;2025-12-31;1;TELEFÔNICA BRASIL S.A;017671;DF Consolidado - Demonstração das Mutações do Patrimônio Líquido;REAL;MIL;ÚLTIMO;2025-01-01;2025-12-31;Reservas de Lucro;5.04.10;Recompras de Ações Ordinárias da Companhia;-1746480.0000000000;N
VIVT3;02.558.157/0001-62;2025-12-31;1;TELEFÔNICA BRASIL S.A;017671;DF Consolidado - Demonstração das Mutações do Patrimônio Líquido;REAL;MIL;PENÚLTIMO;2024-01-01;2024-12-31;Lucros ou Prejuízos Acumulados;5.04.10;Recompras de Ações Ordinárias da Companhia;0.0000000000;N
VIVT3;02.558.157/0001-62;2025-12-31;1;TELEFÔNICA BRASIL S.A;017671;DF Consolidado - Demonstração das Mutações do Patrimônio Líquido;REAL;MIL;ÚLTIMO;2025-01-01;2025-12-31;Lucros ou Prejuízos Acumulados;5.04.10;Recompras de Ações Ordinárias da Companhia;0.0000000000;N
VIVT3;02.558.157/0001-62;2025-12-31;1;TELEFÔNICA BRASIL S.A;017671;DF Consolidado - Demonstração das Mutações do Patrimônio Líquido;REAL;MIL;PENÚLTIMO;2024-01-01;2024-12-31;Outros Resultados Abrangentes;5.04.10;Recompras de Ações Ordinárias da Companhia;0.0000000000;N
VIVT3;02.558.157/0001-62;2025-12-31;1;TELEFÔNICA BRASIL S.A;017671;DF Consolidado - Demonstração das Mutações do Patrimônio Líquido;REAL;MIL;ÚLTIMO;2025-01-01;2025-12-31;Outros Resultados Abrangentes;5.04.10;Recompras de Ações Ordinárias da Companhia;0.0000000000;N
VIVT3;02.558.157/0001-62;2025-12-31;1;TELEFÔNICA BRASIL S.A;017671;DF Consolidado - Demonstração das Mutações do Patrimônio Líquido;REAL;MIL;PENÚLTIMO;2024-01-01;2024-12-31;Patrimônio Líquido;5.04.10;Recompras de Ações Ordinárias da Companhia;-1299583.0000000000;N
VIVT3;02.558.157/0001-62;2025-12-31;1;TELEFÔNICA BRASIL S.A;017671;DF Consolidado - Demonstração das Mutações do Patrimônio Líquido;REAL;MIL;ÚLTIMO;2025-01-01;2025-12-31;Patrimônio Líquido;5.04.10;Recompras de Ações Ordinárias da Companhia;-1746480.0000000000;N
VIVT3;02.558.157/0001-62;2025-12-31;1;TELEFÔNICA BRASIL S.A;017671;DF Consolidado - Demonstração das Mutações do Patrimônio Líquido;REAL;MIL;PENÚLTIMO;2024-01-01;2024-12-31;Participação dos Não Controladores;5.04.10;Recompras de Ações Ordinárias da Companhia;0.0000000000;N
VIVT3;02.558.157/0001-62;2025-12-31;1;TELEFÔNICA BRASIL S.A;017671;DF Consolidado - Demonstração das Mutações do Patrimônio Líquido;REAL;MIL;ÚLTIMO;2025-01-01;2025-12-31;Participação dos Não Controladores;5.04.10;Recompras de Ações Ordinárias da Companhia;0.0000000000;N
VIVT3;02.558.157/0001-62;2025-12-31;1;TELEFÔNICA BRASIL S.A;017671;DF Consolidado - Demonstração das Mutações do Patrimônio Líquido;REAL;MIL;PENÚLTIMO;2024-01-01;2024-12-31;Patrimônio Líquido Consolidado;5.04.10;Recompras de Ações Ordinárias da Companhia;-1299583.0000000000;N
VIVT3;02.558.157/0001-62;2025-12-31;1;TELEFÔNICA BRASIL S.A;017671;DF Consolidado - Demonstração das Mutações do Patrimônio Líquido;REAL;MIL;ÚLTIMO;2025-01-01;2025-12-31;Patrimônio Líquido Consolidado;5.04.10;Recompras de Ações Ordinárias da Companhia;-1746480.0000000000;N
VIVT3;02.558.157/0001-62;2025-12-31;1;TELEFÔNICA BRASIL S.A;017671;DF Consolidado - Demonstração das Mutações do Patrimônio Líquido;REAL;MIL;PENÚLTIMO;2024-01-01;2024-12-31;Capital Social Integralizado;5.04.11;Redução de Capital Social - AGE 24/01/24;-1500000.0000000000;N
VIVT3;02.558.157/0001-62;2025-12-31;1;TELEFÔNICA BRASIL S.A;017671;DF Consolidado - Demonstração das Mutações do Patrimônio Líquido;REAL;MIL;ÚLTIMO;2025-01-01;2025-12-31;Capital Social Integralizado;5.04.11;Redução de Capital Social - AGE 17/02/25;-2000000.0000000000;N
VIVT3;02.558.157/0001-62;2025-12-31;1;TELEFÔNICA BRASIL S.A;017671;DF Consolidado - Demonstração das Mutações do Patrimônio Líquido;REAL;MIL;PENÚLTIMO;2024-01-01;2024-12-31;Reservas de Capital, Opções Outorgadas e Ações em Tesouraria;5.04.11;Redução de Capital Social - AGE 24/01/24;0.0000000000;N
VIVT3;02.558.157/0001-62;2025-12-31;1;TELEFÔNICA BRASIL S.A;017671;DF Consolidado - Demonstração das Mutações do Patrimônio Líquido;REAL;MIL;ÚLTIMO;2025-01-01;2025-12-31;Reservas de Capital, Opções Outorgadas e Ações em Tesouraria;5.04.11;Redução de Capital Social - AGE 17/02/25;0.0000000000;N
VIVT3;02.558.157/0001-62;2025-12-31;1;TELEFÔNICA BRASIL S.A;017671;DF Consolidado - Demonstração das Mutações do Patrimônio Líquido;REAL;MIL;PENÚLTIMO;2024-01-01;2024-12-31;Reservas de Lucro;5.04.11;Redução de Capital Social - AGE 24/01/24;0.0000000000;N
VIVT3;02.558.157/0001-62;2025-12-31;1;TELEFÔNICA BRASIL S.A;017671;DF Consolidado - Demonstração das Mutações do Patrimônio Líquido;REAL;MIL;ÚLTIMO;2025-01-01;2025-12-31;Reservas de Lucro;5.04.11;Redução de Capital Social - AGE 17/02/25;0.0000000000;N
VIVT3;02.558.157/0001-62;2025-12-31;1;TELEFÔNICA BRASIL S.A;017671;DF Consolidado - Demonstração das Mutações do Patrimônio Líquido;REAL;MIL;PENÚLTIMO;2024-01-01;2024-12-31;Lucros ou Prejuízos Acumulados;5.04.11;Redução de Capital Social - AGE 24/01/24;0.0000000000;N
VIVT3;02.558.157/0001-62;2025-12-31;1;TELEFÔNICA BRASIL S.A;017671;DF Consolidado - Demonstração das Mutações do Patrimônio Líquido;REAL;MIL;ÚLTIMO;2025-01-01;2025-12-31;Lucros ou Prejuízos Acumulados;5.04.11;Redução de Capital Social - AGE 17/02/25;0.0000000000;N
VIVT3;02.558.157/0001-62;2025-12-31;1;TELEFÔNICA BRASIL S.A;017671;DF Consolidado - Demonstração das Mutações do Patrimônio Líquido;REAL;MIL;PENÚLTIMO;2024-01-01;2024-12-31;Outros Resultados Abrangentes;5.04.11;Redução de Capital Social - AGE 24/01/24;0.0000000000;N
VIVT3;02.558.157/0001-62;2025-12-31;1;TELEFÔNICA BRASIL S.A;017671;DF Consolidado - Demonstração das Mutações do Patrimônio Líquido;REAL;MIL;ÚLTIMO;2025-01-01;2025-12-31;Outros Resultados Abrangentes;5.04.11;Redução de Capital Social - AGE 17/02/25;0.0000000000;N
VIVT3;02.558.157/0001-62;2025-12-31;1;TELEFÔNICA BRASIL S.A;017671;DF Consolidado - Demonstração das Mutações do Patrimônio Líquido;REAL;MIL;PENÚLTIMO;2024-01-01;2024-12-31;Patrimônio Líquido;5.04.11;Redução de Capital Social - AGE 24/01/24;-1500000.0000000000;N
VIVT3;02.558.157/0001-62;2025-12-31;1;TELEFÔNICA BRASIL S.A;017671;DF Consolidado - Demonstração das Mutações do Patrimônio Líquido;REAL;MIL;ÚLTIMO;2025-01-01;2025-12-31;Patrimônio Líquido;5.04.11;Redução de Capital Social - AGE 17/02/25;-2000000.0000000000;N
VIVT3;02.558.157/0001-62;2025-12-31;1;TELEFÔNICA BRASIL S.A;017671;DF Consolidado - Demonstração das Mutações do Patrimônio Líquido;REAL;MIL;PENÚLTIMO;2024-01-01;2024-12-31;Participação dos Não Controladores;5.04.11;Redução de Capital Social - AGE 24/01/24;0.0000000000;N
VIVT3;02.558.157/0001-62;2025-12-31;1;TELEFÔNICA BRASIL S.A;017671;DF Consolidado - Demonstração das Mutações do Patrimônio Líquido;REAL;MIL;ÚLTIMO;2025-01-01;2025-12-31;Participação dos Não Controladores;5.04.11;Redução de Capital Social - AGE 17/02/25;0.0000000000;N
VIVT3;02.558.157/0001-62;2025-12-31;1;TELEFÔNICA BRASIL S.A;017671;DF Consolidado - Demonstração das Mutações do Patrimônio Líquido;REAL;MIL;PENÚLTIMO;2024-01-01;2024-12-31;Patrimônio Líquido Consolidado;5.04.11;Redução de Capital Social - AGE 24/01/24;-1500000.0000000000;N
VIVT3;02.558.157/0001-62;2025-12-31;1;TELEFÔNICA BRASIL S.A;017671;DF Consolidado - Demonstração das Mutações do Patrimônio Líquido;REAL;MIL;ÚLTIMO;2025-01-01;2025-12-31;Patrimônio Líquido Consolidado;5.04.11;Redução de Capital Social - AGE 17/02/25;-2000000.0000000000;N
VIVT3;02.558.157/0001-62;2025-12-31;1;TELEFÔNICA BRASIL S.A;017671;DF Consolidado - Demonstração das Mutações do Patrimônio Líquido;REAL;MIL;PENÚLTIMO;2024-01-01;2024-12-31;Capital Social Integralizado;5.04.12;Pagamentos de Direitos de Recesso a Acionistas na Conversão de Ações PN em ON;0.0000000000;N
VIVT3;02.558.157/0001-62;2025-12-31;1;TELEFÔNICA BRASIL S.A;017671;DF Consolidado - Demonstração das Mutações do Patrimônio Líquido;REAL;MIL;ÚLTIMO;2025-01-01;2025-12-31;Capital Social Integralizado;5.04.12;Equivalência Patrimonial em Transações de Capital em Investidas;0.0000000000;N
VIVT3;02.558.157/0001-62;2025-12-31;1;TELEFÔNICA BRASIL S.A;017671;DF Consolidado - Demonstração das Mutações do Patrimônio Líquido;REAL;MIL;PENÚLTIMO;2024-01-01;2024-12-31;Reservas de Capital, Opções Outorgadas e Ações em Tesouraria;5.04.12;Pagamentos de Direitos de Recesso a Acionistas na Conversão de Ações PN em ON;0.0000000000;N
VIVT3;02.558.157/0001-62;2025-12-31;1;TELEFÔNICA BRASIL S.A;017671;DF Consolidado - Demonstração das Mutações do Patrimônio Líquido;REAL;MIL;ÚLTIMO;2025-01-01;2025-12-31;Reservas de Capital, Opções Outorgadas e Ações em Tesouraria;5.04.12;Equivalência Patrimonial em Transações de Capital em Investidas;0.0000000000;N
VIVT3;02.558.157/0001-62;2025-12-31;1;TELEFÔNICA BRASIL S.A;017671;DF Consolidado - Demonstração das Mutações do Patrimônio Líquido;REAL;MIL;PENÚLTIMO;2024-01-01;2024-12-31;Reservas de Lucro;5.04.12;Pagamentos de Direitos de Recesso a Acionistas na Conversão de Ações PN em ON;0.0000000000;N
VIVT3;02.558.157/0001-62;2025-12-31;1;TELEFÔNICA BRASIL S.A;017671;DF Consolidado - Demonstração das Mutações do Patrimônio Líquido;REAL;MIL;ÚLTIMO;2025-01-01;2025-12-31;Reservas de Lucro;5.04.12;Equivalência Patrimonial em Transações de Capital em Investidas;0.0000000000;N
VIVT3;02.558.157/0001-62;2025-12-31;1;TELEFÔNICA BRASIL S.A;017671;DF Consolidado - Demonstração das Mutações do Patrimônio Líquido;REAL;MIL;PENÚLTIMO;2024-01-01;2024-12-31;Lucros ou Prejuízos Acumulados;5.04.12;Pagamentos de Direitos de Recesso a Acionistas na Conversão de Ações PN em ON;0.0000000000;N
VIVT3;02.558.157/0001-62;2025-12-31;1;TELEFÔNICA BRASIL S.A;017671;DF Consolidado - Demonstração das Mutações do Patrimônio Líquido;REAL;MIL;ÚLTIMO;2025-01-01;2025-12-31;Lucros ou Prejuízos Acumulados;5.04.12;Equivalência Patrimonial em Transações de Capital em Investidas;0.0000000000;N
VIVT3;02.558.157/0001-62;2025-12-31;1;TELEFÔNICA BRASIL S.A;017671;DF Consolidado - Demonstração das Mutações do Patrimônio Líquido;REAL;MIL;PENÚLTIMO;2024-01-01;2024-12-31;Outros Resultados Abrangentes;5.04.12;Pagamentos de Direitos de Recesso a Acionistas na Conversão de Ações PN em ON;0.0000000000;N
VIVT3;02.558.157/0001-62;2025-12-31;1;TELEFÔNICA BRASIL S.A;017671;DF Consolidado - Demonstração das Mutações do Patrimônio Líquido;REAL;MIL;ÚLTIMO;2025-01-01;2025-12-31;Outros Resultados Abrangentes;5.04.12;Equivalência Patrimonial em Transações de Capital em Investidas;0.0000000000;N
VIVT3;02.558.157/0001-62;2025-12-31;1;TELEFÔNICA BRASIL S.A;017671;DF Consolidado - Demonstração das Mutações do Patrimônio Líquido;REAL;MIL;PENÚLTIMO;2024-01-01;2024-12-31;Patrimônio Líquido;5.04.12;Pagamentos de Direitos de Recesso a Acionistas na Conversão de Ações PN em ON;0.0000000000;N
VIVT3;02.558.157/0001-62;2025-12-31;1;TELEFÔNICA BRASIL S.A;017671;DF Consolidado - Demonstração das Mutações do Patrimônio Líquido;REAL;MIL;ÚLTIMO;2025-01-01;2025-12-31;Patrimônio Líquido;5.04.12;Equivalência Patrimonial em Transações de Capital em Investidas;0.0000000000;N
VIVT3;02.558.157/0001-62;2025-12-31;1;TELEFÔNICA BRASIL S.A;017671;DF Consolidado - Demonstração das Mutações do Patrimônio Líquido;REAL;MIL;PENÚLTIMO;2024-01-01;2024-12-31;Participação dos Não Controladores;5.04.12;Pagamentos de Direitos de Recesso a Acionistas na Conversão de Ações PN em ON;0.0000000000;N
VIVT3;02.558.157/0001-62;2025-12-31;1;TELEFÔNICA BRASIL S.A;017671;DF Consolidado - Demonstração das Mutações do Patrimônio Líquido;REAL;MIL;ÚLTIMO;2025-01-01;2025-12-31;Participação dos Não Controladores;5.04.12;Equivalência Patrimonial em Transações de Capital em Investidas;0.0000000000;N
VIVT3;02.558.157/0001-62;2025-12-31;1;TELEFÔNICA BRASIL S.A;017671;DF Consolidado - Demonstração das Mutações do Patrimônio Líquido;REAL;MIL;PENÚLTIMO;2024-01-01;2024-12-31;Patrimônio Líquido Consolidado;5.04.12;Pagamentos de Direitos de Recesso a Acionistas na Conversão de Ações PN em ON;0.0000000000;N
VIVT3;02.558.157/0001-62;2025-12-31;1;TELEFÔNICA BRASIL S.A;017671;DF Consolidado - Demonstração das Mutações do Patrimônio Líquido;REAL;MIL;ÚLTIMO;2025-01-01;2025-12-31;Patrimônio Líquido Consolidado;5.04.12;Equivalência Patrimonial em Transações de Capital em Investidas;0.0000000000;N
VIVT3;02.558.157/0001-62;2025-12-31;1;TELEFÔNICA BRASIL S.A;017671;DF Consolidado - Demonstração das Mutações do Patrimônio Líquido;REAL;MIL;PENÚLTIMO;2024-01-01;2024-12-31;Capital Social Integralizado;5.04.13;Efeitos de acionistas não controladores em investimentos na Vivo Ventures;0.0000000000;N
VIVT3;02.558.157/0001-62;2025-12-31;1;TELEFÔNICA BRASIL S.A;017671;DF Consolidado - Demonstração das Mutações do Patrimônio Líquido;REAL;MIL;ÚLTIMO;2025-01-01;2025-12-31;Capital Social Integralizado;5.04.13;Efeitos de Acionistas não Controladores em Investimentos na Vivo Ventures;0.0000000000;N
VIVT3;02.558.157/0001-62;2025-12-31;1;TELEFÔNICA BRASIL S.A;017671;DF Consolidado - Demonstração das Mutações do Patrimônio Líquido;REAL;MIL;PENÚLTIMO;2024-01-01;2024-12-31;Reservas de Capital, Opções Outorgadas e Ações em Tesouraria;5.04.13;Efeitos de acionistas não controladores em investimentos na Vivo Ventures;0.0000000000;N
VIVT3;02.558.157/0001-62;2025-12-31;1;TELEFÔNICA BRASIL S.A;017671;DF Consolidado - Demonstração das Mutações do Patrimônio Líquido;REAL;MIL;ÚLTIMO;2025-01-01;2025-12-31;Reservas de Capital, Opções Outorgadas e Ações em Tesouraria;5.04.13;Efeitos de Acionistas não Controladores em Investimentos na Vivo Ventures;0.0000000000;N
VIVT3;02.558.157/0001-62;2025-12-31;1;TELEFÔNICA BRASIL S.A;017671;DF Consolidado - Demonstração das Mutações do Patrimônio Líquido;REAL;MIL;PENÚLTIMO;2024-01-01;2024-12-31;Reservas de Lucro;5.04.13;Efeitos de acionistas não controladores em investimentos na Vivo Ventures;0.0000000000;N
VIVT3;02.558.157/0001-62;2025-12-31;1;TELEFÔNICA BRASIL S.A;017671;DF Consolidado - Demonstração das Mutações do Patrimônio Líquido;REAL;MIL;ÚLTIMO;2025-01-01;2025-12-31;Reservas de Lucro;5.04.13;Efeitos de Acionistas não Controladores em Investimentos na Vivo Ventures;0.0000000000;N
VIVT3;02.558.157/0001-62;2025-12-31;1;TELEFÔNICA BRASIL S.A;017671;DF Consolidado - Demonstração das Mutações do Patrimônio Líquido;REAL;MIL;PENÚLTIMO;2024-01-01;2024-12-31;Lucros ou Prejuízos Acumulados;5.04.13;Efeitos de acionistas não controladores em investimentos na Vivo Ventures;0.0000000000;N
VIVT3;02.558.157/0001-62;2025-12-31;1;TELEFÔNICA BRASIL S.A;017671;DF Consolidado - Demonstração das Mutações do Patrimônio Líquido;REAL;MIL;ÚLTIMO;2025-01-01;2025-12-31;Lucros ou Prejuízos Acumulados;5.04.13;Efeitos de Acionistas não Controladores em Investimentos na Vivo Ventures;0.0000000000;N
VIVT3;02.558.157/0001-62;2025-12-31;1;TELEFÔNICA BRASIL S.A;017671;DF Consolidado - Demonstração das Mutações do Patrimônio Líquido;REAL;MIL;PENÚLTIMO;2024-01-01;2024-12-31;Outros Resultados Abrangentes;5.04.13;Efeitos de acionistas não controladores em investimentos na Vivo Ventures;0.0000000000;N
VIVT3;02.558.157/0001-62;2025-12-31;1;TELEFÔNICA BRASIL S.A;017671;DF Consolidado - Demonstração das Mutações do Patrimônio Líquido;REAL;MIL;ÚLTIMO;2025-01-01;2025-12-31;Outros Resultados Abrangentes;5.04.13;Efeitos de Acionistas não Controladores em Investimentos na Vivo Ventures;0.0000000000;N
VIVT3;02.558.157/0001-62;2025-12-31;1;TELEFÔNICA BRASIL S.A;017671;DF Consolidado - Demonstração das Mutações do Patrimônio Líquido;REAL;MIL;PENÚLTIMO;2024-01-01;2024-12-31;Patrimônio Líquido;5.04.13;Efeitos de acionistas não controladores em investimentos na Vivo Ventures;0.0000000000;N
VIVT3;02.558.157/0001-62;2025-12-31;1;TELEFÔNICA BRASIL S.A;017671;DF Consolidado - Demonstração das Mutações do Patrimônio Líquido;REAL;MIL;ÚLTIMO;2025-01-01;2025-12-31;Patrimônio Líquido;5.04.13;Efeitos de Acionistas não Controladores em Investimentos na Vivo Ventures;0.0000000000;N
VIVT3;02.558.157/0001-62;2025-12-31;1;TELEFÔNICA BRASIL S.A;017671;DF Consolidado - Demonstração das Mutações do Patrimônio Líquido;REAL;MIL;PENÚLTIMO;2024-01-01;2024-12-31;Participação dos Não Controladores;5.04.13;Efeitos de acionistas não controladores em investimentos na Vivo Ventures;1990.0000000000;N
VIVT3;02.558.157/0001-62;2025-12-31;1;TELEFÔNICA BRASIL S.A;017671;DF Consolidado - Demonstração das Mutações do Patrimônio Líquido;REAL;MIL;ÚLTIMO;2025-01-01;2025-12-31;Participação dos Não Controladores;5.04.13;Efeitos de Acionistas não Controladores em Investimentos na Vivo Ventures;1833.0000000000;N
VIVT3;02.558.157/0001-62;2025-12-31;1;TELEFÔNICA BRASIL S.A;017671;DF Consolidado - Demonstração das Mutações do Patrimônio Líquido;REAL;MIL;PENÚLTIMO;2024-01-01;2024-12-31;Patrimônio Líquido Consolidado;5.04.13;Efeitos de acionistas não controladores em investimentos na Vivo Ventures;1990.0000000000;N
VIVT3;02.558.157/0001-62;2025-12-31;1;TELEFÔNICA BRASIL S.A;017671;DF Consolidado - Demonstração das Mutações do Patrimônio Líquido;REAL;MIL;ÚLTIMO;2025-01-01;2025-12-31;Patrimônio Líquido Consolidado;5.04.13;Efeitos de Acionistas não Controladores em Investimentos na Vivo Ventures;1833.0000000000;N
VIVT3;02.558.157/0001-62;2025-12-31;1;TELEFÔNICA BRASIL S.A;017671;DF Consolidado - Demonstração das Mutações do Patrimônio Líquido;REAL;MIL;PENÚLTIMO;2024-01-01;2024-12-31;Capital Social Integralizado;5.04.14;Efeitos da Alienação do investimento na IoTCo Brasil;0.0000000000;N
VIVT3;02.558.157/0001-62;2025-12-31;1;TELEFÔNICA BRASIL S.A;017671;DF Consolidado - Demonstração das Mutações do Patrimônio Líquido;REAL;MIL;ÚLTIMO;2025-01-01;2025-12-31;Capital Social Integralizado;5.04.14;Cancelamento de Ações - Programa de Recompra de Ações;0.0000000000;N
VIVT3;02.558.157/0001-62;2025-12-31;1;TELEFÔNICA BRASIL S.A;017671;DF Consolidado - Demonstração das Mutações do Patrimônio Líquido;REAL;MIL;PENÚLTIMO;2024-01-01;2024-12-31;Reservas de Capital, Opções Outorgadas e Ações em Tesouraria;5.04.14;Efeitos da Alienação do investimento na IoTCo Brasil;0.0000000000;N
VIVT3;02.558.157/0001-62;2025-12-31;1;TELEFÔNICA BRASIL S.A;017671;DF Consolidado - Demonstração das Mutações do Patrimônio Líquido;REAL;MIL;ÚLTIMO;2025-01-01;2025-12-31;Reservas de Capital, Opções Outorgadas e Ações em Tesouraria;5.04.14;Cancelamento de Ações - Programa de Recompra de Ações;0.0000000000;N
VIVT3;02.558.157/0001-62;2025-12-31;1;TELEFÔNICA BRASIL S.A;017671;DF Consolidado - Demonstração das Mutações do Patrimônio Líquido;REAL;MIL;PENÚLTIMO;2024-01-01;2024-12-31;Reservas de Lucro;5.04.14;Efeitos da Alienação do investimento na IoTCo Brasil;0.0000000000;N
VIVT3;02.558.157/0001-62;2025-12-31;1;TELEFÔNICA BRASIL S.A;017671;DF Consolidado - Demonstração das Mutações do Patrimônio Líquido;REAL;MIL;ÚLTIMO;2025-01-01;2025-12-31;Reservas de Lucro;5.04.14;Cancelamento de Ações - Programa de Recompra de Ações;0.0000000000;N
VIVT3;02.558.157/0001-62;2025-12-31;1;TELEFÔNICA BRASIL S.A;017671;DF Consolidado - Demonstração das Mutações do Patrimônio Líquido;REAL;MIL;PENÚLTIMO;2024-01-01;2024-12-31;Lucros ou Prejuízos Acumulados;5.04.14;Efeitos da Alienação do investimento na IoTCo Brasil;0.0000000000;N
VIVT3;02.558.157/0001-62;2025-12-31;1;TELEFÔNICA BRASIL S.A;017671;DF Consolidado - Demonstração das Mutações do Patrimônio Líquido;REAL;MIL;ÚLTIMO;2025-01-01;2025-12-31;Lucros ou Prejuízos Acumulados;5.04.14;Cancelamento de Ações - Programa de Recompra de Ações;0.0000000000;N
VIVT3;02.558.157/0001-62;2025-12-31;1;TELEFÔNICA BRASIL S.A;017671;DF Consolidado - Demonstração das Mutações do Patrimônio Líquido;REAL;MIL;PENÚLTIMO;2024-01-01;2024-12-31;Outros Resultados Abrangentes;5.04.14;Efeitos da Alienação do investimento na IoTCo Brasil;0.0000000000;N
VIVT3;02.558.157/0001-62;2025-12-31;1;TELEFÔNICA BRASIL S.A;017671;DF Consolidado - Demonstração das Mutações do Patrimônio Líquido;REAL;MIL;ÚLTIMO;2025-01-01;2025-12-31;Outros Resultados Abrangentes;5.04.14;Cancelamento de Ações - Programa de Recompra de Ações;0.0000000000;N
VIVT3;02.558.157/0001-62;2025-12-31;1;TELEFÔNICA BRASIL S.A;017671;DF Consolidado - Demonstração das Mutações do Patrimônio Líquido;REAL;MIL;PENÚLTIMO;2024-01-01;2024-12-31;Patrimônio Líquido;5.04.14;Efeitos da Alienação do investimento na IoTCo Brasil;0.0000000000;N
VIVT3;02.558.157/0001-62;2025-12-31;1;TELEFÔNICA BRASIL S.A;017671;DF Consolidado - Demonstração das Mutações do Patrimônio Líquido;REAL;MIL;ÚLTIMO;2025-01-01;2025-12-31;Patrimônio Líquido;5.04.14;Cancelamento de Ações - Programa de Recompra de Ações;0.0000000000;N
VIVT3;02.558.157/0001-62;2025-12-31;1;TELEFÔNICA BRASIL S.A;017671;DF Consolidado - Demonstração das Mutações do Patrimônio Líquido;REAL;MIL;PENÚLTIMO;2024-01-01;2024-12-31;Participação dos Não Controladores;5.04.14;Efeitos da Alienação do investimento na IoTCo Brasil;0.0000000000;N
VIVT3;02.558.157/0001-62;2025-12-31;1;TELEFÔNICA BRASIL S.A;017671;DF Consolidado - Demonstração das Mutações do Patrimônio Líquido;REAL;MIL;ÚLTIMO;2025-01-01;2025-12-31;Participação dos Não Controladores;5.04.14;Cancelamento de Ações - Programa de Recompra de Ações;0.0000000000;N
VIVT3;02.558.157/0001-62;2025-12-31;1;TELEFÔNICA BRASIL S.A;017671;DF Consolidado - Demonstração das Mutações do Patrimônio Líquido;REAL;MIL;PENÚLTIMO;2024-01-01;2024-12-31;Patrimônio Líquido Consolidado;5.04.14;Efeitos da Alienação do investimento na IoTCo Brasil;0.0000000000;N
VIVT3;02.558.157/0001-62;2025-12-31;1;TELEFÔNICA BRASIL S.A;017671;DF Consolidado - Demonstração das Mutações do Patrimônio Líquido;REAL;MIL;ÚLTIMO;2025-01-01;2025-12-31;Patrimônio Líquido Consolidado;5.04.14;Cancelamento de Ações - Programa de Recompra de Ações;0.0000000000;N
VIVT3;02.558.157/0001-62;2025-12-31;1;TELEFÔNICA BRASIL S.A;017671;DF Consolidado - Demonstração das Mutações do Patrimônio Líquido;REAL;MIL;PENÚLTIMO;2024-01-01;2024-12-31;Capital Social Integralizado;5.04.15;Efeitos de Equivalência Patrimonial na FiBrasil;0.0000000000;N
VIVT3;02.558.157/0001-62;2025-12-31;1;TELEFÔNICA BRASIL S.A;017671;DF Consolidado - Demonstração das Mutações do Patrimônio Líquido;REAL;MIL;ÚLTIMO;2025-01-01;2025-12-31;Capital Social Integralizado;5.04.15;Distribuição de Superávit - Plano PBS-A;0.0000000000;N
VIVT3;02.558.157/0001-62;2025-12-31;1;TELEFÔNICA BRASIL S.A;017671;DF Consolidado - Demonstração das Mutações do Patrimônio Líquido;REAL;MIL;PENÚLTIMO;2024-01-01;2024-12-31;Reservas de Capital, Opções Outorgadas e Ações em Tesouraria;5.04.15;Efeitos de Equivalência Patrimonial na FiBrasil;0.0000000000;N
VIVT3;02.558.157/0001-62;2025-12-31;1;TELEFÔNICA BRASIL S.A;017671;DF Consolidado - Demonstração das Mutações do Patrimônio Líquido;REAL;MIL;ÚLTIMO;2025-01-01;2025-12-31;Reservas de Capital, Opções Outorgadas e Ações em Tesouraria;5.04.15;Distribuição de Superávit - Plano PBS-A;0.0000000000;N
VIVT3;02.558.157/0001-62;2025-12-31;1;TELEFÔNICA BRASIL S.A;017671;DF Consolidado - Demonstração das Mutações do Patrimônio Líquido;REAL;MIL;PENÚLTIMO;2024-01-01;2024-12-31;Reservas de Lucro;5.04.15;Efeitos de Equivalência Patrimonial na FiBrasil;0.0000000000;N
VIVT3;02.558.157/0001-62;2025-12-31;1;TELEFÔNICA BRASIL S.A;017671;DF Consolidado - Demonstração das Mutações do Patrimônio Líquido;REAL;MIL;ÚLTIMO;2025-01-01;2025-12-31;Reservas de Lucro;5.04.15;Distribuição de Superávit - Plano PBS-A;0.0000000000;N
VIVT3;02.558.157/0001-62;2025-12-31;1;TELEFÔNICA BRASIL S.A;017671;DF Consolidado - Demonstração das Mutações do Patrimônio Líquido;REAL;MIL;PENÚLTIMO;2024-01-01;2024-12-31;Lucros ou Prejuízos Acumulados;5.04.15;Efeitos de Equivalência Patrimonial na FiBrasil;0.0000000000;N
VIVT3;02.558.157/0001-62;2025-12-31;1;TELEFÔNICA BRASIL S.A;017671;DF Consolidado - Demonstração das Mutações do Patrimônio Líquido;REAL;MIL;ÚLTIMO;2025-01-01;2025-12-31;Lucros ou Prejuízos Acumulados;5.04.15;Distribuição de Superávit - Plano PBS-A;0.0000000000;N
VIVT3;02.558.157/0001-62;2025-12-31;1;TELEFÔNICA BRASIL S.A;017671;DF Consolidado - Demonstração das Mutações do Patrimônio Líquido;REAL;MIL;PENÚLTIMO;2024-01-01;2024-12-31;Outros Resultados Abrangentes;5.04.15;Efeitos de Equivalência Patrimonial na FiBrasil;0.0000000000;N
VIVT3;02.558.157/0001-62;2025-12-31;1;TELEFÔNICA BRASIL S.A;017671;DF Consolidado - Demonstração das Mutações do Patrimônio Líquido;REAL;MIL;ÚLTIMO;2025-01-01;2025-12-31;Outros Resultados Abrangentes;5.04.15;Distribuição de Superávit - Plano PBS-A;0.0000000000;N
VIVT3;02.558.157/0001-62;2025-12-31;1;TELEFÔNICA BRASIL S.A;017671;DF Consolidado - Demonstração das Mutações do Patrimônio Líquido;REAL;MIL;PENÚLTIMO;2024-01-01;2024-12-31;Patrimônio Líquido;5.04.15;Efeitos de Equivalência Patrimonial na FiBrasil;0.0000000000;N
VIVT3;02.558.157/0001-62;2025-12-31;1;TELEFÔNICA BRASIL S.A;017671;DF Consolidado - Demonstração das Mutações do Patrimônio Líquido;REAL;MIL;ÚLTIMO;2025-01-01;2025-12-31;Patrimônio Líquido;5.04.15;Distribuição de Superávit - Plano PBS-A;0.0000000000;N
VIVT3;02.558.157/0001-62;2025-12-31;1;TELEFÔNICA BRASIL S.A;017671;DF Consolidado - Demonstração das Mutações do Patrimônio Líquido;REAL;MIL;PENÚLTIMO;2024-01-01;2024-12-31;Participação dos Não Controladores;5.04.15;Efeitos de Equivalência Patrimonial na FiBrasil;0.0000000000;N
VIVT3;02.558.157/0001-62;2025-12-31;1;TELEFÔNICA BRASIL S.A;017671;DF Consolidado - Demonstração das Mutações do Patrimônio Líquido;REAL;MIL;ÚLTIMO;2025-01-01;2025-12-31;Participação dos Não Controladores;5.04.15;Distribuição de Superávit - Plano PBS-A;0.0000000000;N
VIVT3;02.558.157/0001-62;2025-12-31;1;TELEFÔNICA BRASIL S.A;017671;DF Consolidado - Demonstração das Mutações do Patrimônio Líquido;REAL;MIL;PENÚLTIMO;2024-01-01;2024-12-31;Patrimônio Líquido Consolidado;5.04.15;Efeitos de Equivalência Patrimonial na FiBrasil;0.0000000000;N
VIVT3;02.558.157/0001-62;2025-12-31;1;TELEFÔNICA BRASIL S.A;017671;DF Consolidado - Demonstração das Mutações do Patrimônio Líquido;REAL;MIL;ÚLTIMO;2025-01-01;2025-12-31;Patrimônio Líquido Consolidado;5.04.15;Distribuição de Superávit - Plano PBS-A;0.0000000000;N
VIVT3;02.558.157/0001-62;2025-12-31;1;TELEFÔNICA BRASIL S.A;017671;DF Consolidado - Demonstração das Mutações do Patrimônio Líquido;REAL;MIL;ÚLTIMO;2025-01-01;2025-12-31;Capital Social Integralizado;5.04.16;Transações de Capital - Processos de Grupamento e Desdobramento de Ações;0.0000000000;N
VIVT3;02.558.157/0001-62;2025-12-31;1;TELEFÔNICA BRASIL S.A;017671;DF Consolidado - Demonstração das Mutações do Patrimônio Líquido;REAL;MIL;ÚLTIMO;2025-01-01;2025-12-31;Reservas de Capital, Opções Outorgadas e Ações em Tesouraria;5.04.16;Transações de Capital - Processos de Grupamento e Desdobramento de Ações;-4444.0000000000;N
VIVT3;02.558.157/0001-62;2025-12-31;1;TELEFÔNICA BRASIL S.A;017671;DF Consolidado - Demonstração das Mutações do Patrimônio Líquido;REAL;MIL;ÚLTIMO;2025-01-01;2025-12-31;Reservas de Lucro;5.04.16;Transações de Capital - Processos de Grupamento e Desdobramento de Ações;0.0000000000;N
VIVT3;02.558.157/0001-62;2025-12-31;1;TELEFÔNICA BRASIL S.A;017671;DF Consolidado - Demonstração das Mutações do Patrimônio Líquido;REAL;MIL;ÚLTIMO;2025-01-01;2025-12-31;Lucros ou Prejuízos Acumulados;5.04.16;Transações de Capital - Processos de Grupamento e Desdobramento de Ações;0.0000000000;N
VIVT3;02.558.157/0001-62;2025-12-31;1;TELEFÔNICA BRASIL S.A;017671;DF Consolidado - Demonstração das Mutações do Patrimônio Líquido;REAL;MIL;ÚLTIMO;2025-01-01;2025-12-31;Outros Resultados Abrangentes;5.04.16;Transações de Capital - Processos de Grupamento e Desdobramento de Ações;0.0000000000;N
VIVT3;02.558.157/0001-62;2025-12-31;1;TELEFÔNICA BRASIL S.A;017671;DF Consolidado - Demonstração das Mutações do Patrimônio Líquido;REAL;MIL;ÚLTIMO;2025-01-01;2025-12-31;Patrimônio Líquido;5.04.16;Transações de Capital - Processos de Grupamento e Desdobramento de Ações;-4444.0000000000;N
VIVT3;02.558.157/0001-62;2025-12-31;1;TELEFÔNICA BRASIL S.A;017671;DF Consolidado - Demonstração das Mutações do Patrimônio Líquido;REAL;MIL;ÚLTIMO;2025-01-01;2025-12-31;Participação dos Não Controladores;5.04.16;Transações de Capital - Processos de Grupamento e Desdobramento de Ações;0.0000000000;N
VIVT3;02.558.157/0001-62;2025-12-31;1;TELEFÔNICA BRASIL S.A;017671;DF Consolidado - Demonstração das Mutações do Patrimônio Líquido;REAL;MIL;ÚLTIMO;2025-01-01;2025-12-31;Patrimônio Líquido Consolidado;5.04.16;Transações de Capital - Processos de Grupamento e Desdobramento de Ações;-4444.0000000000;N
VIVT3;02.558.157/0001-62;2025-12-31;1;TELEFÔNICA BRASIL S.A;017671;DF Consolidado - Demonstração das Mutações do Patrimônio Líquido;REAL;MIL;ÚLTIMO;2025-01-01;2025-12-31;Capital Social Integralizado;5.04.17;Transação de capital pela aquisição da CyberCo Brasil pela TIS;0.0000000000;N
VIVT3;02.558.157/0001-62;2025-12-31;1;TELEFÔNICA BRASIL S.A;017671;DF Consolidado - Demonstração das Mutações do Patrimônio Líquido;REAL;MIL;ÚLTIMO;2025-01-01;2025-12-31;Reservas de Capital, Opções Outorgadas e Ações em Tesouraria;5.04.17;Transação de capital pela aquisição da CyberCo Brasil pela TIS;-168729.0000000000;N
VIVT3;02.558.157/0001-62;2025-12-31;1;TELEFÔNICA BRASIL S.A;017671;DF Consolidado - Demonstração das Mutações do Patrimônio Líquido;REAL;MIL;ÚLTIMO;2025-01-01;2025-12-31;Reservas de Lucro;5.04.17;Transação de capital pela aquisição da CyberCo Brasil pela TIS;0.0000000000;N
VIVT3;02.558.157/0001-62;2025-12-31;1;TELEFÔNICA BRASIL S.A;017671;DF Consolidado - Demonstração das Mutações do Patrimônio Líquido;REAL;MIL;ÚLTIMO;2025-01-01;2025-12-31;Lucros ou Prejuízos Acumulados;5.04.17;Transação de capital pela aquisição da CyberCo Brasil pela TIS;0.0000000000;N
VIVT3;02.558.157/0001-62;2025-12-31;1;TELEFÔNICA BRASIL S.A;017671;DF Consolidado - Demonstração das Mutações do Patrimônio Líquido;REAL;MIL;ÚLTIMO;2025-01-01;2025-12-31;Outros Resultados Abrangentes;5.04.17;Transação de capital pela aquisição da CyberCo Brasil pela TIS;0.0000000000;N
VIVT3;02.558.157/0001-62;2025-12-31;1;TELEFÔNICA BRASIL S.A;017671;DF Consolidado - Demonstração das Mutações do Patrimônio Líquido;REAL;MIL;ÚLTIMO;2025-01-01;2025-12-31;Patrimônio Líquido;5.04.17;Transação de capital pela aquisição da CyberCo Brasil pela TIS;-168729.0000000000;N
VIVT3;02.558.157/0001-62;2025-12-31;1;TELEFÔNICA BRASIL S.A;017671;DF Consolidado - Demonstração das Mutações do Patrimônio Líquido;REAL;MIL;ÚLTIMO;2025-01-01;2025-12-31;Participação dos Não Controladores;5.04.17;Transação de capital pela aquisição da CyberCo Brasil pela TIS;0.0000000000;N
VIVT3;02.558.157/0001-62;2025-12-31;1;TELEFÔNICA BRASIL S.A;017671;DF Consolidado - Demonstração das Mutações do Patrimônio Líquido;REAL;MIL;ÚLTIMO;2025-01-01;2025-12-31;Patrimônio Líquido Consolidado;5.04.17;Transação de capital pela aquisição da CyberCo Brasil pela TIS;-168729.0000000000;N
VIVT3;02.558.157/0001-62;2025-12-31;1;TELEFÔNICA BRASIL S.A;017671;DF Consolidado - Demonstração das Mutações do Patrimônio Líquido;REAL;MIL;ÚLTIMO;2025-01-01;2025-12-31;Capital Social Integralizado;5.04.18;Aquisição de Participação Societária em Controlada - FiBrasil;0.0000000000;N
VIVT3;02.558.157/0001-62;2025-12-31;1;TELEFÔNICA BRASIL S.A;017671;DF Consolidado - Demonstração das Mutações do Patrimônio Líquido;REAL;MIL;ÚLTIMO;2025-01-01;2025-12-31;Reservas de Capital, Opções Outorgadas e Ações em Tesouraria;5.04.18;Aquisição de Participação Societária em Controlada - FiBrasil;0.0000000000;N
VIVT3;02.558.157/0001-62;2025-12-31;1;TELEFÔNICA BRASIL S.A;017671;DF Consolidado - Demonstração das Mutações do Patrimônio Líquido;REAL;MIL;ÚLTIMO;2025-01-01;2025-12-31;Reservas de Lucro;5.04.18;Aquisição de Participação Societária em Controlada - FiBrasil;0.0000000000;N
VIVT3;02.558.157/0001-62;2025-12-31;1;TELEFÔNICA BRASIL S.A;017671;DF Consolidado - Demonstração das Mutações do Patrimônio Líquido;REAL;MIL;ÚLTIMO;2025-01-01;2025-12-31;Lucros ou Prejuízos Acumulados;5.04.18;Aquisição de Participação Societária em Controlada - FiBrasil;0.0000000000;N
VIVT3;02.558.157/0001-62;2025-12-31;1;TELEFÔNICA BRASIL S.A;017671;DF Consolidado - Demonstração das Mutações do Patrimônio Líquido;REAL;MIL;ÚLTIMO;2025-01-01;2025-12-31;Outros Resultados Abrangentes;5.04.18;Aquisição de Participação Societária em Controlada - FiBrasil;0.0000000000;N
VIVT3;02.558.157/0001-62;2025-12-31;1;TELEFÔNICA BRASIL S.A;017671;DF Consolidado - Demonstração das Mutações do Patrimônio Líquido;REAL;MIL;ÚLTIMO;2025-01-01;2025-12-31;Patrimônio Líquido;5.04.18;Aquisição de Participação Societária em Controlada - FiBrasil;0.0000000000;N
VIVT3;02.558.157/0001-62;2025-12-31;1;TELEFÔNICA BRASIL S.A;017671;DF Consolidado - Demonstração das Mutações do Patrimônio Líquido;REAL;MIL;ÚLTIMO;2025-01-01;2025-12-31;Participação dos Não Controladores;5.04.18;Aquisição de Participação Societária em Controlada - FiBrasil;199695.0000000000;N
VIVT3;02.558.157/0001-62;2025-12-31;1;TELEFÔNICA BRASIL S.A;017671;DF Consolidado - Demonstração das Mutações do Patrimônio Líquido;REAL;MIL;ÚLTIMO;2025-01-01;2025-12-31;Patrimônio Líquido Consolidado;5.04.18;Aquisição de Participação Societária em Controlada - FiBrasil;199695.0000000000;N
VIVT3;02.558.157/0001-62;2025-12-31;1;TELEFÔNICA BRASIL S.A;017671;DF Consolidado - Demonstração das Mutações do Patrimônio Líquido;REAL;MIL;PENÚLTIMO;2024-01-01;2024-12-31;Capital Social Integralizado;5.05;Resultado Abrangente Total;0.0000000000;S
VIVT3;02.558.157/0001-62;2025-12-31;1;TELEFÔNICA BRASIL S.A;017671;DF Consolidado - Demonstração das Mutações do Patrimônio Líquido;REAL;MIL;ÚLTIMO;2025-01-01;2025-12-31;Capital Social Integralizado;5.05;Resultado Abrangente Total;0.0000000000;S
VIVT3;02.558.157/0001-62;2025-12-31;1;TELEFÔNICA BRASIL S.A;017671;DF Consolidado - Demonstração das Mutações do Patrimônio Líquido;REAL;MIL;PENÚLTIMO;2024-01-01;2024-12-31;Reservas de Capital, Opções Outorgadas e Ações em Tesouraria;5.05;Resultado Abrangente Total;0.0000000000;S
VIVT3;02.558.157/0001-62;2025-12-31;1;TELEFÔNICA BRASIL S.A;017671;DF Consolidado - Demonstração das Mutações do Patrimônio Líquido;REAL;MIL;ÚLTIMO;2025-01-01;2025-12-31;Reservas de Capital, Opções Outorgadas e Ações em Tesouraria;5.05;Resultado Abrangente Total;0.0000000000;S
VIVT3;02.558.157/0001-62;2025-12-31;1;TELEFÔNICA BRASIL S.A;017671;DF Consolidado - Demonstração das Mutações do Patrimônio Líquido;REAL;MIL;PENÚLTIMO;2024-01-01;2024-12-31;Reservas de Lucro;5.05;Resultado Abrangente Total;0.0000000000;S
VIVT3;02.558.157/0001-62;2025-12-31;1;TELEFÔNICA BRASIL S.A;017671;DF Consolidado - Demonstração das Mutações do Patrimônio Líquido;REAL;MIL;ÚLTIMO;2025-01-01;2025-12-31;Reservas de Lucro;5.05;Resultado Abrangente Total;0.0000000000;S
VIVT3;02.558.157/0001-62;2025-12-31;1;TELEFÔNICA BRASIL S.A;017671;DF Consolidado - Demonstração das Mutações do Patrimônio Líquido;REAL;MIL;PENÚLTIMO;2024-01-01;2024-12-31;Lucros ou Prejuízos Acumulados;5.05;Resultado Abrangente Total;5915247.0000000000;S
VIVT3;02.558.157/0001-62;2025-12-31;1;TELEFÔNICA BRASIL S.A;017671;DF Consolidado - Demonstração das Mutações do Patrimônio Líquido;REAL;MIL;ÚLTIMO;2025-01-01;2025-12-31;Lucros ou Prejuízos Acumulados;5.05;Resultado Abrangente Total;6178063.0000000000;S
VIVT3;02.558.157/0001-62;2025-12-31;1;TELEFÔNICA BRASIL S.A;017671;DF Consolidado - Demonstração das Mutações do Patrimônio Líquido;REAL;MIL;PENÚLTIMO;2024-01-01;2024-12-31;Outros Resultados Abrangentes;5.05;Resultado Abrangente Total;25146.0000000000;S
VIVT3;02.558.157/0001-62;2025-12-31;1;TELEFÔNICA BRASIL S.A;017671;DF Consolidado - Demonstração das Mutações do Patrimônio Líquido;REAL;MIL;ÚLTIMO;2025-01-01;2025-12-31;Outros Resultados Abrangentes;5.05;Resultado Abrangente Total;-46802.0000000000;S
VIVT3;02.558.157/0001-62;2025-12-31;1;TELEFÔNICA BRASIL S.A;017671;DF Consolidado - Demonstração das Mutações do Patrimônio Líquido;REAL;MIL;PENÚLTIMO;2024-01-01;2024-12-31;Patrimônio Líquido;5.05;Resultado Abrangente Total;5940393.0000000000;S
VIVT3;02.558.157/0001-62;2025-12-31;1;TELEFÔNICA BRASIL S.A;017671;DF Consolidado - Demonstração das Mutações do Patrimônio Líquido;REAL;MIL;ÚLTIMO;2025-01-01;2025-12-31;Patrimônio Líquido;5.05;Resultado Abrangente Total;6131261.0000000000;S
VIVT3;02.558.157/0001-62;2025-12-31;1;TELEFÔNICA BRASIL S.A;017671;DF Consolidado - Demonstração das Mutações do Patrimônio Líquido;REAL;MIL;PENÚLTIMO;2024-01-01;2024-12-31;Participação dos Não Controladores;5.05;Resultado Abrangente Total;9373.0000000000;S
VIVT3;02.558.157/0001-62;2025-12-31;1;TELEFÔNICA BRASIL S.A;017671;DF Consolidado - Demonstração das Mutações do Patrimônio Líquido;REAL;MIL;ÚLTIMO;2025-01-01;2025-12-31;Participação dos Não Controladores;5.05;Resultado Abrangente Total;9542.0000000000;S
VIVT3;02.558.157/0001-62;2025-12-31;1;TELEFÔNICA BRASIL S.A;017671;DF Consolidado - Demonstração das Mutações do Patrimônio Líquido;REAL;MIL;PENÚLTIMO;2024-01-01;2024-12-31;Patrimônio Líquido Consolidado;5.05;Resultado Abrangente Total;5949766.0000000000;S
VIVT3;02.558.157/0001-62;2025-12-31;1;TELEFÔNICA BRASIL S.A;017671;DF Consolidado - Demonstração das Mutações do Patrimônio Líquido;REAL;MIL;ÚLTIMO;2025-01-01;2025-12-31;Patrimônio Líquido Consolidado;5.05;Resultado Abrangente Total;6140803.0000000000;S
VIVT3;02.558.157/0001-62;2025-12-31;1;TELEFÔNICA BRASIL S.A;017671;DF Consolidado - Demonstração das Mutações do Patrimônio Líquido;REAL;MIL;PENÚLTIMO;2024-01-01;2024-12-31;Capital Social Integralizado;5.05.01;Lucro Líquido do Período;0.0000000000;S
VIVT3;02.558.157/0001-62;2025-12-31;1;TELEFÔNICA BRASIL S.A;017671;DF Consolidado - Demonstração das Mutações do Patrimônio Líquido;REAL;MIL;ÚLTIMO;2025-01-01;2025-12-31;Capital Social Integralizado;5.05.01;Lucro Líquido do Período;0.0000000000;S
VIVT3;02.558.157/0001-62;2025-12-31;1;TELEFÔNICA BRASIL S.A;017671;DF Consolidado - Demonstração das Mutações do Patrimônio Líquido;REAL;MIL;PENÚLTIMO;2024-01-01;2024-12-31;Reservas de Capital, Opções Outorgadas e Ações em Tesouraria;5.05.01;Lucro Líquido do Período;0.0000000000;S
VIVT3;02.558.157/0001-62;2025-12-31;1;TELEFÔNICA BRASIL S.A;017671;DF Consolidado - Demonstração das Mutações do Patrimônio Líquido;REAL;MIL;ÚLTIMO;2025-01-01;2025-12-31;Reservas de Capital, Opções Outorgadas e Ações em Tesouraria;5.05.01;Lucro Líquido do Período;0.0000000000;S
VIVT3;02.558.157/0001-62;2025-12-31;1;TELEFÔNICA BRASIL S.A;017671;DF Consolidado - Demonstração das Mutações do Patrimônio Líquido;REAL;MIL;PENÚLTIMO;2024-01-01;2024-12-31;Reservas de Lucro;5.05.01;Lucro Líquido do Período;0.0000000000;S
VIVT3;02.558.157/0001-62;2025-12-31;1;TELEFÔNICA BRASIL S.A;017671;DF Consolidado - Demonstração das Mutações do Patrimônio Líquido;REAL;MIL;ÚLTIMO;2025-01-01;2025-12-31;Reservas de Lucro;5.05.01;Lucro Líquido do Período;0.0000000000;S
VIVT3;02.558.157/0001-62;2025-12-31;1;TELEFÔNICA BRASIL S.A;017671;DF Consolidado - Demonstração das Mutações do Patrimônio Líquido;REAL;MIL;PENÚLTIMO;2024-01-01;2024-12-31;Lucros ou Prejuízos Acumulados;5.05.01;Lucro Líquido do Período;5547948.0000000000;S
VIVT3;02.558.157/0001-62;2025-12-31;1;TELEFÔNICA BRASIL S.A;017671;DF Consolidado - Demonstração das Mutações do Patrimônio Líquido;REAL;MIL;ÚLTIMO;2025-01-01;2025-12-31;Lucros ou Prejuízos Acumulados;5.05.01;Lucro Líquido do Período;6167906.0000000000;S
VIVT3;02.558.157/0001-62;2025-12-31;1;TELEFÔNICA BRASIL S.A;017671;DF Consolidado - Demonstração das Mutações do Patrimônio Líquido;REAL;MIL;PENÚLTIMO;2024-01-01;2024-12-31;Outros Resultados Abrangentes;5.05.01;Lucro Líquido do Período;0.0000000000;S
VIVT3;02.558.157/0001-62;2025-12-31;1;TELEFÔNICA BRASIL S.A;017671;DF Consolidado - Demonstração das Mutações do Patrimônio Líquido;REAL;MIL;ÚLTIMO;2025-01-01;2025-12-31;Outros Resultados Abrangentes;5.05.01;Lucro Líquido do Período;0.0000000000;S
VIVT3;02.558.157/0001-62;2025-12-31;1;TELEFÔNICA BRASIL S.A;017671;DF Consolidado - Demonstração das Mutações do Patrimônio Líquido;REAL;MIL;PENÚLTIMO;2024-01-01;2024-12-31;Patrimônio Líquido;5.05.01;Lucro Líquido do Período;5547948.0000000000;S
VIVT3;02.558.157/0001-62;2025-12-31;1;TELEFÔNICA BRASIL S.A;017671;DF Consolidado - Demonstração das Mutações do Patrimônio Líquido;REAL;MIL;ÚLTIMO;2025-01-01;2025-12-31;Patrimônio Líquido;5.05.01;Lucro Líquido do Período;6167906.0000000000;S
VIVT3;02.558.157/0001-62;2025-12-31;1;TELEFÔNICA BRASIL S.A;017671;DF Consolidado - Demonstração das Mutações do Patrimônio Líquido;REAL;MIL;PENÚLTIMO;2024-01-01;2024-12-31;Participação dos Não Controladores;5.05.01;Lucro Líquido do Período;9384.0000000000;S
VIVT3;02.558.157/0001-62;2025-12-31;1;TELEFÔNICA BRASIL S.A;017671;DF Consolidado - Demonstração das Mutações do Patrimônio Líquido;REAL;MIL;ÚLTIMO;2025-01-01;2025-12-31;Participação dos Não Controladores;5.05.01;Lucro Líquido do Período;9637.0000000000;S
VIVT3;02.558.157/0001-62;2025-12-31;1;TELEFÔNICA BRASIL S.A;017671;DF Consolidado - Demonstração das Mutações do Patrimônio Líquido;REAL;MIL;PENÚLTIMO;2024-01-01;2024-12-31;Patrimônio Líquido Consolidado;5.05.01;Lucro Líquido do Período;5557332.0000000000;S
VIVT3;02.558.157/0001-62;2025-12-31;1;TELEFÔNICA BRASIL S.A;017671;DF Consolidado - Demonstração das Mutações do Patrimônio Líquido;REAL;MIL;ÚLTIMO;2025-01-01;2025-12-31;Patrimônio Líquido Consolidado;5.05.01;Lucro Líquido do Período;6177543.0000000000;S
VIVT3;02.558.157/0001-62;2025-12-31;1;TELEFÔNICA BRASIL S.A;017671;DF Consolidado - Demonstração das Mutações do Patrimônio Líquido;REAL;MIL;PENÚLTIMO;2024-01-01;2024-12-31;Capital Social Integralizado;5.05.02;Outros Resultados Abrangentes;0.0000000000;S
VIVT3;02.558.157/0001-62;2025-12-31;1;TELEFÔNICA BRASIL S.A;017671;DF Consolidado - Demonstração das Mutações do Patrimônio Líquido;REAL;MIL;ÚLTIMO;2025-01-01;2025-12-31;Capital Social Integralizado;5.05.02;Outros Resultados Abrangentes;0.0000000000;S
VIVT3;02.558.157/0001-62;2025-12-31;1;TELEFÔNICA BRASIL S.A;017671;DF Consolidado - Demonstração das Mutações do Patrimônio Líquido;REAL;MIL;PENÚLTIMO;2024-01-01;2024-12-31;Reservas de Capital, Opções Outorgadas e Ações em Tesouraria;5.05.02;Outros Resultados Abrangentes;0.0000000000;S
VIVT3;02.558.157/0001-62;2025-12-31;1;TELEFÔNICA BRASIL S.A;017671;DF Consolidado - Demonstração das Mutações do Patrimônio Líquido;REAL;MIL;ÚLTIMO;2025-01-01;2025-12-31;Reservas de Capital, Opções Outorgadas e Ações em Tesouraria;5.05.02;Outros Resultados Abrangentes;0.0000000000;S
VIVT3;02.558.157/0001-62;2025-12-31;1;TELEFÔNICA BRASIL S.A;017671;DF Consolidado - Demonstração das Mutações do Patrimônio Líquido;REAL;MIL;PENÚLTIMO;2024-01-01;2024-12-31;Reservas de Lucro;5.05.02;Outros Resultados Abrangentes;0.0000000000;S
VIVT3;02.558.157/0001-62;2025-12-31;1;TELEFÔNICA BRASIL S.A;017671;DF Consolidado - Demonstração das Mutações do Patrimônio Líquido;REAL;MIL;ÚLTIMO;2025-01-01;2025-12-31;Reservas de Lucro;5.05.02;Outros Resultados Abrangentes;0.0000000000;S
VIVT3;02.558.157/0001-62;2025-12-31;1;TELEFÔNICA BRASIL S.A;017671;DF Consolidado - Demonstração das Mutações do Patrimônio Líquido;REAL;MIL;PENÚLTIMO;2024-01-01;2024-12-31;Lucros ou Prejuízos Acumulados;5.05.02;Outros Resultados Abrangentes;367299.0000000000;S
VIVT3;02.558.157/0001-62;2025-12-31;1;TELEFÔNICA BRASIL S.A;017671;DF Consolidado - Demonstração das Mutações do Patrimônio Líquido;REAL;MIL;ÚLTIMO;2025-01-01;2025-12-31;Lucros ou Prejuízos Acumulados;5.05.02;Outros Resultados Abrangentes;10157.0000000000;S
VIVT3;02.558.157/0001-62;2025-12-31;1;TELEFÔNICA BRASIL S.A;017671;DF Consolidado - Demonstração das Mutações do Patrimônio Líquido;REAL;MIL;PENÚLTIMO;2024-01-01;2024-12-31;Outros Resultados Abrangentes;5.05.02;Outros Resultados Abrangentes;25146.0000000000;S
VIVT3;02.558.157/0001-62;2025-12-31;1;TELEFÔNICA BRASIL S.A;017671;DF Consolidado - Demonstração das Mutações do Patrimônio Líquido;REAL;MIL;ÚLTIMO;2025-01-01;2025-12-31;Outros Resultados Abrangentes;5.05.02;Outros Resultados Abrangentes;-46802.0000000000;S
VIVT3;02.558.157/0001-62;2025-12-31;1;TELEFÔNICA BRASIL S.A;017671;DF Consolidado - Demonstração das Mutações do Patrimônio Líquido;REAL;MIL;PENÚLTIMO;2024-01-01;2024-12-31;Patrimônio Líquido;5.05.02;Outros Resultados Abrangentes;392445.0000000000;S
VIVT3;02.558.157/0001-62;2025-12-31;1;TELEFÔNICA BRASIL S.A;017671;DF Consolidado - Demonstração das Mutações do Patrimônio Líquido;REAL;MIL;ÚLTIMO;2025-01-01;2025-12-31;Patrimônio Líquido;5.05.02;Outros Resultados Abrangentes;-36645.0000000000;S
VIVT3;02.558.157/0001-62;2025-12-31;1;TELEFÔNICA BRASIL S.A;017671;DF Consolidado - Demonstração das Mutações do Patrimônio Líquido;REAL;MIL;PENÚLTIMO;2024-01-01;2024-12-31;Participação dos Não Controladores;5.05.02;Outros Resultados Abrangentes;-11.0000000000;S
VIVT3;02.558.157/0001-62;2025-12-31;1;TELEFÔNICA BRASIL S.A;017671;DF Consolidado - Demonstração das Mutações do Patrimônio Líquido;REAL;MIL;ÚLTIMO;2025-01-01;2025-12-31;Participação dos Não Controladores;5.05.02;Outros Resultados Abrangentes;-95.0000000000;S
VIVT3;02.558.157/0001-62;2025-12-31;1;TELEFÔNICA BRASIL S.A;017671;DF Consolidado - Demonstração das Mutações do Patrimônio Líquido;REAL;MIL;PENÚLTIMO;2024-01-01;2024-12-31;Patrimônio Líquido Consolidado;5.05.02;Outros Resultados Abrangentes;392434.0000000000;S
VIVT3;02.558.157/0001-62;2025-12-31;1;TELEFÔNICA BRASIL S.A;017671;DF Consolidado - Demonstração das Mutações do Patrimônio Líquido;REAL;MIL;ÚLTIMO;2025-01-01;2025-12-31;Patrimônio Líquido Consolidado;5.05.02;Outros Resultados Abrangentes;-36740.0000000000;S
VIVT3;02.558.157/0001-62;2025-12-31;1;TELEFÔNICA BRASIL S.A;017671;DF Consolidado - Demonstração das Mutações do Patrimônio Líquido;REAL;MIL;PENÚLTIMO;2024-01-01;2024-12-31;Capital Social Integralizado;5.05.02.01;Ajustes de Instrumentos Financeiros;0.0000000000;S
VIVT3;02.558.157/0001-62;2025-12-31;1;TELEFÔNICA BRASIL S.A;017671;DF Consolidado - Demonstração das Mutações do Patrimônio Líquido;REAL;MIL;ÚLTIMO;2025-01-01;2025-12-31;Capital Social Integralizado;5.05.02.01;Ajustes de Instrumentos Financeiros;0.0000000000;S
VIVT3;02.558.157/0001-62;2025-12-31;1;TELEFÔNICA BRASIL S.A;017671;DF Consolidado - Demonstração das Mutações do Patrimônio Líquido;REAL;MIL;PENÚLTIMO;2024-01-01;2024-12-31;Reservas de Capital, Opções Outorgadas e Ações em Tesouraria;5.05.02.01;Ajustes de Instrumentos Financeiros;0.0000000000;S
VIVT3;02.558.157/0001-62;2025-12-31;1;TELEFÔNICA BRASIL S.A;017671;DF Consolidado - Demonstração das Mutações do Patrimônio Líquido;REAL;MIL;ÚLTIMO;2025-01-01;2025-12-31;Reservas de Capital, Opções Outorgadas e Ações em Tesouraria;5.05.02.01;Ajustes de Instrumentos Financeiros;0.0000000000;S
VIVT3;02.558.157/0001-62;2025-12-31;1;TELEFÔNICA BRASIL S.A;017671;DF Consolidado - Demonstração das Mutações do Patrimônio Líquido;REAL;MIL;PENÚLTIMO;2024-01-01;2024-12-31;Reservas de Lucro;5.05.02.01;Ajustes de Instrumentos Financeiros;0.0000000000;S
VIVT3;02.558.157/0001-62;2025-12-31;1;TELEFÔNICA BRASIL S.A;017671;DF Consolidado - Demonstração das Mutações do Patrimônio Líquido;REAL;MIL;ÚLTIMO;2025-01-01;2025-12-31;Reservas de Lucro;5.05.02.01;Ajustes de Instrumentos Financeiros;0.0000000000;S
VIVT3;02.558.157/0001-62;2025-12-31;1;TELEFÔNICA BRASIL S.A;017671;DF Consolidado - Demonstração das Mutações do Patrimônio Líquido;REAL;MIL;PENÚLTIMO;2024-01-01;2024-12-31;Lucros ou Prejuízos Acumulados;5.05.02.01;Ajustes de Instrumentos Financeiros;0.0000000000;S
VIVT3;02.558.157/0001-62;2025-12-31;1;TELEFÔNICA BRASIL S.A;017671;DF Consolidado - Demonstração das Mutações do Patrimônio Líquido;REAL;MIL;ÚLTIMO;2025-01-01;2025-12-31;Lucros ou Prejuízos Acumulados;5.05.02.01;Ajustes de Instrumentos Financeiros;0.0000000000;S
VIVT3;02.558.157/0001-62;2025-12-31;1;TELEFÔNICA BRASIL S.A;017671;DF Consolidado - Demonstração das Mutações do Patrimônio Líquido;REAL;MIL;PENÚLTIMO;2024-01-01;2024-12-31;Outros Resultados Abrangentes;5.05.02.01;Ajustes de Instrumentos Financeiros;0.0000000000;S
VIVT3;02.558.157/0001-62;2025-12-31;1;TELEFÔNICA BRASIL S.A;017671;DF Consolidado - Demonstração das Mutações do Patrimônio Líquido;REAL;MIL;ÚLTIMO;2025-01-01;2025-12-31;Outros Resultados Abrangentes;5.05.02.01;Ajustes de Instrumentos Financeiros;0.0000000000;S
VIVT3;02.558.157/0001-62;2025-12-31;1;TELEFÔNICA BRASIL S.A;017671;DF Consolidado - Demonstração das Mutações do Patrimônio Líquido;REAL;MIL;PENÚLTIMO;2024-01-01;2024-12-31;Patrimônio Líquido;5.05.02.01;Ajustes de Instrumentos Financeiros;0.0000000000;S
VIVT3;02.558.157/0001-62;2025-12-31;1;TELEFÔNICA BRASIL S.A;017671;DF Consolidado - Demonstração das Mutações do Patrimônio Líquido;REAL;MIL;ÚLTIMO;2025-01-01;2025-12-31;Patrimônio Líquido;5.05.02.01;Ajustes de Instrumentos Financeiros;0.0000000000;S
VIVT3;02.558.157/0001-62;2025-12-31;1;TELEFÔNICA BRASIL S.A;017671;DF Consolidado - Demonstração das Mutações do Patrimônio Líquido;REAL;MIL;PENÚLTIMO;2024-01-01;2024-12-31;Participação dos Não Controladores;5.05.02.01;Ajustes de Instrumentos Financeiros;0.0000000000;S
VIVT3;02.558.157/0001-62;2025-12-31;1;TELEFÔNICA BRASIL S.A;017671;DF Consolidado - Demonstração das Mutações do Patrimônio Líquido;REAL;MIL;ÚLTIMO;2025-01-01;2025-12-31;Participação dos Não Controladores;5.05.02.01;Ajustes de Instrumentos Financeiros;0.0000000000;S
VIVT3;02.558.157/0001-62;2025-12-31;1;TELEFÔNICA BRASIL S.A;017671;DF Consolidado - Demonstração das Mutações do Patrimônio Líquido;REAL;MIL;PENÚLTIMO;2024-01-01;2024-12-31;Patrimônio Líquido Consolidado;5.05.02.01;Ajustes de Instrumentos Financeiros;0.0000000000;S
VIVT3;02.558.157/0001-62;2025-12-31;1;TELEFÔNICA BRASIL S.A;017671;DF Consolidado - Demonstração das Mutações do Patrimônio Líquido;REAL;MIL;ÚLTIMO;2025-01-01;2025-12-31;Patrimônio Líquido Consolidado;5.05.02.01;Ajustes de Instrumentos Financeiros;0.0000000000;S
VIVT3;02.558.157/0001-62;2025-12-31;1;TELEFÔNICA BRASIL S.A;017671;DF Consolidado - Demonstração das Mutações do Patrimônio Líquido;REAL;MIL;PENÚLTIMO;2024-01-01;2024-12-31;Capital Social Integralizado;5.05.02.02;Tributos s/ Ajustes Instrumentos Financeiros;0.0000000000;S
VIVT3;02.558.157/0001-62;2025-12-31;1;TELEFÔNICA BRASIL S.A;017671;DF Consolidado - Demonstração das Mutações do Patrimônio Líquido;REAL;MIL;ÚLTIMO;2025-01-01;2025-12-31;Capital Social Integralizado;5.05.02.02;Tributos s/ Ajustes Instrumentos Financeiros;0.0000000000;S
VIVT3;02.558.157/0001-62;2025-12-31;1;TELEFÔNICA BRASIL S.A;017671;DF Consolidado - Demonstração das Mutações do Patrimônio Líquido;REAL;MIL;PENÚLTIMO;2024-01-01;2024-12-31;Reservas de Capital, Opções Outorgadas e Ações em Tesouraria;5.05.02.02;Tributos s/ Ajustes Instrumentos Financeiros;0.0000000000;S
VIVT3;02.558.157/0001-62;2025-12-31;1;TELEFÔNICA BRASIL S.A;017671;DF Consolidado - Demonstração das Mutações do Patrimônio Líquido;REAL;MIL;ÚLTIMO;2025-01-01;2025-12-31;Reservas de Capital, Opções Outorgadas e Ações em Tesouraria;5.05.02.02;Tributos s/ Ajustes Instrumentos Financeiros;0.0000000000;S
VIVT3;02.558.157/0001-62;2025-12-31;1;TELEFÔNICA BRASIL S.A;017671;DF Consolidado - Demonstração das Mutações do Patrimônio Líquido;REAL;MIL;PENÚLTIMO;2024-01-01;2024-12-31;Reservas de Lucro;5.05.02.02;Tributos s/ Ajustes Instrumentos Financeiros;0.0000000000;S
VIVT3;02.558.157/0001-62;2025-12-31;1;TELEFÔNICA BRASIL S.A;017671;DF Consolidado - Demonstração das Mutações do Patrimônio Líquido;REAL;MIL;ÚLTIMO;2025-01-01;2025-12-31;Reservas de Lucro;5.05.02.02;Tributos s/ Ajustes Instrumentos Financeiros;0.0000000000;S
VIVT3;02.558.157/0001-62;2025-12-31;1;TELEFÔNICA BRASIL S.A;017671;DF Consolidado - Demonstração das Mutações do Patrimônio Líquido;REAL;MIL;PENÚLTIMO;2024-01-01;2024-12-31;Lucros ou Prejuízos Acumulados;5.05.02.02;Tributos s/ Ajustes Instrumentos Financeiros;0.0000000000;S
VIVT3;02.558.157/0001-62;2025-12-31;1;TELEFÔNICA BRASIL S.A;017671;DF Consolidado - Demonstração das Mutações do Patrimônio Líquido;REAL;MIL;ÚLTIMO;2025-01-01;2025-12-31;Lucros ou Prejuízos Acumulados;5.05.02.02;Tributos s/ Ajustes Instrumentos Financeiros;0.0000000000;S
VIVT3;02.558.157/0001-62;2025-12-31;1;TELEFÔNICA BRASIL S.A;017671;DF Consolidado - Demonstração das Mutações do Patrimônio Líquido;REAL;MIL;PENÚLTIMO;2024-01-01;2024-12-31;Outros Resultados Abrangentes;5.05.02.02;Tributos s/ Ajustes Instrumentos Financeiros;0.0000000000;S
VIVT3;02.558.157/0001-62;2025-12-31;1;TELEFÔNICA BRASIL S.A;017671;DF Consolidado - Demonstração das Mutações do Patrimônio Líquido;REAL;MIL;ÚLTIMO;2025-01-01;2025-12-31;Outros Resultados Abrangentes;5.05.02.02;Tributos s/ Ajustes Instrumentos Financeiros;0.0000000000;S
VIVT3;02.558.157/0001-62;2025-12-31;1;TELEFÔNICA BRASIL S.A;017671;DF Consolidado - Demonstração das Mutações do Patrimônio Líquido;REAL;MIL;PENÚLTIMO;2024-01-01;2024-12-31;Patrimônio Líquido;5.05.02.02;Tributos s/ Ajustes Instrumentos Financeiros;0.0000000000;S
VIVT3;02.558.157/0001-62;2025-12-31;1;TELEFÔNICA BRASIL S.A;017671;DF Consolidado - Demonstração das Mutações do Patrimônio Líquido;REAL;MIL;ÚLTIMO;2025-01-01;2025-12-31;Patrimônio Líquido;5.05.02.02;Tributos s/ Ajustes Instrumentos Financeiros;0.0000000000;S
VIVT3;02.558.157/0001-62;2025-12-31;1;TELEFÔNICA BRASIL S.A;017671;DF Consolidado - Demonstração das Mutações do Patrimônio Líquido;REAL;MIL;PENÚLTIMO;2024-01-01;2024-12-31;Participação dos Não Controladores;5.05.02.02;Tributos s/ Ajustes Instrumentos Financeiros;0.0000000000;S
VIVT3;02.558.157/0001-62;2025-12-31;1;TELEFÔNICA BRASIL S.A;017671;DF Consolidado - Demonstração das Mutações do Patrimônio Líquido;REAL;MIL;ÚLTIMO;2025-01-01;2025-12-31;Participação dos Não Controladores;5.05.02.02;Tributos s/ Ajustes Instrumentos Financeiros;0.0000000000;S
VIVT3;02.558.157/0001-62;2025-12-31;1;TELEFÔNICA BRASIL S.A;017671;DF Consolidado - Demonstração das Mutações do Patrimônio Líquido;REAL;MIL;PENÚLTIMO;2024-01-01;2024-12-31;Patrimônio Líquido Consolidado;5.05.02.02;Tributos s/ Ajustes Instrumentos Financeiros;0.0000000000;S
VIVT3;02.558.157/0001-62;2025-12-31;1;TELEFÔNICA BRASIL S.A;017671;DF Consolidado - Demonstração das Mutações do Patrimônio Líquido;REAL;MIL;ÚLTIMO;2025-01-01;2025-12-31;Patrimônio Líquido Consolidado;5.05.02.02;Tributos s/ Ajustes Instrumentos Financeiros;0.0000000000;S
VIVT3;02.558.157/0001-62;2025-12-31;1;TELEFÔNICA BRASIL S.A;017671;DF Consolidado - Demonstração das Mutações do Patrimônio Líquido;REAL;MIL;PENÚLTIMO;2024-01-01;2024-12-31;Capital Social Integralizado;5.05.02.03;Equiv. Patrim. s/Result. Abrang. Coligadas;0.0000000000;S
VIVT3;02.558.157/0001-62;2025-12-31;1;TELEFÔNICA BRASIL S.A;017671;DF Consolidado - Demonstração das Mutações do Patrimônio Líquido;REAL;MIL;ÚLTIMO;2025-01-01;2025-12-31;Capital Social Integralizado;5.05.02.03;Equiv. Patrim. s/Result. Abrang. Coligadas;0.0000000000;S
VIVT3;02.558.157/0001-62;2025-12-31;1;TELEFÔNICA BRASIL S.A;017671;DF Consolidado - Demonstração das Mutações do Patrimônio Líquido;REAL;MIL;PENÚLTIMO;2024-01-01;2024-12-31;Reservas de Capital, Opções Outorgadas e Ações em Tesouraria;5.05.02.03;Equiv. Patrim. s/Result. Abrang. Coligadas;0.0000000000;S
VIVT3;02.558.157/0001-62;2025-12-31;1;TELEFÔNICA BRASIL S.A;017671;DF Consolidado - Demonstração das Mutações do Patrimônio Líquido;REAL;MIL;ÚLTIMO;2025-01-01;2025-12-31;Reservas de Capital, Opções Outorgadas e Ações em Tesouraria;5.05.02.03;Equiv. Patrim. s/Result. Abrang. Coligadas;0.0000000000;S
VIVT3;02.558.157/0001-62;2025-12-31;1;TELEFÔNICA BRASIL S.A;017671;DF Consolidado - Demonstração das Mutações do Patrimônio Líquido;REAL;MIL;PENÚLTIMO;2024-01-01;2024-12-31;Reservas de Lucro;5.05.02.03;Equiv. Patrim. s/Result. Abrang. Coligadas;0.0000000000;S
VIVT3;02.558.157/0001-62;2025-12-31;1;TELEFÔNICA BRASIL S.A;017671;DF Consolidado - Demonstração das Mutações do Patrimônio Líquido;REAL;MIL;ÚLTIMO;2025-01-01;2025-12-31;Reservas de Lucro;5.05.02.03;Equiv. Patrim. s/Result. Abrang. Coligadas;0.0000000000;S
VIVT3;02.558.157/0001-62;2025-12-31;1;TELEFÔNICA BRASIL S.A;017671;DF Consolidado - Demonstração das Mutações do Patrimônio Líquido;REAL;MIL;PENÚLTIMO;2024-01-01;2024-12-31;Lucros ou Prejuízos Acumulados;5.05.02.03;Equiv. Patrim. s/Result. Abrang. Coligadas;0.0000000000;S
VIVT3;02.558.157/0001-62;2025-12-31;1;TELEFÔNICA BRASIL S.A;017671;DF Consolidado - Demonstração das Mutações do Patrimônio Líquido;REAL;MIL;ÚLTIMO;2025-01-01;2025-12-31;Lucros ou Prejuízos Acumulados;5.05.02.03;Equiv. Patrim. s/Result. Abrang. Coligadas;0.0000000000;S
VIVT3;02.558.157/0001-62;2025-12-31;1;TELEFÔNICA BRASIL S.A;017671;DF Consolidado - Demonstração das Mutações do Patrimônio Líquido;REAL;MIL;PENÚLTIMO;2024-01-01;2024-12-31;Outros Resultados Abrangentes;5.05.02.03;Equiv. Patrim. s/Result. Abrang. Coligadas;0.0000000000;S
VIVT3;02.558.157/0001-62;2025-12-31;1;TELEFÔNICA BRASIL S.A;017671;DF Consolidado - Demonstração das Mutações do Patrimônio Líquido;REAL;MIL;ÚLTIMO;2025-01-01;2025-12-31;Outros Resultados Abrangentes;5.05.02.03;Equiv. Patrim. s/Result. Abrang. Coligadas;0.0000000000;S
VIVT3;02.558.157/0001-62;2025-12-31;1;TELEFÔNICA BRASIL S.A;017671;DF Consolidado - Demonstração das Mutações do Patrimônio Líquido;REAL;MIL;PENÚLTIMO;2024-01-01;2024-12-31;Patrimônio Líquido;5.05.02.03;Equiv. Patrim. s/Result. Abrang. Coligadas;0.0000000000;S
VIVT3;02.558.157/0001-62;2025-12-31;1;TELEFÔNICA BRASIL S.A;017671;DF Consolidado - Demonstração das Mutações do Patrimônio Líquido;REAL;MIL;ÚLTIMO;2025-01-01;2025-12-31;Patrimônio Líquido;5.05.02.03;Equiv. Patrim. s/Result. Abrang. Coligadas;0.0000000000;S
VIVT3;02.558.157/0001-62;2025-12-31;1;TELEFÔNICA BRASIL S.A;017671;DF Consolidado - Demonstração das Mutações do Patrimônio Líquido;REAL;MIL;PENÚLTIMO;2024-01-01;2024-12-31;Participação dos Não Controladores;5.05.02.03;Equiv. Patrim. s/Result. Abrang. Coligadas;0.0000000000;S
VIVT3;02.558.157/0001-62;2025-12-31;1;TELEFÔNICA BRASIL S.A;017671;DF Consolidado - Demonstração das Mutações do Patrimônio Líquido;REAL;MIL;ÚLTIMO;2025-01-01;2025-12-31;Participação dos Não Controladores;5.05.02.03;Equiv. Patrim. s/Result. Abrang. Coligadas;0.0000000000;S
VIVT3;02.558.157/0001-62;2025-12-31;1;TELEFÔNICA BRASIL S.A;017671;DF Consolidado - Demonstração das Mutações do Patrimônio Líquido;REAL;MIL;PENÚLTIMO;2024-01-01;2024-12-31;Patrimônio Líquido Consolidado;5.05.02.03;Equiv. Patrim. s/Result. Abrang. Coligadas;0.0000000000;S
VIVT3;02.558.157/0001-62;2025-12-31;1;TELEFÔNICA BRASIL S.A;017671;DF Consolidado - Demonstração das Mutações do Patrimônio Líquido;REAL;MIL;ÚLTIMO;2025-01-01;2025-12-31;Patrimônio Líquido Consolidado;5.05.02.03;Equiv. Patrim. s/Result. Abrang. Coligadas;0.0000000000;S
VIVT3;02.558.157/0001-62;2025-12-31;1;TELEFÔNICA BRASIL S.A;017671;DF Consolidado - Demonstração das Mutações do Patrimônio Líquido;REAL;MIL;PENÚLTIMO;2024-01-01;2024-12-31;Capital Social Integralizado;5.05.02.04;Ajustes de Conversão do Período;0.0000000000;S
VIVT3;02.558.157/0001-62;2025-12-31;1;TELEFÔNICA BRASIL S.A;017671;DF Consolidado - Demonstração das Mutações do Patrimônio Líquido;REAL;MIL;ÚLTIMO;2025-01-01;2025-12-31;Capital Social Integralizado;5.05.02.04;Ajustes de Conversão do Período;0.0000000000;S
VIVT3;02.558.157/0001-62;2025-12-31;1;TELEFÔNICA BRASIL S.A;017671;DF Consolidado - Demonstração das Mutações do Patrimônio Líquido;REAL;MIL;PENÚLTIMO;2024-01-01;2024-12-31;Reservas de Capital, Opções Outorgadas e Ações em Tesouraria;5.05.02.04;Ajustes de Conversão do Período;0.0000000000;S
VIVT3;02.558.157/0001-62;2025-12-31;1;TELEFÔNICA BRASIL S.A;017671;DF Consolidado - Demonstração das Mutações do Patrimônio Líquido;REAL;MIL;ÚLTIMO;2025-01-01;2025-12-31;Reservas de Capital, Opções Outorgadas e Ações em Tesouraria;5.05.02.04;Ajustes de Conversão do Período;0.0000000000;S
VIVT3;02.558.157/0001-62;2025-12-31;1;TELEFÔNICA BRASIL S.A;017671;DF Consolidado - Demonstração das Mutações do Patrimônio Líquido;REAL;MIL;PENÚLTIMO;2024-01-01;2024-12-31;Reservas de Lucro;5.05.02.04;Ajustes de Conversão do Período;0.0000000000;S
VIVT3;02.558.157/0001-62;2025-12-31;1;TELEFÔNICA BRASIL S.A;017671;DF Consolidado - Demonstração das Mutações do Patrimônio Líquido;REAL;MIL;ÚLTIMO;2025-01-01;2025-12-31;Reservas de Lucro;5.05.02.04;Ajustes de Conversão do Período;0.0000000000;S
VIVT3;02.558.157/0001-62;2025-12-31;1;TELEFÔNICA BRASIL S.A;017671;DF Consolidado - Demonstração das Mutações do Patrimônio Líquido;REAL;MIL;PENÚLTIMO;2024-01-01;2024-12-31;Lucros ou Prejuízos Acumulados;5.05.02.04;Ajustes de Conversão do Período;0.0000000000;S
VIVT3;02.558.157/0001-62;2025-12-31;1;TELEFÔNICA BRASIL S.A;017671;DF Consolidado - Demonstração das Mutações do Patrimônio Líquido;REAL;MIL;ÚLTIMO;2025-01-01;2025-12-31;Lucros ou Prejuízos Acumulados;5.05.02.04;Ajustes de Conversão do Período;0.0000000000;S
VIVT3;02.558.157/0001-62;2025-12-31;1;TELEFÔNICA BRASIL S.A;017671;DF Consolidado - Demonstração das Mutações do Patrimônio Líquido;REAL;MIL;PENÚLTIMO;2024-01-01;2024-12-31;Outros Resultados Abrangentes;5.05.02.04;Ajustes de Conversão do Período;0.0000000000;S
VIVT3;02.558.157/0001-62;2025-12-31;1;TELEFÔNICA BRASIL S.A;017671;DF Consolidado - Demonstração das Mutações do Patrimônio Líquido;REAL;MIL;ÚLTIMO;2025-01-01;2025-12-31;Outros Resultados Abrangentes;5.05.02.04;Ajustes de Conversão do Período;0.0000000000;S
VIVT3;02.558.157/0001-62;2025-12-31;1;TELEFÔNICA BRASIL S.A;017671;DF Consolidado - Demonstração das Mutações do Patrimônio Líquido;REAL;MIL;PENÚLTIMO;2024-01-01;2024-12-31;Patrimônio Líquido;5.05.02.04;Ajustes de Conversão do Período;0.0000000000;S
VIVT3;02.558.157/0001-62;2025-12-31;1;TELEFÔNICA BRASIL S.A;017671;DF Consolidado - Demonstração das Mutações do Patrimônio Líquido;REAL;MIL;ÚLTIMO;2025-01-01;2025-12-31;Patrimônio Líquido;5.05.02.04;Ajustes de Conversão do Período;0.0000000000;S
VIVT3;02.558.157/0001-62;2025-12-31;1;TELEFÔNICA BRASIL S.A;017671;DF Consolidado - Demonstração das Mutações do Patrimônio Líquido;REAL;MIL;PENÚLTIMO;2024-01-01;2024-12-31;Participação dos Não Controladores;5.05.02.04;Ajustes de Conversão do Período;0.0000000000;S
VIVT3;02.558.157/0001-62;2025-12-31;1;TELEFÔNICA BRASIL S.A;017671;DF Consolidado - Demonstração das Mutações do Patrimônio Líquido;REAL;MIL;ÚLTIMO;2025-01-01;2025-12-31;Participação dos Não Controladores;5.05.02.04;Ajustes de Conversão do Período;0.0000000000;S
VIVT3;02.558.157/0001-62;2025-12-31;1;TELEFÔNICA BRASIL S.A;017671;DF Consolidado - Demonstração das Mutações do Patrimônio Líquido;REAL;MIL;PENÚLTIMO;2024-01-01;2024-12-31;Patrimônio Líquido Consolidado;5.05.02.04;Ajustes de Conversão do Período;0.0000000000;S
VIVT3;02.558.157/0001-62;2025-12-31;1;TELEFÔNICA BRASIL S.A;017671;DF Consolidado - Demonstração das Mutações do Patrimônio Líquido;REAL;MIL;ÚLTIMO;2025-01-01;2025-12-31;Patrimônio Líquido Consolidado;5.05.02.04;Ajustes de Conversão do Período;0.0000000000;S
VIVT3;02.558.157/0001-62;2025-12-31;1;TELEFÔNICA BRASIL S.A;017671;DF Consolidado - Demonstração das Mutações do Patrimônio Líquido;REAL;MIL;PENÚLTIMO;2024-01-01;2024-12-31;Capital Social Integralizado;5.05.02.05;Tributos s/ Ajustes de Conversão do Período;0.0000000000;S
VIVT3;02.558.157/0001-62;2025-12-31;1;TELEFÔNICA BRASIL S.A;017671;DF Consolidado - Demonstração das Mutações do Patrimônio Líquido;REAL;MIL;ÚLTIMO;2025-01-01;2025-12-31;Capital Social Integralizado;5.05.02.05;Tributos s/ Ajustes de Conversão do Período;0.0000000000;S
VIVT3;02.558.157/0001-62;2025-12-31;1;TELEFÔNICA BRASIL S.A;017671;DF Consolidado - Demonstração das Mutações do Patrimônio Líquido;REAL;MIL;PENÚLTIMO;2024-01-01;2024-12-31;Reservas de Capital, Opções Outorgadas e Ações em Tesouraria;5.05.02.05;Tributos s/ Ajustes de Conversão do Período;0.0000000000;S
VIVT3;02.558.157/0001-62;2025-12-31;1;TELEFÔNICA BRASIL S.A;017671;DF Consolidado - Demonstração das Mutações do Patrimônio Líquido;REAL;MIL;ÚLTIMO;2025-01-01;2025-12-31;Reservas de Capital, Opções Outorgadas e Ações em Tesouraria;5.05.02.05;Tributos s/ Ajustes de Conversão do Período;0.0000000000;S
VIVT3;02.558.157/0001-62;2025-12-31;1;TELEFÔNICA BRASIL S.A;017671;DF Consolidado - Demonstração das Mutações do Patrimônio Líquido;REAL;MIL;PENÚLTIMO;2024-01-01;2024-12-31;Reservas de Lucro;5.05.02.05;Tributos s/ Ajustes de Conversão do Período;0.0000000000;S
VIVT3;02.558.157/0001-62;2025-12-31;1;TELEFÔNICA BRASIL S.A;017671;DF Consolidado - Demonstração das Mutações do Patrimônio Líquido;REAL;MIL;ÚLTIMO;2025-01-01;2025-12-31;Reservas de Lucro;5.05.02.05;Tributos s/ Ajustes de Conversão do Período;0.0000000000;S
VIVT3;02.558.157/0001-62;2025-12-31;1;TELEFÔNICA BRASIL S.A;017671;DF Consolidado - Demonstração das Mutações do Patrimônio Líquido;REAL;MIL;PENÚLTIMO;2024-01-01;2024-12-31;Lucros ou Prejuízos Acumulados;5.05.02.05;Tributos s/ Ajustes de Conversão do Período;0.0000000000;S
VIVT3;02.558.157/0001-62;2025-12-31;1;TELEFÔNICA BRASIL S.A;017671;DF Consolidado - Demonstração das Mutações do Patrimônio Líquido;REAL;MIL;ÚLTIMO;2025-01-01;2025-12-31;Lucros ou Prejuízos Acumulados;5.05.02.05;Tributos s/ Ajustes de Conversão do Período;0.0000000000;S
VIVT3;02.558.157/0001-62;2025-12-31;1;TELEFÔNICA BRASIL S.A;017671;DF Consolidado - Demonstração das Mutações do Patrimônio Líquido;REAL;MIL;PENÚLTIMO;2024-01-01;2024-12-31;Outros Resultados Abrangentes;5.05.02.05;Tributos s/ Ajustes de Conversão do Período;0.0000000000;S
VIVT3;02.558.157/0001-62;2025-12-31;1;TELEFÔNICA BRASIL S.A;017671;DF Consolidado - Demonstração das Mutações do Patrimônio Líquido;REAL;MIL;ÚLTIMO;2025-01-01;2025-12-31;Outros Resultados Abrangentes;5.05.02.05;Tributos s/ Ajustes de Conversão do Período;0.0000000000;S
VIVT3;02.558.157/0001-62;2025-12-31;1;TELEFÔNICA BRASIL S.A;017671;DF Consolidado - Demonstração das Mutações do Patrimônio Líquido;REAL;MIL;PENÚLTIMO;2024-01-01;2024-12-31;Patrimônio Líquido;5.05.02.05;Tributos s/ Ajustes de Conversão do Período;0.0000000000;S
VIVT3;02.558.157/0001-62;2025-12-31;1;TELEFÔNICA BRASIL S.A;017671;DF Consolidado - Demonstração das Mutações do Patrimônio Líquido;REAL;MIL;ÚLTIMO;2025-01-01;2025-12-31;Patrimônio Líquido;5.05.02.05;Tributos s/ Ajustes de Conversão do Período;0.0000000000;S
VIVT3;02.558.157/0001-62;2025-12-31;1;TELEFÔNICA BRASIL S.A;017671;DF Consolidado - Demonstração das Mutações do Patrimônio Líquido;REAL;MIL;PENÚLTIMO;2024-01-01;2024-12-31;Participação dos Não Controladores;5.05.02.05;Tributos s/ Ajustes de Conversão do Período;0.0000000000;S
VIVT3;02.558.157/0001-62;2025-12-31;1;TELEFÔNICA BRASIL S.A;017671;DF Consolidado - Demonstração das Mutações do Patrimônio Líquido;REAL;MIL;ÚLTIMO;2025-01-01;2025-12-31;Participação dos Não Controladores;5.05.02.05;Tributos s/ Ajustes de Conversão do Período;0.0000000000;S
VIVT3;02.558.157/0001-62;2025-12-31;1;TELEFÔNICA BRASIL S.A;017671;DF Consolidado - Demonstração das Mutações do Patrimônio Líquido;REAL;MIL;PENÚLTIMO;2024-01-01;2024-12-31;Patrimônio Líquido Consolidado;5.05.02.05;Tributos s/ Ajustes de Conversão do Período;0.0000000000;S
VIVT3;02.558.157/0001-62;2025-12-31;1;TELEFÔNICA BRASIL S.A;017671;DF Consolidado - Demonstração das Mutações do Patrimônio Líquido;REAL;MIL;ÚLTIMO;2025-01-01;2025-12-31;Patrimônio Líquido Consolidado;5.05.02.05;Tributos s/ Ajustes de Conversão do Período;0.0000000000;S
VIVT3;02.558.157/0001-62;2025-12-31;1;TELEFÔNICA BRASIL S.A;017671;DF Consolidado - Demonstração das Mutações do Patrimônio Líquido;REAL;MIL;PENÚLTIMO;2024-01-01;2024-12-31;Capital Social Integralizado;5.05.03;Reclassificações para o Resultado;0.0000000000;S
VIVT3;02.558.157/0001-62;2025-12-31;1;TELEFÔNICA BRASIL S.A;017671;DF Consolidado - Demonstração das Mutações do Patrimônio Líquido;REAL;MIL;ÚLTIMO;2025-01-01;2025-12-31;Capital Social Integralizado;5.05.03;Reclassificações para o Resultado;0.0000000000;S
VIVT3;02.558.157/0001-62;2025-12-31;1;TELEFÔNICA BRASIL S.A;017671;DF Consolidado - Demonstração das Mutações do Patrimônio Líquido;REAL;MIL;PENÚLTIMO;2024-01-01;2024-12-31;Reservas de Capital, Opções Outorgadas e Ações em Tesouraria;5.05.03;Reclassificações para o Resultado;0.0000000000;S
VIVT3;02.558.157/0001-62;2025-12-31;1;TELEFÔNICA BRASIL S.A;017671;DF Consolidado - Demonstração das Mutações do Patrimônio Líquido;REAL;MIL;ÚLTIMO;2025-01-01;2025-12-31;Reservas de Capital, Opções Outorgadas e Ações em Tesouraria;5.05.03;Reclassificações para o Resultado;0.0000000000;S
VIVT3;02.558.157/0001-62;2025-12-31;1;TELEFÔNICA BRASIL S.A;017671;DF Consolidado - Demonstração das Mutações do Patrimônio Líquido;REAL;MIL;PENÚLTIMO;2024-01-01;2024-12-31;Reservas de Lucro;5.05.03;Reclassificações para o Resultado;0.0000000000;S
VIVT3;02.558.157/0001-62;2025-12-31;1;TELEFÔNICA BRASIL S.A;017671;DF Consolidado - Demonstração das Mutações do Patrimônio Líquido;REAL;MIL;ÚLTIMO;2025-01-01;2025-12-31;Reservas de Lucro;5.05.03;Reclassificações para o Resultado;0.0000000000;S
VIVT3;02.558.157/0001-62;2025-12-31;1;TELEFÔNICA BRASIL S.A;017671;DF Consolidado - Demonstração das Mutações do Patrimônio Líquido;REAL;MIL;PENÚLTIMO;2024-01-01;2024-12-31;Lucros ou Prejuízos Acumulados;5.05.03;Reclassificações para o Resultado;0.0000000000;S
VIVT3;02.558.157/0001-62;2025-12-31;1;TELEFÔNICA BRASIL S.A;017671;DF Consolidado - Demonstração das Mutações do Patrimônio Líquido;REAL;MIL;ÚLTIMO;2025-01-01;2025-12-31;Lucros ou Prejuízos Acumulados;5.05.03;Reclassificações para o Resultado;0.0000000000;S
VIVT3;02.558.157/0001-62;2025-12-31;1;TELEFÔNICA BRASIL S.A;017671;DF Consolidado - Demonstração das Mutações do Patrimônio Líquido;REAL;MIL;PENÚLTIMO;2024-01-01;2024-12-31;Outros Resultados Abrangentes;5.05.03;Reclassificações para o Resultado;0.0000000000;S
VIVT3;02.558.157/0001-62;2025-12-31;1;TELEFÔNICA BRASIL S.A;017671;DF Consolidado - Demonstração das Mutações do Patrimônio Líquido;REAL;MIL;ÚLTIMO;2025-01-01;2025-12-31;Outros Resultados Abrangentes;5.05.03;Reclassificações para o Resultado;0.0000000000;S
VIVT3;02.558.157/0001-62;2025-12-31;1;TELEFÔNICA BRASIL S.A;017671;DF Consolidado - Demonstração das Mutações do Patrimônio Líquido;REAL;MIL;PENÚLTIMO;2024-01-01;2024-12-31;Patrimônio Líquido;5.05.03;Reclassificações para o Resultado;0.0000000000;S
VIVT3;02.558.157/0001-62;2025-12-31;1;TELEFÔNICA BRASIL S.A;017671;DF Consolidado - Demonstração das Mutações do Patrimônio Líquido;REAL;MIL;ÚLTIMO;2025-01-01;2025-12-31;Patrimônio Líquido;5.05.03;Reclassificações para o Resultado;0.0000000000;S
VIVT3;02.558.157/0001-62;2025-12-31;1;TELEFÔNICA BRASIL S.A;017671;DF Consolidado - Demonstração das Mutações do Patrimônio Líquido;REAL;MIL;PENÚLTIMO;2024-01-01;2024-12-31;Participação dos Não Controladores;5.05.03;Reclassificações para o Resultado;0.0000000000;S
VIVT3;02.558.157/0001-62;2025-12-31;1;TELEFÔNICA BRASIL S.A;017671;DF Consolidado - Demonstração das Mutações do Patrimônio Líquido;REAL;MIL;ÚLTIMO;2025-01-01;2025-12-31;Participação dos Não Controladores;5.05.03;Reclassificações para o Resultado;0.0000000000;S
VIVT3;02.558.157/0001-62;2025-12-31;1;TELEFÔNICA BRASIL S.A;017671;DF Consolidado - Demonstração das Mutações do Patrimônio Líquido;REAL;MIL;PENÚLTIMO;2024-01-01;2024-12-31;Patrimônio Líquido Consolidado;5.05.03;Reclassificações para o Resultado;0.0000000000;S
VIVT3;02.558.157/0001-62;2025-12-31;1;TELEFÔNICA BRASIL S.A;017671;DF Consolidado - Demonstração das Mutações do Patrimônio Líquido;REAL;MIL;ÚLTIMO;2025-01-01;2025-12-31;Patrimônio Líquido Consolidado;5.05.03;Reclassificações para o Resultado;0.0000000000;S
VIVT3;02.558.157/0001-62;2025-12-31;1;TELEFÔNICA BRASIL S.A;017671;DF Consolidado - Demonstração das Mutações do Patrimônio Líquido;REAL;MIL;PENÚLTIMO;2024-01-01;2024-12-31;Capital Social Integralizado;5.05.03.01;Ajustes de Instrumentos Financeiros;0.0000000000;S
VIVT3;02.558.157/0001-62;2025-12-31;1;TELEFÔNICA BRASIL S.A;017671;DF Consolidado - Demonstração das Mutações do Patrimônio Líquido;REAL;MIL;ÚLTIMO;2025-01-01;2025-12-31;Capital Social Integralizado;5.05.03.01;Ajustes de Instrumentos Financeiros;0.0000000000;S
VIVT3;02.558.157/0001-62;2025-12-31;1;TELEFÔNICA BRASIL S.A;017671;DF Consolidado - Demonstração das Mutações do Patrimônio Líquido;REAL;MIL;PENÚLTIMO;2024-01-01;2024-12-31;Reservas de Capital, Opções Outorgadas e Ações em Tesouraria;5.05.03.01;Ajustes de Instrumentos Financeiros;0.0000000000;S
VIVT3;02.558.157/0001-62;2025-12-31;1;TELEFÔNICA BRASIL S.A;017671;DF Consolidado - Demonstração das Mutações do Patrimônio Líquido;REAL;MIL;ÚLTIMO;2025-01-01;2025-12-31;Reservas de Capital, Opções Outorgadas e Ações em Tesouraria;5.05.03.01;Ajustes de Instrumentos Financeiros;0.0000000000;S
VIVT3;02.558.157/0001-62;2025-12-31;1;TELEFÔNICA BRASIL S.A;017671;DF Consolidado - Demonstração das Mutações do Patrimônio Líquido;REAL;MIL;PENÚLTIMO;2024-01-01;2024-12-31;Reservas de Lucro;5.05.03.01;Ajustes de Instrumentos Financeiros;0.0000000000;S
VIVT3;02.558.157/0001-62;2025-12-31;1;TELEFÔNICA BRASIL S.A;017671;DF Consolidado - Demonstração das Mutações do Patrimônio Líquido;REAL;MIL;ÚLTIMO;2025-01-01;2025-12-31;Reservas de Lucro;5.05.03.01;Ajustes de Instrumentos Financeiros;0.0000000000;S
VIVT3;02.558.157/0001-62;2025-12-31;1;TELEFÔNICA BRASIL S.A;017671;DF Consolidado - Demonstração das Mutações do Patrimônio Líquido;REAL;MIL;PENÚLTIMO;2024-01-01;2024-12-31;Lucros ou Prejuízos Acumulados;5.05.03.01;Ajustes de Instrumentos Financeiros;0.0000000000;S
VIVT3;02.558.157/0001-62;2025-12-31;1;TELEFÔNICA BRASIL S.A;017671;DF Consolidado - Demonstração das Mutações do Patrimônio Líquido;REAL;MIL;ÚLTIMO;2025-01-01;2025-12-31;Lucros ou Prejuízos Acumulados;5.05.03.01;Ajustes de Instrumentos Financeiros;0.0000000000;S
VIVT3;02.558.157/0001-62;2025-12-31;1;TELEFÔNICA BRASIL S.A;017671;DF Consolidado - Demonstração das Mutações do Patrimônio Líquido;REAL;MIL;PENÚLTIMO;2024-01-01;2024-12-31;Outros Resultados Abrangentes;5.05.03.01;Ajustes de Instrumentos Financeiros;0.0000000000;S
VIVT3;02.558.157/0001-62;2025-12-31;1;TELEFÔNICA BRASIL S.A;017671;DF Consolidado - Demonstração das Mutações do Patrimônio Líquido;REAL;MIL;ÚLTIMO;2025-01-01;2025-12-31;Outros Resultados Abrangentes;5.05.03.01;Ajustes de Instrumentos Financeiros;0.0000000000;S
VIVT3;02.558.157/0001-62;2025-12-31;1;TELEFÔNICA BRASIL S.A;017671;DF Consolidado - Demonstração das Mutações do Patrimônio Líquido;REAL;MIL;PENÚLTIMO;2024-01-01;2024-12-31;Patrimônio Líquido;5.05.03.01;Ajustes de Instrumentos Financeiros;0.0000000000;S
VIVT3;02.558.157/0001-62;2025-12-31;1;TELEFÔNICA BRASIL S.A;017671;DF Consolidado - Demonstração das Mutações do Patrimônio Líquido;REAL;MIL;ÚLTIMO;2025-01-01;2025-12-31;Patrimônio Líquido;5.05.03.01;Ajustes de Instrumentos Financeiros;0.0000000000;S
VIVT3;02.558.157/0001-62;2025-12-31;1;TELEFÔNICA BRASIL S.A;017671;DF Consolidado - Demonstração das Mutações do Patrimônio Líquido;REAL;MIL;PENÚLTIMO;2024-01-01;2024-12-31;Participação dos Não Controladores;5.05.03.01;Ajustes de Instrumentos Financeiros;0.0000000000;S
VIVT3;02.558.157/0001-62;2025-12-31;1;TELEFÔNICA BRASIL S.A;017671;DF Consolidado - Demonstração das Mutações do Patrimônio Líquido;REAL;MIL;ÚLTIMO;2025-01-01;2025-12-31;Participação dos Não Controladores;5.05.03.01;Ajustes de Instrumentos Financeiros;0.0000000000;S
VIVT3;02.558.157/0001-62;2025-12-31;1;TELEFÔNICA BRASIL S.A;017671;DF Consolidado - Demonstração das Mutações do Patrimônio Líquido;REAL;MIL;PENÚLTIMO;2024-01-01;2024-12-31;Patrimônio Líquido Consolidado;5.05.03.01;Ajustes de Instrumentos Financeiros;0.0000000000;S
VIVT3;02.558.157/0001-62;2025-12-31;1;TELEFÔNICA BRASIL S.A;017671;DF Consolidado - Demonstração das Mutações do Patrimônio Líquido;REAL;MIL;ÚLTIMO;2025-01-01;2025-12-31;Patrimônio Líquido Consolidado;5.05.03.01;Ajustes de Instrumentos Financeiros;0.0000000000;S
VIVT3;02.558.157/0001-62;2025-12-31;1;TELEFÔNICA BRASIL S.A;017671;DF Consolidado - Demonstração das Mutações do Patrimônio Líquido;REAL;MIL;PENÚLTIMO;2024-01-01;2024-12-31;Capital Social Integralizado;5.06;Mutações Internas do Patrimônio Líquido;0.0000000000;S
VIVT3;02.558.157/0001-62;2025-12-31;1;TELEFÔNICA BRASIL S.A;017671;DF Consolidado - Demonstração das Mutações do Patrimônio Líquido;REAL;MIL;ÚLTIMO;2025-01-01;2025-12-31;Capital Social Integralizado;5.06;Mutações Internas do Patrimônio Líquido;0.0000000000;S
VIVT3;02.558.157/0001-62;2025-12-31;1;TELEFÔNICA BRASIL S.A;017671;DF Consolidado - Demonstração das Mutações do Patrimônio Líquido;REAL;MIL;PENÚLTIMO;2024-01-01;2024-12-31;Reservas de Capital, Opções Outorgadas e Ações em Tesouraria;5.06;Mutações Internas do Patrimônio Líquido;0.0000000000;S
VIVT3;02.558.157/0001-62;2025-12-31;1;TELEFÔNICA BRASIL S.A;017671;DF Consolidado - Demonstração das Mutações do Patrimônio Líquido;REAL;MIL;ÚLTIMO;2025-01-01;2025-12-31;Reservas de Capital, Opções Outorgadas e Ações em Tesouraria;5.06;Mutações Internas do Patrimônio Líquido;0.0000000000;S
VIVT3;02.558.157/0001-62;2025-12-31;1;TELEFÔNICA BRASIL S.A;017671;DF Consolidado - Demonstração das Mutações do Patrimônio Líquido;REAL;MIL;PENÚLTIMO;2024-01-01;2024-12-31;Reservas de Lucro;5.06;Mutações Internas do Patrimônio Líquido;2937224.0000000000;S
VIVT3;02.558.157/0001-62;2025-12-31;1;TELEFÔNICA BRASIL S.A;017671;DF Consolidado - Demonstração das Mutações do Patrimônio Líquido;REAL;MIL;ÚLTIMO;2025-01-01;2025-12-31;Reservas de Lucro;5.06;Mutações Internas do Patrimônio Líquido;2958616.0000000000;S
VIVT3;02.558.157/0001-62;2025-12-31;1;TELEFÔNICA BRASIL S.A;017671;DF Consolidado - Demonstração das Mutações do Patrimônio Líquido;REAL;MIL;PENÚLTIMO;2024-01-01;2024-12-31;Lucros ou Prejuízos Acumulados;5.06;Mutações Internas do Patrimônio Líquido;-2937224.0000000000;S
VIVT3;02.558.157/0001-62;2025-12-31;1;TELEFÔNICA BRASIL S.A;017671;DF Consolidado - Demonstração das Mutações do Patrimônio Líquido;REAL;MIL;ÚLTIMO;2025-01-01;2025-12-31;Lucros ou Prejuízos Acumulados;5.06;Mutações Internas do Patrimônio Líquido;-2958616.0000000000;S
VIVT3;02.558.157/0001-62;2025-12-31;1;TELEFÔNICA BRASIL S.A;017671;DF Consolidado - Demonstração das Mutações do Patrimônio Líquido;REAL;MIL;PENÚLTIMO;2024-01-01;2024-12-31;Outros Resultados Abrangentes;5.06;Mutações Internas do Patrimônio Líquido;0.0000000000;S
VIVT3;02.558.157/0001-62;2025-12-31;1;TELEFÔNICA BRASIL S.A;017671;DF Consolidado - Demonstração das Mutações do Patrimônio Líquido;REAL;MIL;ÚLTIMO;2025-01-01;2025-12-31;Outros Resultados Abrangentes;5.06;Mutações Internas do Patrimônio Líquido;0.0000000000;S
VIVT3;02.558.157/0001-62;2025-12-31;1;TELEFÔNICA BRASIL S.A;017671;DF Consolidado - Demonstração das Mutações do Patrimônio Líquido;REAL;MIL;PENÚLTIMO;2024-01-01;2024-12-31;Patrimônio Líquido;5.06;Mutações Internas do Patrimônio Líquido;0.0000000000;S
VIVT3;02.558.157/0001-62;2025-12-31;1;TELEFÔNICA BRASIL S.A;017671;DF Consolidado - Demonstração das Mutações do Patrimônio Líquido;REAL;MIL;ÚLTIMO;2025-01-01;2025-12-31;Patrimônio Líquido;5.06;Mutações Internas do Patrimônio Líquido;0.0000000000;S
VIVT3;02.558.157/0001-62;2025-12-31;1;TELEFÔNICA BRASIL S.A;017671;DF Consolidado - Demonstração das Mutações do Patrimônio Líquido;REAL;MIL;PENÚLTIMO;2024-01-01;2024-12-31;Participação dos Não Controladores;5.06;Mutações Internas do Patrimônio Líquido;0.0000000000;S
VIVT3;02.558.157/0001-62;2025-12-31;1;TELEFÔNICA BRASIL S.A;017671;DF Consolidado - Demonstração das Mutações do Patrimônio Líquido;REAL;MIL;ÚLTIMO;2025-01-01;2025-12-31;Participação dos Não Controladores;5.06;Mutações Internas do Patrimônio Líquido;0.0000000000;S
VIVT3;02.558.157/0001-62;2025-12-31;1;TELEFÔNICA BRASIL S.A;017671;DF Consolidado - Demonstração das Mutações do Patrimônio Líquido;REAL;MIL;PENÚLTIMO;2024-01-01;2024-12-31;Patrimônio Líquido Consolidado;5.06;Mutações Internas do Patrimônio Líquido;0.0000000000;S
VIVT3;02.558.157/0001-62;2025-12-31;1;TELEFÔNICA BRASIL S.A;017671;DF Consolidado - Demonstração das Mutações do Patrimônio Líquido;REAL;MIL;ÚLTIMO;2025-01-01;2025-12-31;Patrimônio Líquido Consolidado;5.06;Mutações Internas do Patrimônio Líquido;0.0000000000;S
VIVT3;02.558.157/0001-62;2025-12-31;1;TELEFÔNICA BRASIL S.A;017671;DF Consolidado - Demonstração das Mutações do Patrimônio Líquido;REAL;MIL;PENÚLTIMO;2024-01-01;2024-12-31;Capital Social Integralizado;5.06.01;Constituição de Reservas;0.0000000000;S
VIVT3;02.558.157/0001-62;2025-12-31;1;TELEFÔNICA BRASIL S.A;017671;DF Consolidado - Demonstração das Mutações do Patrimônio Líquido;REAL;MIL;ÚLTIMO;2025-01-01;2025-12-31;Capital Social Integralizado;5.06.01;Constituição de Reservas;0.0000000000;S
VIVT3;02.558.157/0001-62;2025-12-31;1;TELEFÔNICA BRASIL S.A;017671;DF Consolidado - Demonstração das Mutações do Patrimônio Líquido;REAL;MIL;PENÚLTIMO;2024-01-01;2024-12-31;Reservas de Capital, Opções Outorgadas e Ações em Tesouraria;5.06.01;Constituição de Reservas;0.0000000000;S
VIVT3;02.558.157/0001-62;2025-12-31;1;TELEFÔNICA BRASIL S.A;017671;DF Consolidado - Demonstração das Mutações do Patrimônio Líquido;REAL;MIL;ÚLTIMO;2025-01-01;2025-12-31;Reservas de Capital, Opções Outorgadas e Ações em Tesouraria;5.06.01;Constituição de Reservas;0.0000000000;S
VIVT3;02.558.157/0001-62;2025-12-31;1;TELEFÔNICA BRASIL S.A;017671;DF Consolidado - Demonstração das Mutações do Patrimônio Líquido;REAL;MIL;PENÚLTIMO;2024-01-01;2024-12-31;Reservas de Lucro;5.06.01;Constituição de Reservas;0.0000000000;S
VIVT3;02.558.157/0001-62;2025-12-31;1;TELEFÔNICA BRASIL S.A;017671;DF Consolidado - Demonstração das Mutações do Patrimônio Líquido;REAL;MIL;ÚLTIMO;2025-01-01;2025-12-31;Reservas de Lucro;5.06.01;Constituição de Reservas;0.0000000000;S
VIVT3;02.558.157/0001-62;2025-12-31;1;TELEFÔNICA BRASIL S.A;017671;DF Consolidado - Demonstração das Mutações do Patrimônio Líquido;REAL;MIL;PENÚLTIMO;2024-01-01;2024-12-31;Lucros ou Prejuízos Acumulados;5.06.01;Constituição de Reservas;0.0000000000;S
VIVT3;02.558.157/0001-62;2025-12-31;1;TELEFÔNICA BRASIL S.A;017671;DF Consolidado - Demonstração das Mutações do Patrimônio Líquido;REAL;MIL;ÚLTIMO;2025-01-01;2025-12-31;Lucros ou Prejuízos Acumulados;5.06.01;Constituição de Reservas;0.0000000000;S
VIVT3;02.558.157/0001-62;2025-12-31;1;TELEFÔNICA BRASIL S.A;017671;DF Consolidado - Demonstração das Mutações do Patrimônio Líquido;REAL;MIL;PENÚLTIMO;2024-01-01;2024-12-31;Outros Resultados Abrangentes;5.06.01;Constituição de Reservas;0.0000000000;S
VIVT3;02.558.157/0001-62;2025-12-31;1;TELEFÔNICA BRASIL S.A;017671;DF Consolidado - Demonstração das Mutações do Patrimônio Líquido;REAL;MIL;ÚLTIMO;2025-01-01;2025-12-31;Outros Resultados Abrangentes;5.06.01;Constituição de Reservas;0.0000000000;S
VIVT3;02.558.157/0001-62;2025-12-31;1;TELEFÔNICA BRASIL S.A;017671;DF Consolidado - Demonstração das Mutações do Patrimônio Líquido;REAL;MIL;PENÚLTIMO;2024-01-01;2024-12-31;Patrimônio Líquido;5.06.01;Constituição de Reservas;0.0000000000;S
VIVT3;02.558.157/0001-62;2025-12-31;1;TELEFÔNICA BRASIL S.A;017671;DF Consolidado - Demonstração das Mutações do Patrimônio Líquido;REAL;MIL;ÚLTIMO;2025-01-01;2025-12-31;Patrimônio Líquido;5.06.01;Constituição de Reservas;0.0000000000;S
VIVT3;02.558.157/0001-62;2025-12-31;1;TELEFÔNICA BRASIL S.A;017671;DF Consolidado - Demonstração das Mutações do Patrimônio Líquido;REAL;MIL;PENÚLTIMO;2024-01-01;2024-12-31;Participação dos Não Controladores;5.06.01;Constituição de Reservas;0.0000000000;S
VIVT3;02.558.157/0001-62;2025-12-31;1;TELEFÔNICA BRASIL S.A;017671;DF Consolidado - Demonstração das Mutações do Patrimônio Líquido;REAL;MIL;ÚLTIMO;2025-01-01;2025-12-31;Participação dos Não Controladores;5.06.01;Constituição de Reservas;0.0000000000;S
VIVT3;02.558.157/0001-62;2025-12-31;1;TELEFÔNICA BRASIL S.A;017671;DF Consolidado - Demonstração das Mutações do Patrimônio Líquido;REAL;MIL;PENÚLTIMO;2024-01-01;2024-12-31;Patrimônio Líquido Consolidado;5.06.01;Constituição de Reservas;0.0000000000;S
VIVT3;02.558.157/0001-62;2025-12-31;1;TELEFÔNICA BRASIL S.A;017671;DF Consolidado - Demonstração das Mutações do Patrimônio Líquido;REAL;MIL;ÚLTIMO;2025-01-01;2025-12-31;Patrimônio Líquido Consolidado;5.06.01;Constituição de Reservas;0.0000000000;S
VIVT3;02.558.157/0001-62;2025-12-31;1;TELEFÔNICA BRASIL S.A;017671;DF Consolidado - Demonstração das Mutações do Patrimônio Líquido;REAL;MIL;PENÚLTIMO;2024-01-01;2024-12-31;Capital Social Integralizado;5.06.02;Realização da Reserva Reavaliação;0.0000000000;S
VIVT3;02.558.157/0001-62;2025-12-31;1;TELEFÔNICA BRASIL S.A;017671;DF Consolidado - Demonstração das Mutações do Patrimônio Líquido;REAL;MIL;ÚLTIMO;2025-01-01;2025-12-31;Capital Social Integralizado;5.06.02;Realização da Reserva Reavaliação;0.0000000000;S
VIVT3;02.558.157/0001-62;2025-12-31;1;TELEFÔNICA BRASIL S.A;017671;DF Consolidado - Demonstração das Mutações do Patrimônio Líquido;REAL;MIL;PENÚLTIMO;2024-01-01;2024-12-31;Reservas de Capital, Opções Outorgadas e Ações em Tesouraria;5.06.02;Realização da Reserva Reavaliação;0.0000000000;S
VIVT3;02.558.157/0001-62;2025-12-31;1;TELEFÔNICA BRASIL S.A;017671;DF Consolidado - Demonstração das Mutações do Patrimônio Líquido;REAL;MIL;ÚLTIMO;2025-01-01;2025-12-31;Reservas de Capital, Opções Outorgadas e Ações em Tesouraria;5.06.02;Realização da Reserva Reavaliação;0.0000000000;S
VIVT3;02.558.157/0001-62;2025-12-31;1;TELEFÔNICA BRASIL S.A;017671;DF Consolidado - Demonstração das Mutações do Patrimônio Líquido;REAL;MIL;PENÚLTIMO;2024-01-01;2024-12-31;Reservas de Lucro;5.06.02;Realização da Reserva Reavaliação;0.0000000000;S
VIVT3;02.558.157/0001-62;2025-12-31;1;TELEFÔNICA BRASIL S.A;017671;DF Consolidado - Demonstração das Mutações do Patrimônio Líquido;REAL;MIL;ÚLTIMO;2025-01-01;2025-12-31;Reservas de Lucro;5.06.02;Realização da Reserva Reavaliação;0.0000000000;S
VIVT3;02.558.157/0001-62;2025-12-31;1;TELEFÔNICA BRASIL S.A;017671;DF Consolidado - Demonstração das Mutações do Patrimônio Líquido;REAL;MIL;PENÚLTIMO;2024-01-01;2024-12-31;Lucros ou Prejuízos Acumulados;5.06.02;Realização da Reserva Reavaliação;0.0000000000;S
VIVT3;02.558.157/0001-62;2025-12-31;1;TELEFÔNICA BRASIL S.A;017671;DF Consolidado - Demonstração das Mutações do Patrimônio Líquido;REAL;MIL;ÚLTIMO;2025-01-01;2025-12-31;Lucros ou Prejuízos Acumulados;5.06.02;Realização da Reserva Reavaliação;0.0000000000;S
VIVT3;02.558.157/0001-62;2025-12-31;1;TELEFÔNICA BRASIL S.A;017671;DF Consolidado - Demonstração das Mutações do Patrimônio Líquido;REAL;MIL;PENÚLTIMO;2024-01-01;2024-12-31;Outros Resultados Abrangentes;5.06.02;Realização da Reserva Reavaliação;0.0000000000;S
VIVT3;02.558.157/0001-62;2025-12-31;1;TELEFÔNICA BRASIL S.A;017671;DF Consolidado - Demonstração das Mutações do Patrimônio Líquido;REAL;MIL;ÚLTIMO;2025-01-01;2025-12-31;Outros Resultados Abrangentes;5.06.02;Realização da Reserva Reavaliação;0.0000000000;S
VIVT3;02.558.157/0001-62;2025-12-31;1;TELEFÔNICA BRASIL S.A;017671;DF Consolidado - Demonstração das Mutações do Patrimônio Líquido;REAL;MIL;PENÚLTIMO;2024-01-01;2024-12-31;Patrimônio Líquido;5.06.02;Realização da Reserva Reavaliação;0.0000000000;S
VIVT3;02.558.157/0001-62;2025-12-31;1;TELEFÔNICA BRASIL S.A;017671;DF Consolidado - Demonstração das Mutações do Patrimônio Líquido;REAL;MIL;ÚLTIMO;2025-01-01;2025-12-31;Patrimônio Líquido;5.06.02;Realização da Reserva Reavaliação;0.0000000000;S
VIVT3;02.558.157/0001-62;2025-12-31;1;TELEFÔNICA BRASIL S.A;017671;DF Consolidado - Demonstração das Mutações do Patrimônio Líquido;REAL;MIL;PENÚLTIMO;2024-01-01;2024-12-31;Participação dos Não Controladores;5.06.02;Realização da Reserva Reavaliação;0.0000000000;S
VIVT3;02.558.157/0001-62;2025-12-31;1;TELEFÔNICA BRASIL S.A;017671;DF Consolidado - Demonstração das Mutações do Patrimônio Líquido;REAL;MIL;ÚLTIMO;2025-01-01;2025-12-31;Participação dos Não Controladores;5.06.02;Realização da Reserva Reavaliação;0.0000000000;S
VIVT3;02.558.157/0001-62;2025-12-31;1;TELEFÔNICA BRASIL S.A;017671;DF Consolidado - Demonstração das Mutações do Patrimônio Líquido;REAL;MIL;PENÚLTIMO;2024-01-01;2024-12-31;Patrimônio Líquido Consolidado;5.06.02;Realização da Reserva Reavaliação;0.0000000000;S
VIVT3;02.558.157/0001-62;2025-12-31;1;TELEFÔNICA BRASIL S.A;017671;DF Consolidado - Demonstração das Mutações do Patrimônio Líquido;REAL;MIL;ÚLTIMO;2025-01-01;2025-12-31;Patrimônio Líquido Consolidado;5.06.02;Realização da Reserva Reavaliação;0.0000000000;S
VIVT3;02.558.157/0001-62;2025-12-31;1;TELEFÔNICA BRASIL S.A;017671;DF Consolidado - Demonstração das Mutações do Patrimônio Líquido;REAL;MIL;PENÚLTIMO;2024-01-01;2024-12-31;Capital Social Integralizado;5.06.03;Tributos sobre a Realização da Reserva de Reavaliação;0.0000000000;S
VIVT3;02.558.157/0001-62;2025-12-31;1;TELEFÔNICA BRASIL S.A;017671;DF Consolidado - Demonstração das Mutações do Patrimônio Líquido;REAL;MIL;ÚLTIMO;2025-01-01;2025-12-31;Capital Social Integralizado;5.06.03;Tributos sobre a Realização da Reserva de Reavaliação;0.0000000000;S
VIVT3;02.558.157/0001-62;2025-12-31;1;TELEFÔNICA BRASIL S.A;017671;DF Consolidado - Demonstração das Mutações do Patrimônio Líquido;REAL;MIL;PENÚLTIMO;2024-01-01;2024-12-31;Reservas de Capital, Opções Outorgadas e Ações em Tesouraria;5.06.03;Tributos sobre a Realização da Reserva de Reavaliação;0.0000000000;S
VIVT3;02.558.157/0001-62;2025-12-31;1;TELEFÔNICA BRASIL S.A;017671;DF Consolidado - Demonstração das Mutações do Patrimônio Líquido;REAL;MIL;ÚLTIMO;2025-01-01;2025-12-31;Reservas de Capital, Opções Outorgadas e Ações em Tesouraria;5.06.03;Tributos sobre a Realização da Reserva de Reavaliação;0.0000000000;S
VIVT3;02.558.157/0001-62;2025-12-31;1;TELEFÔNICA BRASIL S.A;017671;DF Consolidado - Demonstração das Mutações do Patrimônio Líquido;REAL;MIL;PENÚLTIMO;2024-01-01;2024-12-31;Reservas de Lucro;5.06.03;Tributos sobre a Realização da Reserva de Reavaliação;0.0000000000;S
VIVT3;02.558.157/0001-62;2025-12-31;1;TELEFÔNICA BRASIL S.A;017671;DF Consolidado - Demonstração das Mutações do Patrimônio Líquido;REAL;MIL;ÚLTIMO;2025-01-01;2025-12-31;Reservas de Lucro;5.06.03;Tributos sobre a Realização da Reserva de Reavaliação;0.0000000000;S
VIVT3;02.558.157/0001-62;2025-12-31;1;TELEFÔNICA BRASIL S.A;017671;DF Consolidado - Demonstração das Mutações do Patrimônio Líquido;REAL;MIL;PENÚLTIMO;2024-01-01;2024-12-31;Lucros ou Prejuízos Acumulados;5.06.03;Tributos sobre a Realização da Reserva de Reavaliação;0.0000000000;S
VIVT3;02.558.157/0001-62;2025-12-31;1;TELEFÔNICA BRASIL S.A;017671;DF Consolidado - Demonstração das Mutações do Patrimônio Líquido;REAL;MIL;ÚLTIMO;2025-01-01;2025-12-31;Lucros ou Prejuízos Acumulados;5.06.03;Tributos sobre a Realização da Reserva de Reavaliação;0.0000000000;S
VIVT3;02.558.157/0001-62;2025-12-31;1;TELEFÔNICA BRASIL S.A;017671;DF Consolidado - Demonstração das Mutações do Patrimônio Líquido;REAL;MIL;PENÚLTIMO;2024-01-01;2024-12-31;Outros Resultados Abrangentes;5.06.03;Tributos sobre a Realização da Reserva de Reavaliação;0.0000000000;S
VIVT3;02.558.157/0001-62;2025-12-31;1;TELEFÔNICA BRASIL S.A;017671;DF Consolidado - Demonstração das Mutações do Patrimônio Líquido;REAL;MIL;ÚLTIMO;2025-01-01;2025-12-31;Outros Resultados Abrangentes;5.06.03;Tributos sobre a Realização da Reserva de Reavaliação;0.0000000000;S
VIVT3;02.558.157/0001-62;2025-12-31;1;TELEFÔNICA BRASIL S.A;017671;DF Consolidado - Demonstração das Mutações do Patrimônio Líquido;REAL;MIL;PENÚLTIMO;2024-01-01;2024-12-31;Patrimônio Líquido;5.06.03;Tributos sobre a Realização da Reserva de Reavaliação;0.0000000000;S
VIVT3;02.558.157/0001-62;2025-12-31;1;TELEFÔNICA BRASIL S.A;017671;DF Consolidado - Demonstração das Mutações do Patrimônio Líquido;REAL;MIL;ÚLTIMO;2025-01-01;2025-12-31;Patrimônio Líquido;5.06.03;Tributos sobre a Realização da Reserva de Reavaliação;0.0000000000;S
VIVT3;02.558.157/0001-62;2025-12-31;1;TELEFÔNICA BRASIL S.A;017671;DF Consolidado - Demonstração das Mutações do Patrimônio Líquido;REAL;MIL;PENÚLTIMO;2024-01-01;2024-12-31;Participação dos Não Controladores;5.06.03;Tributos sobre a Realização da Reserva de Reavaliação;0.0000000000;S
VIVT3;02.558.157/0001-62;2025-12-31;1;TELEFÔNICA BRASIL S.A;017671;DF Consolidado - Demonstração das Mutações do Patrimônio Líquido;REAL;MIL;ÚLTIMO;2025-01-01;2025-12-31;Participação dos Não Controladores;5.06.03;Tributos sobre a Realização da Reserva de Reavaliação;0.0000000000;S
VIVT3;02.558.157/0001-62;2025-12-31;1;TELEFÔNICA BRASIL S.A;017671;DF Consolidado - Demonstração das Mutações do Patrimônio Líquido;REAL;MIL;PENÚLTIMO;2024-01-01;2024-12-31;Patrimônio Líquido Consolidado;5.06.03;Tributos sobre a Realização da Reserva de Reavaliação;0.0000000000;S
VIVT3;02.558.157/0001-62;2025-12-31;1;TELEFÔNICA BRASIL S.A;017671;DF Consolidado - Demonstração das Mutações do Patrimônio Líquido;REAL;MIL;ÚLTIMO;2025-01-01;2025-12-31;Patrimônio Líquido Consolidado;5.06.03;Tributos sobre a Realização da Reserva de Reavaliação;0.0000000000;S
VIVT3;02.558.157/0001-62;2025-12-31;1;TELEFÔNICA BRASIL S.A;017671;DF Consolidado - Demonstração das Mutações do Patrimônio Líquido;REAL;MIL;PENÚLTIMO;2024-01-01;2024-12-31;Capital Social Integralizado;5.06.04;Transferência de Incentivos Fiscais;0.0000000000;N
VIVT3;02.558.157/0001-62;2025-12-31;1;TELEFÔNICA BRASIL S.A;017671;DF Consolidado - Demonstração das Mutações do Patrimônio Líquido;REAL;MIL;ÚLTIMO;2025-01-01;2025-12-31;Capital Social Integralizado;5.06.04;Transferência de Incentivos Fiscais;0.0000000000;N
VIVT3;02.558.157/0001-62;2025-12-31;1;TELEFÔNICA BRASIL S.A;017671;DF Consolidado - Demonstração das Mutações do Patrimônio Líquido;REAL;MIL;PENÚLTIMO;2024-01-01;2024-12-31;Reservas de Capital, Opções Outorgadas e Ações em Tesouraria;5.06.04;Transferência de Incentivos Fiscais;0.0000000000;N
VIVT3;02.558.157/0001-62;2025-12-31;1;TELEFÔNICA BRASIL S.A;017671;DF Consolidado - Demonstração das Mutações do Patrimônio Líquido;REAL;MIL;ÚLTIMO;2025-01-01;2025-12-31;Reservas de Capital, Opções Outorgadas e Ações em Tesouraria;5.06.04;Transferência de Incentivos Fiscais;0.0000000000;N
VIVT3;02.558.157/0001-62;2025-12-31;1;TELEFÔNICA BRASIL S.A;017671;DF Consolidado - Demonstração das Mutações do Patrimônio Líquido;REAL;MIL;PENÚLTIMO;2024-01-01;2024-12-31;Reservas de Lucro;5.06.04;Transferência de Incentivos Fiscais;113352.0000000000;N
VIVT3;02.558.157/0001-62;2025-12-31;1;TELEFÔNICA BRASIL S.A;017671;DF Consolidado - Demonstração das Mutações do Patrimônio Líquido;REAL;MIL;ÚLTIMO;2025-01-01;2025-12-31;Reservas de Lucro;5.06.04;Transferência de Incentivos Fiscais;7559.0000000000;N
VIVT3;02.558.157/0001-62;2025-12-31;1;TELEFÔNICA BRASIL S.A;017671;DF Consolidado - Demonstração das Mutações do Patrimônio Líquido;REAL;MIL;PENÚLTIMO;2024-01-01;2024-12-31;Lucros ou Prejuízos Acumulados;5.06.04;Transferência de Incentivos Fiscais;-113352.0000000000;N
VIVT3;02.558.157/0001-62;2025-12-31;1;TELEFÔNICA BRASIL S.A;017671;DF Consolidado - Demonstração das Mutações do Patrimônio Líquido;REAL;MIL;ÚLTIMO;2025-01-01;2025-12-31;Lucros ou Prejuízos Acumulados;5.06.04;Transferência de Incentivos Fiscais;-7559.0000000000;N
VIVT3;02.558.157/0001-62;2025-12-31;1;TELEFÔNICA BRASIL S.A;017671;DF Consolidado - Demonstração das Mutações do Patrimônio Líquido;REAL;MIL;PENÚLTIMO;2024-01-01;2024-12-31;Outros Resultados Abrangentes;5.06.04;Transferência de Incentivos Fiscais;0.0000000000;N
VIVT3;02.558.157/0001-62;2025-12-31;1;TELEFÔNICA BRASIL S.A;017671;DF Consolidado - Demonstração das Mutações do Patrimônio Líquido;REAL;MIL;ÚLTIMO;2025-01-01;2025-12-31;Outros Resultados Abrangentes;5.06.04;Transferência de Incentivos Fiscais;0.0000000000;N
VIVT3;02.558.157/0001-62;2025-12-31;1;TELEFÔNICA BRASIL S.A;017671;DF Consolidado - Demonstração das Mutações do Patrimônio Líquido;REAL;MIL;PENÚLTIMO;2024-01-01;2024-12-31;Patrimônio Líquido;5.06.04;Transferência de Incentivos Fiscais;0.0000000000;N
VIVT3;02.558.157/0001-62;2025-12-31;1;TELEFÔNICA BRASIL S.A;017671;DF Consolidado - Demonstração das Mutações do Patrimônio Líquido;REAL;MIL;ÚLTIMO;2025-01-01;2025-12-31;Patrimônio Líquido;5.06.04;Transferência de Incentivos Fiscais;0.0000000000;N
VIVT3;02.558.157/0001-62;2025-12-31;1;TELEFÔNICA BRASIL S.A;017671;DF Consolidado - Demonstração das Mutações do Patrimônio Líquido;REAL;MIL;PENÚLTIMO;2024-01-01;2024-12-31;Participação dos Não Controladores;5.06.04;Transferência de Incentivos Fiscais;0.0000000000;N
VIVT3;02.558.157/0001-62;2025-12-31;1;TELEFÔNICA BRASIL S.A;017671;DF Consolidado - Demonstração das Mutações do Patrimônio Líquido;REAL;MIL;ÚLTIMO;2025-01-01;2025-12-31;Participação dos Não Controladores;5.06.04;Transferência de Incentivos Fiscais;0.0000000000;N
VIVT3;02.558.157/0001-62;2025-12-31;1;TELEFÔNICA BRASIL S.A;017671;DF Consolidado - Demonstração das Mutações do Patrimônio Líquido;REAL;MIL;PENÚLTIMO;2024-01-01;2024-12-31;Patrimônio Líquido Consolidado;5.06.04;Transferência de Incentivos Fiscais;0.0000000000;N
VIVT3;02.558.157/0001-62;2025-12-31;1;TELEFÔNICA BRASIL S.A;017671;DF Consolidado - Demonstração das Mutações do Patrimônio Líquido;REAL;MIL;ÚLTIMO;2025-01-01;2025-12-31;Patrimônio Líquido Consolidado;5.06.04;Transferência de Incentivos Fiscais;0.0000000000;N
VIVT3;02.558.157/0001-62;2025-12-31;1;TELEFÔNICA BRASIL S.A;017671;DF Consolidado - Demonstração das Mutações do Patrimônio Líquido;REAL;MIL;PENÚLTIMO;2024-01-01;2024-12-31;Capital Social Integralizado;5.06.05;Reserva para Remuneração aos Acionistas e Investimentos;0.0000000000;N
VIVT3;02.558.157/0001-62;2025-12-31;1;TELEFÔNICA BRASIL S.A;017671;DF Consolidado - Demonstração das Mutações do Patrimônio Líquido;REAL;MIL;ÚLTIMO;2025-01-01;2025-12-31;Capital Social Integralizado;5.06.05;Reserva para Remuneração aos Acionistas e Investimentos;0.0000000000;N
VIVT3;02.558.157/0001-62;2025-12-31;1;TELEFÔNICA BRASIL S.A;017671;DF Consolidado - Demonstração das Mutações do Patrimônio Líquido;REAL;MIL;PENÚLTIMO;2024-01-01;2024-12-31;Reservas de Capital, Opções Outorgadas e Ações em Tesouraria;5.06.05;Reserva para Remuneração aos Acionistas e Investimentos;0.0000000000;N
VIVT3;02.558.157/0001-62;2025-12-31;1;TELEFÔNICA BRASIL S.A;017671;DF Consolidado - Demonstração das Mutações do Patrimônio Líquido;REAL;MIL;ÚLTIMO;2025-01-01;2025-12-31;Reservas de Capital, Opções Outorgadas e Ações em Tesouraria;5.06.05;Reserva para Remuneração aos Acionistas e Investimentos;0.0000000000;N
VIVT3;02.558.157/0001-62;2025-12-31;1;TELEFÔNICA BRASIL S.A;017671;DF Consolidado - Demonstração das Mutações do Patrimônio Líquido;REAL;MIL;PENÚLTIMO;2024-01-01;2024-12-31;Reservas de Lucro;5.06.05;Reserva para Remuneração aos Acionistas e Investimentos;1446891.0000000000;N
VIVT3;02.558.157/0001-62;2025-12-31;1;TELEFÔNICA BRASIL S.A;017671;DF Consolidado - Demonstração das Mutações do Patrimônio Líquido;REAL;MIL;ÚLTIMO;2025-01-01;2025-12-31;Reservas de Lucro;5.06.05;Reserva para Remuneração aos Acionistas e Investimentos;2642662.0000000000;N
VIVT3;02.558.157/0001-62;2025-12-31;1;TELEFÔNICA BRASIL S.A;017671;DF Consolidado - Demonstração das Mutações do Patrimônio Líquido;REAL;MIL;PENÚLTIMO;2024-01-01;2024-12-31;Lucros ou Prejuízos Acumulados;5.06.05;Reserva para Remuneração aos Acionistas e Investimentos;-1446891.0000000000;N
VIVT3;02.558.157/0001-62;2025-12-31;1;TELEFÔNICA BRASIL S.A;017671;DF Consolidado - Demonstração das Mutações do Patrimônio Líquido;REAL;MIL;ÚLTIMO;2025-01-01;2025-12-31;Lucros ou Prejuízos Acumulados;5.06.05;Reserva para Remuneração aos Acionistas e Investimentos;-2642662.0000000000;N
VIVT3;02.558.157/0001-62;2025-12-31;1;TELEFÔNICA BRASIL S.A;017671;DF Consolidado - Demonstração das Mutações do Patrimônio Líquido;REAL;MIL;PENÚLTIMO;2024-01-01;2024-12-31;Outros Resultados Abrangentes;5.06.05;Reserva para Remuneração aos Acionistas e Investimentos;0.0000000000;N
VIVT3;02.558.157/0001-62;2025-12-31;1;TELEFÔNICA BRASIL S.A;017671;DF Consolidado - Demonstração das Mutações do Patrimônio Líquido;REAL;MIL;ÚLTIMO;2025-01-01;2025-12-31;Outros Resultados Abrangentes;5.06.05;Reserva para Remuneração aos Acionistas e Investimentos;0.0000000000;N
VIVT3;02.558.157/0001-62;2025-12-31;1;TELEFÔNICA BRASIL S.A;017671;DF Consolidado - Demonstração das Mutações do Patrimônio Líquido;REAL;MIL;PENÚLTIMO;2024-01-01;2024-12-31;Patrimônio Líquido;5.06.05;Reserva para Remuneração aos Acionistas e Investimentos;0.0000000000;N
VIVT3;02.558.157/0001-62;2025-12-31;1;TELEFÔNICA BRASIL S.A;017671;DF Consolidado - Demonstração das Mutações do Patrimônio Líquido;REAL;MIL;ÚLTIMO;2025-01-01;2025-12-31;Patrimônio Líquido;5.06.05;Reserva para Remuneração aos Acionistas e Investimentos;0.0000000000;N
VIVT3;02.558.157/0001-62;2025-12-31;1;TELEFÔNICA BRASIL S.A;017671;DF Consolidado - Demonstração das Mutações do Patrimônio Líquido;REAL;MIL;PENÚLTIMO;2024-01-01;2024-12-31;Participação dos Não Controladores;5.06.05;Reserva para Remuneração aos Acionistas e Investimentos;0.0000000000;N
VIVT3;02.558.157/0001-62;2025-12-31;1;TELEFÔNICA BRASIL S.A;017671;DF Consolidado - Demonstração das Mutações do Patrimônio Líquido;REAL;MIL;ÚLTIMO;2025-01-01;2025-12-31;Participação dos Não Controladores;5.06.05;Reserva para Remuneração aos Acionistas e Investimentos;0.0000000000;N
VIVT3;02.558.157/0001-62;2025-12-31;1;TELEFÔNICA BRASIL S.A;017671;DF Consolidado - Demonstração das Mutações do Patrimônio Líquido;REAL;MIL;PENÚLTIMO;2024-01-01;2024-12-31;Patrimônio Líquido Consolidado;5.06.05;Reserva para Remuneração aos Acionistas e Investimentos;0.0000000000;N
VIVT3;02.558.157/0001-62;2025-12-31;1;TELEFÔNICA BRASIL S.A;017671;DF Consolidado - Demonstração das Mutações do Patrimônio Líquido;REAL;MIL;ÚLTIMO;2025-01-01;2025-12-31;Patrimônio Líquido Consolidado;5.06.05;Reserva para Remuneração aos Acionistas e Investimentos;0.0000000000;N
VIVT3;02.558.157/0001-62;2025-12-31;1;TELEFÔNICA BRASIL S.A;017671;DF Consolidado - Demonstração das Mutações do Patrimônio Líquido;REAL;MIL;PENÚLTIMO;2024-01-01;2024-12-31;Capital Social Integralizado;5.06.06;Reserva Legal;0.0000000000;N
VIVT3;02.558.157/0001-62;2025-12-31;1;TELEFÔNICA BRASIL S.A;017671;DF Consolidado - Demonstração das Mutações do Patrimônio Líquido;REAL;MIL;ÚLTIMO;2025-01-01;2025-12-31;Capital Social Integralizado;5.06.06;Reserva Legal;0.0000000000;N
VIVT3;02.558.157/0001-62;2025-12-31;1;TELEFÔNICA BRASIL S.A;017671;DF Consolidado - Demonstração das Mutações do Patrimônio Líquido;REAL;MIL;PENÚLTIMO;2024-01-01;2024-12-31;Reservas de Capital, Opções Outorgadas e Ações em Tesouraria;5.06.06;Reserva Legal;0.0000000000;N
VIVT3;02.558.157/0001-62;2025-12-31;1;TELEFÔNICA BRASIL S.A;017671;DF Consolidado - Demonstração das Mutações do Patrimônio Líquido;REAL;MIL;ÚLTIMO;2025-01-01;2025-12-31;Reservas de Capital, Opções Outorgadas e Ações em Tesouraria;5.06.06;Reserva Legal;0.0000000000;N
VIVT3;02.558.157/0001-62;2025-12-31;1;TELEFÔNICA BRASIL S.A;017671;DF Consolidado - Demonstração das Mutações do Patrimônio Líquido;REAL;MIL;PENÚLTIMO;2024-01-01;2024-12-31;Reservas de Lucro;5.06.06;Reserva Legal;277397.0000000000;N
VIVT3;02.558.157/0001-62;2025-12-31;1;TELEFÔNICA BRASIL S.A;017671;DF Consolidado - Demonstração das Mutações do Patrimônio Líquido;REAL;MIL;ÚLTIMO;2025-01-01;2025-12-31;Reservas de Lucro;5.06.06;Reserva Legal;308395.0000000000;N
VIVT3;02.558.157/0001-62;2025-12-31;1;TELEFÔNICA BRASIL S.A;017671;DF Consolidado - Demonstração das Mutações do Patrimônio Líquido;REAL;MIL;PENÚLTIMO;2024-01-01;2024-12-31;Lucros ou Prejuízos Acumulados;5.06.06;Reserva Legal;-277397.0000000000;N
VIVT3;02.558.157/0001-62;2025-12-31;1;TELEFÔNICA BRASIL S.A;017671;DF Consolidado - Demonstração das Mutações do Patrimônio Líquido;REAL;MIL;ÚLTIMO;2025-01-01;2025-12-31;Lucros ou Prejuízos Acumulados;5.06.06;Reserva Legal;-308395.0000000000;N
VIVT3;02.558.157/0001-62;2025-12-31;1;TELEFÔNICA BRASIL S.A;017671;DF Consolidado - Demonstração das Mutações do Patrimônio Líquido;REAL;MIL;PENÚLTIMO;2024-01-01;2024-12-31;Outros Resultados Abrangentes;5.06.06;Reserva Legal;0.0000000000;N
VIVT3;02.558.157/0001-62;2025-12-31;1;TELEFÔNICA BRASIL S.A;017671;DF Consolidado - Demonstração das Mutações do Patrimônio Líquido;REAL;MIL;ÚLTIMO;2025-01-01;2025-12-31;Outros Resultados Abrangentes;5.06.06;Reserva Legal;0.0000000000;N
VIVT3;02.558.157/0001-62;2025-12-31;1;TELEFÔNICA BRASIL S.A;017671;DF Consolidado - Demonstração das Mutações do Patrimônio Líquido;REAL;MIL;PENÚLTIMO;2024-01-01;2024-12-31;Patrimônio Líquido;5.06.06;Reserva Legal;0.0000000000;N
VIVT3;02.558.157/0001-62;2025-12-31;1;TELEFÔNICA BRASIL S.A;017671;DF Consolidado - Demonstração das Mutações do Patrimônio Líquido;REAL;MIL;ÚLTIMO;2025-01-01;2025-12-31;Patrimônio Líquido;5.06.06;Reserva Legal;0.0000000000;N
VIVT3;02.558.157/0001-62;2025-12-31;1;TELEFÔNICA BRASIL S.A;017671;DF Consolidado - Demonstração das Mutações do Patrimônio Líquido;REAL;MIL;PENÚLTIMO;2024-01-01;2024-12-31;Participação dos Não Controladores;5.06.06;Reserva Legal;0.0000000000;N
VIVT3;02.558.157/0001-62;2025-12-31;1;TELEFÔNICA BRASIL S.A;017671;DF Consolidado - Demonstração das Mutações do Patrimônio Líquido;REAL;MIL;ÚLTIMO;2025-01-01;2025-12-31;Participação dos Não Controladores;5.06.06;Reserva Legal;0.0000000000;N
VIVT3;02.558.157/0001-62;2025-12-31;1;TELEFÔNICA BRASIL S.A;017671;DF Consolidado - Demonstração das Mutações do Patrimônio Líquido;REAL;MIL;PENÚLTIMO;2024-01-01;2024-12-31;Patrimônio Líquido Consolidado;5.06.06;Reserva Legal;0.0000000000;N
VIVT3;02.558.157/0001-62;2025-12-31;1;TELEFÔNICA BRASIL S.A;017671;DF Consolidado - Demonstração das Mutações do Patrimônio Líquido;REAL;MIL;ÚLTIMO;2025-01-01;2025-12-31;Patrimônio Líquido Consolidado;5.06.06;Reserva Legal;0.0000000000;N
VIVT3;02.558.157/0001-62;2025-12-31;1;TELEFÔNICA BRASIL S.A;017671;DF Consolidado - Demonstração das Mutações do Patrimônio Líquido;REAL;MIL;PENÚLTIMO;2024-01-01;2024-12-31;Capital Social Integralizado;5.06.07;Dividendo Adicional Proposto;0.0000000000;N
VIVT3;02.558.157/0001-62;2025-12-31;1;TELEFÔNICA BRASIL S.A;017671;DF Consolidado - Demonstração das Mutações do Patrimônio Líquido;REAL;MIL;ÚLTIMO;2025-01-01;2025-12-31;Capital Social Integralizado;5.06.07;Cancelamento de Ações Ordinárias - Ações em Tesouraria;0.0000000000;N
VIVT3;02.558.157/0001-62;2025-12-31;1;TELEFÔNICA BRASIL S.A;017671;DF Consolidado - Demonstração das Mutações do Patrimônio Líquido;REAL;MIL;PENÚLTIMO;2024-01-01;2024-12-31;Reservas de Capital, Opções Outorgadas e Ações em Tesouraria;5.06.07;Dividendo Adicional Proposto;0.0000000000;N
VIVT3;02.558.157/0001-62;2025-12-31;1;TELEFÔNICA BRASIL S.A;017671;DF Consolidado - Demonstração das Mutações do Patrimônio Líquido;REAL;MIL;ÚLTIMO;2025-01-01;2025-12-31;Reservas de Capital, Opções Outorgadas e Ações em Tesouraria;5.06.07;Cancelamento de Ações Ordinárias - Ações em Tesouraria;30.0000000000;N
VIVT3;02.558.157/0001-62;2025-12-31;1;TELEFÔNICA BRASIL S.A;017671;DF Consolidado - Demonstração das Mutações do Patrimônio Líquido;REAL;MIL;PENÚLTIMO;2024-01-01;2024-12-31;Reservas de Lucro;5.06.07;Dividendo Adicional Proposto;0.0000000000;N
VIVT3;02.558.157/0001-62;2025-12-31;1;TELEFÔNICA BRASIL S.A;017671;DF Consolidado - Demonstração das Mutações do Patrimônio Líquido;REAL;MIL;ÚLTIMO;2025-01-01;2025-12-31;Reservas de Lucro;5.06.07;Cancelamento de Ações Ordinárias - Ações em Tesouraria;928892.0000000000;N
VIVT3;02.558.157/0001-62;2025-12-31;1;TELEFÔNICA BRASIL S.A;017671;DF Consolidado - Demonstração das Mutações do Patrimônio Líquido;REAL;MIL;PENÚLTIMO;2024-01-01;2024-12-31;Lucros ou Prejuízos Acumulados;5.06.07;Dividendo Adicional Proposto;0.0000000000;N
VIVT3;02.558.157/0001-62;2025-12-31;1;TELEFÔNICA BRASIL S.A;017671;DF Consolidado - Demonstração das Mutações do Patrimônio Líquido;REAL;MIL;ÚLTIMO;2025-01-01;2025-12-31;Lucros ou Prejuízos Acumulados;5.06.07;Cancelamento de Ações Ordinárias - Ações em Tesouraria;0.0000000000;N
VIVT3;02.558.157/0001-62;2025-12-31;1;TELEFÔNICA BRASIL S.A;017671;DF Consolidado - Demonstração das Mutações do Patrimônio Líquido;REAL;MIL;PENÚLTIMO;2024-01-01;2024-12-31;Outros Resultados Abrangentes;5.06.07;Dividendo Adicional Proposto;0.0000000000;N
VIVT3;02.558.157/0001-62;2025-12-31;1;TELEFÔNICA BRASIL S.A;017671;DF Consolidado - Demonstração das Mutações do Patrimônio Líquido;REAL;MIL;ÚLTIMO;2025-01-01;2025-12-31;Outros Resultados Abrangentes;5.06.07;Cancelamento de Ações Ordinárias - Ações em Tesouraria;0.0000000000;N
VIVT3;02.558.157/0001-62;2025-12-31;1;TELEFÔNICA BRASIL S.A;017671;DF Consolidado - Demonstração das Mutações do Patrimônio Líquido;REAL;MIL;PENÚLTIMO;2024-01-01;2024-12-31;Patrimônio Líquido;5.06.07;Dividendo Adicional Proposto;0.0000000000;N
VIVT3;02.558.157/0001-62;2025-12-31;1;TELEFÔNICA BRASIL S.A;017671;DF Consolidado - Demonstração das Mutações do Patrimônio Líquido;REAL;MIL;ÚLTIMO;2025-01-01;2025-12-31;Patrimônio Líquido;5.06.07;Cancelamento de Ações Ordinárias - Ações em Tesouraria;928922.0000000000;N
VIVT3;02.558.157/0001-62;2025-12-31;1;TELEFÔNICA BRASIL S.A;017671;DF Consolidado - Demonstração das Mutações do Patrimônio Líquido;REAL;MIL;PENÚLTIMO;2024-01-01;2024-12-31;Participação dos Não Controladores;5.06.07;Dividendo Adicional Proposto;0.0000000000;N
VIVT3;02.558.157/0001-62;2025-12-31;1;TELEFÔNICA BRASIL S.A;017671;DF Consolidado - Demonstração das Mutações do Patrimônio Líquido;REAL;MIL;ÚLTIMO;2025-01-01;2025-12-31;Participação dos Não Controladores;5.06.07;Cancelamento de Ações Ordinárias - Ações em Tesouraria;0.0000000000;N
VIVT3;02.558.157/0001-62;2025-12-31;1;TELEFÔNICA BRASIL S.A;017671;DF Consolidado - Demonstração das Mutações do Patrimônio Líquido;REAL;MIL;PENÚLTIMO;2024-01-01;2024-12-31;Patrimônio Líquido Consolidado;5.06.07;Dividendo Adicional Proposto;0.0000000000;N
VIVT3;02.558.157/0001-62;2025-12-31;1;TELEFÔNICA BRASIL S.A;017671;DF Consolidado - Demonstração das Mutações do Patrimônio Líquido;REAL;MIL;ÚLTIMO;2025-01-01;2025-12-31;Patrimônio Líquido Consolidado;5.06.07;Cancelamento de Ações Ordinárias - Ações em Tesouraria;928922.0000000000;N
VIVT3;02.558.157/0001-62;2025-12-31;1;TELEFÔNICA BRASIL S.A;017671;DF Consolidado - Demonstração das Mutações do Patrimônio Líquido;REAL;MIL;PENÚLTIMO;2024-01-01;2024-12-31;Capital Social Integralizado;5.06.08;Reserva Legal;0.0000000000;N
VIVT3;02.558.157/0001-62;2025-12-31;1;TELEFÔNICA BRASIL S.A;017671;DF Consolidado - Demonstração das Mutações do Patrimônio Líquido;REAL;MIL;ÚLTIMO;2025-01-01;2025-12-31;Capital Social Integralizado;5.06.08;Cancelamento de Ações Ordinárias - Reservas de Capital;0.0000000000;N
VIVT3;02.558.157/0001-62;2025-12-31;1;TELEFÔNICA BRASIL S.A;017671;DF Consolidado - Demonstração das Mutações do Patrimônio Líquido;REAL;MIL;PENÚLTIMO;2024-01-01;2024-12-31;Reservas de Capital, Opções Outorgadas e Ações em Tesouraria;5.06.08;Reserva Legal;0.0000000000;N
VIVT3;02.558.157/0001-62;2025-12-31;1;TELEFÔNICA BRASIL S.A;017671;DF Consolidado - Demonstração das Mutações do Patrimônio Líquido;REAL;MIL;ÚLTIMO;2025-01-01;2025-12-31;Reservas de Capital, Opções Outorgadas e Ações em Tesouraria;5.06.08;Cancelamento de Ações Ordinárias - Reservas de Capital;-30.0000000000;N
VIVT3;02.558.157/0001-62;2025-12-31;1;TELEFÔNICA BRASIL S.A;017671;DF Consolidado - Demonstração das Mutações do Patrimônio Líquido;REAL;MIL;PENÚLTIMO;2024-01-01;2024-12-31;Reservas de Lucro;5.06.08;Reserva Legal;0.0000000000;N
VIVT3;02.558.157/0001-62;2025-12-31;1;TELEFÔNICA BRASIL S.A;017671;DF Consolidado - Demonstração das Mutações do Patrimônio Líquido;REAL;MIL;ÚLTIMO;2025-01-01;2025-12-31;Reservas de Lucro;5.06.08;Cancelamento de Ações Ordinárias - Reservas de Capital;0.0000000000;N
VIVT3;02.558.157/0001-62;2025-12-31;1;TELEFÔNICA BRASIL S.A;017671;DF Consolidado - Demonstração das Mutações do Patrimônio Líquido;REAL;MIL;PENÚLTIMO;2024-01-01;2024-12-31;Lucros ou Prejuízos Acumulados;5.06.08;Reserva Legal;0.0000000000;N
VIVT3;02.558.157/0001-62;2025-12-31;1;TELEFÔNICA BRASIL S.A;017671;DF Consolidado - Demonstração das Mutações do Patrimônio Líquido;REAL;MIL;ÚLTIMO;2025-01-01;2025-12-31;Lucros ou Prejuízos Acumulados;5.06.08;Cancelamento de Ações Ordinárias - Reservas de Capital;0.0000000000;N
VIVT3;02.558.157/0001-62;2025-12-31;1;TELEFÔNICA BRASIL S.A;017671;DF Consolidado - Demonstração das Mutações do Patrimônio Líquido;REAL;MIL;PENÚLTIMO;2024-01-01;2024-12-31;Outros Resultados Abrangentes;5.06.08;Reserva Legal;0.0000000000;N
VIVT3;02.558.157/0001-62;2025-12-31;1;TELEFÔNICA BRASIL S.A;017671;DF Consolidado - Demonstração das Mutações do Patrimônio Líquido;REAL;MIL;ÚLTIMO;2025-01-01;2025-12-31;Outros Resultados Abrangentes;5.06.08;Cancelamento de Ações Ordinárias - Reservas de Capital;0.0000000000;N
VIVT3;02.558.157/0001-62;2025-12-31;1;TELEFÔNICA BRASIL S.A;017671;DF Consolidado - Demonstração das Mutações do Patrimônio Líquido;REAL;MIL;PENÚLTIMO;2024-01-01;2024-12-31;Patrimônio Líquido;5.06.08;Reserva Legal;0.0000000000;N
VIVT3;02.558.157/0001-62;2025-12-31;1;TELEFÔNICA BRASIL S.A;017671;DF Consolidado - Demonstração das Mutações do Patrimônio Líquido;REAL;MIL;ÚLTIMO;2025-01-01;2025-12-31;Patrimônio Líquido;5.06.08;Cancelamento de Ações Ordinárias - Reservas de Capital;-30.0000000000;N
VIVT3;02.558.157/0001-62;2025-12-31;1;TELEFÔNICA BRASIL S.A;017671;DF Consolidado - Demonstração das Mutações do Patrimônio Líquido;REAL;MIL;PENÚLTIMO;2024-01-01;2024-12-31;Participação dos Não Controladores;5.06.08;Reserva Legal;0.0000000000;N
VIVT3;02.558.157/0001-62;2025-12-31;1;TELEFÔNICA BRASIL S.A;017671;DF Consolidado - Demonstração das Mutações do Patrimônio Líquido;REAL;MIL;ÚLTIMO;2025-01-01;2025-12-31;Participação dos Não Controladores;5.06.08;Cancelamento de Ações Ordinárias - Reservas de Capital;0.0000000000;N
VIVT3;02.558.157/0001-62;2025-12-31;1;TELEFÔNICA BRASIL S.A;017671;DF Consolidado - Demonstração das Mutações do Patrimônio Líquido;REAL;MIL;PENÚLTIMO;2024-01-01;2024-12-31;Patrimônio Líquido Consolidado;5.06.08;Reserva Legal;0.0000000000;N
VIVT3;02.558.157/0001-62;2025-12-31;1;TELEFÔNICA BRASIL S.A;017671;DF Consolidado - Demonstração das Mutações do Patrimônio Líquido;REAL;MIL;ÚLTIMO;2025-01-01;2025-12-31;Patrimônio Líquido Consolidado;5.06.08;Cancelamento de Ações Ordinárias - Reservas de Capital;-30.0000000000;N
VIVT3;02.558.157/0001-62;2025-12-31;1;TELEFÔNICA BRASIL S.A;017671;DF Consolidado - Demonstração das Mutações do Patrimônio Líquido;REAL;MIL;PENÚLTIMO;2024-01-01;2024-12-31;Capital Social Integralizado;5.06.09;Cancelamento de Ações Ordinárias - Reservas de Lucro;0.0000000000;N
VIVT3;02.558.157/0001-62;2025-12-31;1;TELEFÔNICA BRASIL S.A;017671;DF Consolidado - Demonstração das Mutações do Patrimônio Líquido;REAL;MIL;ÚLTIMO;2025-01-01;2025-12-31;Capital Social Integralizado;5.06.09;Cancelamento de Ações Ordinárias - Reservas de Lucro;0.0000000000;N
VIVT3;02.558.157/0001-62;2025-12-31;1;TELEFÔNICA BRASIL S.A;017671;DF Consolidado - Demonstração das Mutações do Patrimônio Líquido;REAL;MIL;PENÚLTIMO;2024-01-01;2024-12-31;Reservas de Capital, Opções Outorgadas e Ações em Tesouraria;5.06.09;Cancelamento de Ações Ordinárias - Reservas de Lucro;0.0000000000;N
VIVT3;02.558.157/0001-62;2025-12-31;1;TELEFÔNICA BRASIL S.A;017671;DF Consolidado - Demonstração das Mutações do Patrimônio Líquido;REAL;MIL;ÚLTIMO;2025-01-01;2025-12-31;Reservas de Capital, Opções Outorgadas e Ações em Tesouraria;5.06.09;Cancelamento de Ações Ordinárias - Reservas de Lucro;0.0000000000;N
VIVT3;02.558.157/0001-62;2025-12-31;1;TELEFÔNICA BRASIL S.A;017671;DF Consolidado - Demonstração das Mutações do Patrimônio Líquido;REAL;MIL;PENÚLTIMO;2024-01-01;2024-12-31;Reservas de Lucro;5.06.09;Cancelamento de Ações Ordinárias - Reservas de Lucro;1099584.0000000000;N
VIVT3;02.558.157/0001-62;2025-12-31;1;TELEFÔNICA BRASIL S.A;017671;DF Consolidado - Demonstração das Mutações do Patrimônio Líquido;REAL;MIL;ÚLTIMO;2025-01-01;2025-12-31;Reservas de Lucro;5.06.09;Cancelamento de Ações Ordinárias - Reservas de Lucro;-928892.0000000000;N
VIVT3;02.558.157/0001-62;2025-12-31;1;TELEFÔNICA BRASIL S.A;017671;DF Consolidado - Demonstração das Mutações do Patrimônio Líquido;REAL;MIL;PENÚLTIMO;2024-01-01;2024-12-31;Lucros ou Prejuízos Acumulados;5.06.09;Cancelamento de Ações Ordinárias - Reservas de Lucro;-1099584.0000000000;N
VIVT3;02.558.157/0001-62;2025-12-31;1;TELEFÔNICA BRASIL S.A;017671;DF Consolidado - Demonstração das Mutações do Patrimônio Líquido;REAL;MIL;ÚLTIMO;2025-01-01;2025-12-31;Lucros ou Prejuízos Acumulados;5.06.09;Cancelamento de Ações Ordinárias - Reservas de Lucro;0.0000000000;N
VIVT3;02.558.157/0001-62;2025-12-31;1;TELEFÔNICA BRASIL S.A;017671;DF Consolidado - Demonstração das Mutações do Patrimônio Líquido;REAL;MIL;PENÚLTIMO;2024-01-01;2024-12-31;Outros Resultados Abrangentes;5.06.09;Cancelamento de Ações Ordinárias - Reservas de Lucro;0.0000000000;N
VIVT3;02.558.157/0001-62;2025-12-31;1;TELEFÔNICA BRASIL S.A;017671;DF Consolidado - Demonstração das Mutações do Patrimônio Líquido;REAL;MIL;ÚLTIMO;2025-01-01;2025-12-31;Outros Resultados Abrangentes;5.06.09;Cancelamento de Ações Ordinárias - Reservas de Lucro;0.0000000000;N
VIVT3;02.558.157/0001-62;2025-12-31;1;TELEFÔNICA BRASIL S.A;017671;DF Consolidado - Demonstração das Mutações do Patrimônio Líquido;REAL;MIL;PENÚLTIMO;2024-01-01;2024-12-31;Patrimônio Líquido;5.06.09;Cancelamento de Ações Ordinárias - Reservas de Lucro;0.0000000000;N
VIVT3;02.558.157/0001-62;2025-12-31;1;TELEFÔNICA BRASIL S.A;017671;DF Consolidado - Demonstração das Mutações do Patrimônio Líquido;REAL;MIL;ÚLTIMO;2025-01-01;2025-12-31;Patrimônio Líquido;5.06.09;Cancelamento de Ações Ordinárias - Reservas de Lucro;-928892.0000000000;N
VIVT3;02.558.157/0001-62;2025-12-31;1;TELEFÔNICA BRASIL S.A;017671;DF Consolidado - Demonstração das Mutações do Patrimônio Líquido;REAL;MIL;PENÚLTIMO;2024-01-01;2024-12-31;Participação dos Não Controladores;5.06.09;Cancelamento de Ações Ordinárias - Reservas de Lucro;0.0000000000;N
VIVT3;02.558.157/0001-62;2025-12-31;1;TELEFÔNICA BRASIL S.A;017671;DF Consolidado - Demonstração das Mutações do Patrimônio Líquido;REAL;MIL;ÚLTIMO;2025-01-01;2025-12-31;Participação dos Não Controladores;5.06.09;Cancelamento de Ações Ordinárias - Reservas de Lucro;0.0000000000;N
VIVT3;02.558.157/0001-62;2025-12-31;1;TELEFÔNICA BRASIL S.A;017671;DF Consolidado - Demonstração das Mutações do Patrimônio Líquido;REAL;MIL;PENÚLTIMO;2024-01-01;2024-12-31;Patrimônio Líquido Consolidado;5.06.09;Cancelamento de Ações Ordinárias - Reservas de Lucro;0.0000000000;N
VIVT3;02.558.157/0001-62;2025-12-31;1;TELEFÔNICA BRASIL S.A;017671;DF Consolidado - Demonstração das Mutações do Patrimônio Líquido;REAL;MIL;ÚLTIMO;2025-01-01;2025-12-31;Patrimônio Líquido Consolidado;5.06.09;Cancelamento de Ações Ordinárias - Reservas de Lucro;-928892.0000000000;N
VIVT3;02.558.157/0001-62;2025-12-31;1;TELEFÔNICA BRASIL S.A;017671;DF Consolidado - Demonstração das Mutações do Patrimônio Líquido;REAL;MIL;PENÚLTIMO;2024-01-01;2024-12-31;Capital Social Integralizado;5.07;Saldos Finais;62071416.0000000000;S
VIVT3;02.558.157/0001-62;2025-12-31;1;TELEFÔNICA BRASIL S.A;017671;DF Consolidado - Demonstração das Mutações do Patrimônio Líquido;REAL;MIL;ÚLTIMO;2025-01-01;2025-12-31;Capital Social Integralizado;5.07;Saldos Finais;60071416.0000000000;S
VIVT3;02.558.157/0001-62;2025-12-31;1;TELEFÔNICA BRASIL S.A;017671;DF Consolidado - Demonstração das Mutações do Patrimônio Líquido;REAL;MIL;PENÚLTIMO;2024-01-01;2024-12-31;Reservas de Capital, Opções Outorgadas e Ações em Tesouraria;5.07;Saldos Finais;63095.0000000000;S
VIVT3;02.558.157/0001-62;2025-12-31;1;TELEFÔNICA BRASIL S.A;017671;DF Consolidado - Demonstração das Mutações do Patrimônio Líquido;REAL;MIL;ÚLTIMO;2025-01-01;2025-12-31;Reservas de Capital, Opções Outorgadas e Ações em Tesouraria;5.07;Saldos Finais;-110078.0000000000;S
VIVT3;02.558.157/0001-62;2025-12-31;1;TELEFÔNICA BRASIL S.A;017671;DF Consolidado - Demonstração das Mutações do Patrimônio Líquido;REAL;MIL;PENÚLTIMO;2024-01-01;2024-12-31;Reservas de Lucro;5.07;Saldos Finais;7523216.0000000000;S
VIVT3;02.558.157/0001-62;2025-12-31;1;TELEFÔNICA BRASIL S.A;017671;DF Consolidado - Demonstração das Mutações do Patrimônio Líquido;REAL;MIL;ÚLTIMO;2025-01-01;2025-12-31;Reservas de Lucro;5.07;Saldos Finais;8735352.0000000000;S
VIVT3;02.558.157/0001-62;2025-12-31;1;TELEFÔNICA BRASIL S.A;017671;DF Consolidado - Demonstração das Mutações do Patrimônio Líquido;REAL;MIL;PENÚLTIMO;2024-01-01;2024-12-31;Lucros ou Prejuízos Acumulados;5.07;Saldos Finais;0.0000000000;S
VIVT3;02.558.157/0001-62;2025-12-31;1;TELEFÔNICA BRASIL S.A;017671;DF Consolidado - Demonstração das Mutações do Patrimônio Líquido;REAL;MIL;ÚLTIMO;2025-01-01;2025-12-31;Lucros ou Prejuízos Acumulados;5.07;Saldos Finais;0.0000000000;S
VIVT3;02.558.157/0001-62;2025-12-31;1;TELEFÔNICA BRASIL S.A;017671;DF Consolidado - Demonstração das Mutações do Patrimônio Líquido;REAL;MIL;PENÚLTIMO;2024-01-01;2024-12-31;Outros Resultados Abrangentes;5.07;Saldos Finais;71855.0000000000;S
VIVT3;02.558.157/0001-62;2025-12-31;1;TELEFÔNICA BRASIL S.A;017671;DF Consolidado - Demonstração das Mutações do Patrimônio Líquido;REAL;MIL;ÚLTIMO;2025-01-01;2025-12-31;Outros Resultados Abrangentes;5.07;Saldos Finais;25053.0000000000;S
VIVT3;02.558.157/0001-62;2025-12-31;1;TELEFÔNICA BRASIL S.A;017671;DF Consolidado - Demonstração das Mutações do Patrimônio Líquido;REAL;MIL;PENÚLTIMO;2024-01-01;2024-12-31;Patrimônio Líquido;5.07;Saldos Finais;69729582.0000000000;S
VIVT3;02.558.157/0001-62;2025-12-31;1;TELEFÔNICA BRASIL S.A;017671;DF Consolidado - Demonstração das Mutações do Patrimônio Líquido;REAL;MIL;ÚLTIMO;2025-01-01;2025-12-31;Patrimônio Líquido;5.07;Saldos Finais;68721743.0000000000;S
VIVT3;02.558.157/0001-62;2025-12-31;1;TELEFÔNICA BRASIL S.A;017671;DF Consolidado - Demonstração das Mutações do Patrimônio Líquido;REAL;MIL;PENÚLTIMO;2024-01-01;2024-12-31;Participação dos Não Controladores;5.07;Saldos Finais;69913.0000000000;S
VIVT3;02.558.157/0001-62;2025-12-31;1;TELEFÔNICA BRASIL S.A;017671;DF Consolidado - Demonstração das Mutações do Patrimônio Líquido;REAL;MIL;ÚLTIMO;2025-01-01;2025-12-31;Participação dos Não Controladores;5.07;Saldos Finais;280983.0000000000;S
VIVT3;02.558.157/0001-62;2025-12-31;1;TELEFÔNICA BRASIL S.A;017671;DF Consolidado - Demonstração das Mutações do Patrimônio Líquido;REAL;MIL;PENÚLTIMO;2024-01-01;2024-12-31;Patrimônio Líquido Consolidado;5.07;Saldos Finais;69799495.0000000000;S
VIVT3;02.558.157/0001-62;2025-12-31;1;TELEFÔNICA BRASIL S.A;017671;DF Consolidado - Demonstração das Mutações do Patrimônio Líquido;REAL;MIL;ÚLTIMO;2025-01-01;2025-12-31;Patrimônio Líquido Consolidado;5.07;Saldos Finais;69002726.0000000000;S
PETR4;33.000.167/0001-01;2025-12-31;1;PETROLEO BRASILEIRO S.A. PETROBRAS;009512;DF Consolidado - Demonstração das Mutações do Patrimônio Líquido;REAL;MIL;PENÚLTIMO;2024-01-01;2024-12-31;Capital Social Integralizado;5.01;Saldos Iniciais;205432000.0000000000;S
PETR4;33.000.167/0001-01;2025-12-31;1;PETROLEO BRASILEIRO S.A. PETROBRAS;009512;DF Consolidado - Demonstração das Mutações do Patrimônio Líquido;REAL;MIL;ÚLTIMO;2025-01-01;2025-12-31;Capital Social Integralizado;5.01;Saldos Iniciais;205432000.0000000000;S
PETR4;33.000.167/0001-01;2025-12-31;1;PETROLEO BRASILEIRO S.A. PETROBRAS;009512;DF Consolidado - Demonstração das Mutações do Patrimônio Líquido;REAL;MIL;PENÚLTIMO;2024-01-01;2024-12-31;Reservas de Capital, Opções Outorgadas e Ações em Tesouraria;5.01;Saldos Iniciais;-322000.0000000000;S
PETR4;33.000.167/0001-01;2025-12-31;1;PETROLEO BRASILEIRO S.A. PETROBRAS;009512;DF Consolidado - Demonstração das Mutações do Patrimônio Líquido;REAL;MIL;ÚLTIMO;2025-01-01;2025-12-31;Reservas de Capital, Opções Outorgadas e Ações em Tesouraria;5.01;Saldos Iniciais;-2241000.0000000000;S
PETR4;33.000.167/0001-01;2025-12-31;1;PETROLEO BRASILEIRO S.A. PETROBRAS;009512;DF Consolidado - Demonstração das Mutações do Patrimônio Líquido;REAL;MIL;PENÚLTIMO;2024-01-01;2024-12-31;Reservas de Lucro;5.01;Saldos Iniciais;158955000.0000000000;S
PETR4;33.000.167/0001-01;2025-12-31;1;PETROLEO BRASILEIRO S.A. PETROBRAS;009512;DF Consolidado - Demonstração das Mutações do Patrimônio Líquido;REAL;MIL;ÚLTIMO;2025-01-01;2025-12-31;Reservas de Lucro;5.01;Saldos Iniciais;94977000.0000000000;S
PETR4;33.000.167/0001-01;2025-12-31;1;PETROLEO BRASILEIRO S.A. PETROBRAS;009512;DF Consolidado - Demonstração das Mutações do Patrimônio Líquido;REAL;MIL;PENÚLTIMO;2024-01-01;2024-12-31;Lucros ou Prejuízos Acumulados;5.01;Saldos Iniciais;0.0000000000;S
PETR4;33.000.167/0001-01;2025-12-31;1;PETROLEO BRASILEIRO S.A. PETROBRAS;009512;DF Consolidado - Demonstração das Mutações do Patrimônio Líquido;REAL;MIL;ÚLTIMO;2025-01-01;2025-12-31;Lucros ou Prejuízos Acumulados;5.01;Saldos Iniciais;0.0000000000;S
PETR4;33.000.167/0001-01;2025-12-31;1;PETROLEO BRASILEIRO S.A. PETROBRAS;009512;DF Consolidado - Demonstração das Mutações do Patrimônio Líquido;REAL;MIL;PENÚLTIMO;2024-01-01;2024-12-31;Outros Resultados Abrangentes;5.01;Saldos Iniciais;16376000.0000000000;S
PETR4;33.000.167/0001-01;2025-12-31;1;PETROLEO BRASILEIRO S.A. PETROBRAS;009512;DF Consolidado - Demonstração das Mutações do Patrimônio Líquido;REAL;MIL;ÚLTIMO;2025-01-01;2025-12-31;Outros Resultados Abrangentes;5.01;Saldos Iniciais;67838000.0000000000;S
PETR4;33.000.167/0001-01;2025-12-31;1;PETROLEO BRASILEIRO S.A. PETROBRAS;009512;DF Consolidado - Demonstração das Mutações do Patrimônio Líquido;REAL;MIL;PENÚLTIMO;2024-01-01;2024-12-31;Patrimônio Líquido;5.01;Saldos Iniciais;380441000.0000000000;S
PETR4;33.000.167/0001-01;2025-12-31;1;PETROLEO BRASILEIRO S.A. PETROBRAS;009512;DF Consolidado - Demonstração das Mutações do Patrimônio Líquido;REAL;MIL;ÚLTIMO;2025-01-01;2025-12-31;Patrimônio Líquido;5.01;Saldos Iniciais;366006000.0000000000;S
PETR4;33.000.167/0001-01;2025-12-31;1;PETROLEO BRASILEIRO S.A. PETROBRAS;009512;DF Consolidado - Demonstração das Mutações do Patrimônio Líquido;REAL;MIL;PENÚLTIMO;2024-01-01;2024-12-31;Participação dos Não Controladores;5.01;Saldos Iniciais;1899000.0000000000;S
PETR4;33.000.167/0001-01;2025-12-31;1;PETROLEO BRASILEIRO S.A. PETROBRAS;009512;DF Consolidado - Demonstração das Mutações do Patrimônio Líquido;REAL;MIL;ÚLTIMO;2025-01-01;2025-12-31;Participação dos Não Controladores;5.01;Saldos Iniciais;1508000.0000000000;S
PETR4;33.000.167/0001-01;2025-12-31;1;PETROLEO BRASILEIRO S.A. PETROBRAS;009512;DF Consolidado - Demonstração das Mutações do Patrimônio Líquido;REAL;MIL;PENÚLTIMO;2024-01-01;2024-12-31;Patrimônio Líquido Consolidado;5.01;Saldos Iniciais;382340000.0000000000;S
PETR4;33.000.167/0001-01;2025-12-31;1;PETROLEO BRASILEIRO S.A. PETROBRAS;009512;DF Consolidado - Demonstração das Mutações do Patrimônio Líquido;REAL;MIL;ÚLTIMO;2025-01-01;2025-12-31;Patrimônio Líquido Consolidado;5.01;Saldos Iniciais;367514000.0000000000;S
PETR4;33.000.167/0001-01;2025-12-31;1;PETROLEO BRASILEIRO S.A. PETROBRAS;009512;DF Consolidado - Demonstração das Mutações do Patrimônio Líquido;REAL;MIL;PENÚLTIMO;2024-01-01;2024-12-31;Capital Social Integralizado;5.02;Ajustes de Exercícios Anteriores;0.0000000000;S
PETR4;33.000.167/0001-01;2025-12-31;1;PETROLEO BRASILEIRO S.A. PETROBRAS;009512;DF Consolidado - Demonstração das Mutações do Patrimônio Líquido;REAL;MIL;ÚLTIMO;2025-01-01;2025-12-31;Capital Social Integralizado;5.02;Ajustes de Exercícios Anteriores;0.0000000000;S
PETR4;33.000.167/0001-01;2025-12-31;1;PETROLEO BRASILEIRO S.A. PETROBRAS;009512;DF Consolidado - Demonstração das Mutações do Patrimônio Líquido;REAL;MIL;PENÚLTIMO;2024-01-01;2024-12-31;Reservas de Capital, Opções Outorgadas e Ações em Tesouraria;5.02;Ajustes de Exercícios Anteriores;0.0000000000;S
PETR4;33.000.167/0001-01;2025-12-31;1;PETROLEO BRASILEIRO S.A. PETROBRAS;009512;DF Consolidado - Demonstração das Mutações do Patrimônio Líquido;REAL;MIL;ÚLTIMO;2025-01-01;2025-12-31;Reservas de Capital, Opções Outorgadas e Ações em Tesouraria;5.02;Ajustes de Exercícios Anteriores;0.0000000000;S
PETR4;33.000.167/0001-01;2025-12-31;1;PETROLEO BRASILEIRO S.A. PETROBRAS;009512;DF Consolidado - Demonstração das Mutações do Patrimônio Líquido;REAL;MIL;PENÚLTIMO;2024-01-01;2024-12-31;Reservas de Lucro;5.02;Ajustes de Exercícios Anteriores;0.0000000000;S
PETR4;33.000.167/0001-01;2025-12-31;1;PETROLEO BRASILEIRO S.A. PETROBRAS;009512;DF Consolidado - Demonstração das Mutações do Patrimônio Líquido;REAL;MIL;ÚLTIMO;2025-01-01;2025-12-31;Reservas de Lucro;5.02;Ajustes de Exercícios Anteriores;0.0000000000;S
PETR4;33.000.167/0001-01;2025-12-31;1;PETROLEO BRASILEIRO S.A. PETROBRAS;009512;DF Consolidado - Demonstração das Mutações do Patrimônio Líquido;REAL;MIL;PENÚLTIMO;2024-01-01;2024-12-31;Lucros ou Prejuízos Acumulados;5.02;Ajustes de Exercícios Anteriores;0.0000000000;S
PETR4;33.000.167/0001-01;2025-12-31;1;PETROLEO BRASILEIRO S.A. PETROBRAS;009512;DF Consolidado - Demonstração das Mutações do Patrimônio Líquido;REAL;MIL;ÚLTIMO;2025-01-01;2025-12-31;Lucros ou Prejuízos Acumulados;5.02;Ajustes de Exercícios Anteriores;0.0000000000;S
PETR4;33.000.167/0001-01;2025-12-31;1;PETROLEO BRASILEIRO S.A. PETROBRAS;009512;DF Consolidado - Demonstração das Mutações do Patrimônio Líquido;REAL;MIL;PENÚLTIMO;2024-01-01;2024-12-31;Outros Resultados Abrangentes;5.02;Ajustes de Exercícios Anteriores;0.0000000000;S
PETR4;33.000.167/0001-01;2025-12-31;1;PETROLEO BRASILEIRO S.A. PETROBRAS;009512;DF Consolidado - Demonstração das Mutações do Patrimônio Líquido;REAL;MIL;ÚLTIMO;2025-01-01;2025-12-31;Outros Resultados Abrangentes;5.02;Ajustes de Exercícios Anteriores;0.0000000000;S
PETR4;33.000.167/0001-01;2025-12-31;1;PETROLEO BRASILEIRO S.A. PETROBRAS;009512;DF Consolidado - Demonstração das Mutações do Patrimônio Líquido;REAL;MIL;PENÚLTIMO;2024-01-01;2024-12-31;Patrimônio Líquido;5.02;Ajustes de Exercícios Anteriores;0.0000000000;S
PETR4;33.000.167/0001-01;2025-12-31;1;PETROLEO BRASILEIRO S.A. PETROBRAS;009512;DF Consolidado - Demonstração das Mutações do Patrimônio Líquido;REAL;MIL;ÚLTIMO;2025-01-01;2025-12-31;Patrimônio Líquido;5.02;Ajustes de Exercícios Anteriores;0.0000000000;S
PETR4;33.000.167/0001-01;2025-12-31;1;PETROLEO BRASILEIRO S.A. PETROBRAS;009512;DF Consolidado - Demonstração das Mutações do Patrimônio Líquido;REAL;MIL;PENÚLTIMO;2024-01-01;2024-12-31;Participação dos Não Controladores;5.02;Ajustes de Exercícios Anteriores;0.0000000000;S
PETR4;33.000.167/0001-01;2025-12-31;1;PETROLEO BRASILEIRO S.A. PETROBRAS;009512;DF Consolidado - Demonstração das Mutações do Patrimônio Líquido;REAL;MIL;ÚLTIMO;2025-01-01;2025-12-31;Participação dos Não Controladores;5.02;Ajustes de Exercícios Anteriores;0.0000000000;S
PETR4;33.000.167/0001-01;2025-12-31;1;PETROLEO BRASILEIRO S.A. PETROBRAS;009512;DF Consolidado - Demonstração das Mutações do Patrimônio Líquido;REAL;MIL;PENÚLTIMO;2024-01-01;2024-12-31;Patrimônio Líquido Consolidado;5.02;Ajustes de Exercícios Anteriores;0.0000000000;S
PETR4;33.000.167/0001-01;2025-12-31;1;PETROLEO BRASILEIRO S.A. PETROBRAS;009512;DF Consolidado - Demonstração das Mutações do Patrimônio Líquido;REAL;MIL;ÚLTIMO;2025-01-01;2025-12-31;Patrimônio Líquido Consolidado;5.02;Ajustes de Exercícios Anteriores;0.0000000000;S
PETR4;33.000.167/0001-01;2025-12-31;1;PETROLEO BRASILEIRO S.A. PETROBRAS;009512;DF Consolidado - Demonstração das Mutações do Patrimônio Líquido;REAL;MIL;PENÚLTIMO;2024-01-01;2024-12-31;Capital Social Integralizado;5.03;Saldos Iniciais Ajustados;205432000.0000000000;S
PETR4;33.000.167/0001-01;2025-12-31;1;PETROLEO BRASILEIRO S.A. PETROBRAS;009512;DF Consolidado - Demonstração das Mutações do Patrimônio Líquido;REAL;MIL;ÚLTIMO;2025-01-01;2025-12-31;Capital Social Integralizado;5.03;Saldos Iniciais Ajustados;205432000.0000000000;S
PETR4;33.000.167/0001-01;2025-12-31;1;PETROLEO BRASILEIRO S.A. PETROBRAS;009512;DF Consolidado - Demonstração das Mutações do Patrimônio Líquido;REAL;MIL;PENÚLTIMO;2024-01-01;2024-12-31;Reservas de Capital, Opções Outorgadas e Ações em Tesouraria;5.03;Saldos Iniciais Ajustados;-322000.0000000000;S
PETR4;33.000.167/0001-01;2025-12-31;1;PETROLEO BRASILEIRO S.A. PETROBRAS;009512;DF Consolidado - Demonstração das Mutações do Patrimônio Líquido;REAL;MIL;ÚLTIMO;2025-01-01;2025-12-31;Reservas de Capital, Opções Outorgadas e Ações em Tesouraria;5.03;Saldos Iniciais Ajustados;-2241000.0000000000;S
PETR4;33.000.167/0001-01;2025-12-31;1;PETROLEO BRASILEIRO S.A. PETROBRAS;009512;DF Consolidado - Demonstração das Mutações do Patrimônio Líquido;REAL;MIL;PENÚLTIMO;2024-01-01;2024-12-31;Reservas de Lucro;5.03;Saldos Iniciais Ajustados;158955000.0000000000;S
PETR4;33.000.167/0001-01;2025-12-31;1;PETROLEO BRASILEIRO S.A. PETROBRAS;009512;DF Consolidado - Demonstração das Mutações do Patrimônio Líquido;REAL;MIL;ÚLTIMO;2025-01-01;2025-12-31;Reservas de Lucro;5.03;Saldos Iniciais Ajustados;94977000.0000000000;S
PETR4;33.000.167/0001-01;2025-12-31;1;PETROLEO BRASILEIRO S.A. PETROBRAS;009512;DF Consolidado - Demonstração das Mutações do Patrimônio Líquido;REAL;MIL;PENÚLTIMO;2024-01-01;2024-12-31;Lucros ou Prejuízos Acumulados;5.03;Saldos Iniciais Ajustados;0.0000000000;S
PETR4;33.000.167/0001-01;2025-12-31;1;PETROLEO BRASILEIRO S.A. PETROBRAS;009512;DF Consolidado - Demonstração das Mutações do Patrimônio Líquido;REAL;MIL;ÚLTIMO;2025-01-01;2025-12-31;Lucros ou Prejuízos Acumulados;5.03;Saldos Iniciais Ajustados;0.0000000000;S
PETR4;33.000.167/0001-01;2025-12-31;1;PETROLEO BRASILEIRO S.A. PETROBRAS;009512;DF Consolidado - Demonstração das Mutações do Patrimônio Líquido;REAL;MIL;PENÚLTIMO;2024-01-01;2024-12-31;Outros Resultados Abrangentes;5.03;Saldos Iniciais Ajustados;16376000.0000000000;S
PETR4;33.000.167/0001-01;2025-12-31;1;PETROLEO BRASILEIRO S.A. PETROBRAS;009512;DF Consolidado - Demonstração das Mutações do Patrimônio Líquido;REAL;MIL;ÚLTIMO;2025-01-01;2025-12-31;Outros Resultados Abrangentes;5.03;Saldos Iniciais Ajustados;67838000.0000000000;S
PETR4;33.000.167/0001-01;2025-12-31;1;PETROLEO BRASILEIRO S.A. PETROBRAS;009512;DF Consolidado - Demonstração das Mutações do Patrimônio Líquido;REAL;MIL;PENÚLTIMO;2024-01-01;2024-12-31;Patrimônio Líquido;5.03;Saldos Iniciais Ajustados;380441000.0000000000;S
PETR4;33.000.167/0001-01;2025-12-31;1;PETROLEO BRASILEIRO S.A. PETROBRAS;009512;DF Consolidado - Demonstração das Mutações do Patrimônio Líquido;REAL;MIL;ÚLTIMO;2025-01-01;2025-12-31;Patrimônio Líquido;5.03;Saldos Iniciais Ajustados;366006000.0000000000;S
PETR4;33.000.167/0001-01;2025-12-31;1;PETROLEO BRASILEIRO S.A. PETROBRAS;009512;DF Consolidado - Demonstração das Mutações do Patrimônio Líquido;REAL;MIL;PENÚLTIMO;2024-01-01;2024-12-31;Participação dos Não Controladores;5.03;Saldos Iniciais Ajustados;1899000.0000000000;S
PETR4;33.000.167/0001-01;2025-12-31;1;PETROLEO BRASILEIRO S.A. PETROBRAS;009512;DF Consolidado - Demonstração das Mutações do Patrimônio Líquido;REAL;MIL;ÚLTIMO;2025-01-01;2025-12-31;Participação dos Não Controladores;5.03;Saldos Iniciais Ajustados;1508000.0000000000;S
PETR4;33.000.167/0001-01;2025-12-31;1;PETROLEO BRASILEIRO S.A. PETROBRAS;009512;DF Consolidado - Demonstração das Mutações do Patrimônio Líquido;REAL;MIL;PENÚLTIMO;2024-01-01;2024-12-31;Patrimônio Líquido Consolidado;5.03;Saldos Iniciais Ajustados;382340000.0000000000;S
PETR4;33.000.167/0001-01;2025-12-31;1;PETROLEO BRASILEIRO S.A. PETROBRAS;009512;DF Consolidado - Demonstração das Mutações do Patrimônio Líquido;REAL;MIL;ÚLTIMO;2025-01-01;2025-12-31;Patrimônio Líquido Consolidado;5.03;Saldos Iniciais Ajustados;367514000.0000000000;S
PETR4;33.000.167/0001-01;2025-12-31;1;PETROLEO BRASILEIRO S.A. PETROBRAS;009512;DF Consolidado - Demonstração das Mutações do Patrimônio Líquido;REAL;MIL;PENÚLTIMO;2024-01-01;2024-12-31;Capital Social Integralizado;5.04;Transações de Capital com os Sócios;0.0000000000;S
PETR4;33.000.167/0001-01;2025-12-31;1;PETROLEO BRASILEIRO S.A. PETROBRAS;009512;DF Consolidado - Demonstração das Mutações do Patrimônio Líquido;REAL;MIL;ÚLTIMO;2025-01-01;2025-12-31;Capital Social Integralizado;5.04;Transações de Capital com os Sócios;0.0000000000;S
PETR4;33.000.167/0001-01;2025-12-31;1;PETROLEO BRASILEIRO S.A. PETROBRAS;009512;DF Consolidado - Demonstração das Mutações do Patrimônio Líquido;REAL;MIL;PENÚLTIMO;2024-01-01;2024-12-31;Reservas de Capital, Opções Outorgadas e Ações em Tesouraria;5.04;Transações de Capital com os Sócios;-1919000.0000000000;S
PETR4;33.000.167/0001-01;2025-12-31;1;PETROLEO BRASILEIRO S.A. PETROBRAS;009512;DF Consolidado - Demonstração das Mutações do Patrimônio Líquido;REAL;MIL;ÚLTIMO;2025-01-01;2025-12-31;Reservas de Capital, Opções Outorgadas e Ações em Tesouraria;5.04;Transações de Capital com os Sócios;5563000.0000000000;S
PETR4;33.000.167/0001-01;2025-12-31;1;PETROLEO BRASILEIRO S.A. PETROBRAS;009512;DF Consolidado - Demonstração das Mutações do Patrimônio Líquido;REAL;MIL;PENÚLTIMO;2024-01-01;2024-12-31;Reservas de Lucro;5.04;Transações de Capital com os Sócios;-64768000.0000000000;S
PETR4;33.000.167/0001-01;2025-12-31;1;PETROLEO BRASILEIRO S.A. PETROBRAS;009512;DF Consolidado - Demonstração das Mutações do Patrimônio Líquido;REAL;MIL;ÚLTIMO;2025-01-01;2025-12-31;Reservas de Lucro;5.04;Transações de Capital com os Sócios;-6636000.0000000000;S
PETR4;33.000.167/0001-01;2025-12-31;1;PETROLEO BRASILEIRO S.A. PETROBRAS;009512;DF Consolidado - Demonstração das Mutações do Patrimônio Líquido;REAL;MIL;PENÚLTIMO;2024-01-01;2024-12-31;Lucros ou Prejuízos Acumulados;5.04;Transações de Capital com os Sócios;-35816000.0000000000;S
PETR4;33.000.167/0001-01;2025-12-31;1;PETROLEO BRASILEIRO S.A. PETROBRAS;009512;DF Consolidado - Demonstração das Mutações do Patrimônio Líquido;REAL;MIL;ÚLTIMO;2025-01-01;2025-12-31;Lucros ou Prejuízos Acumulados;5.04;Transações de Capital com os Sócios;-40408000.0000000000;S
PETR4;33.000.167/0001-01;2025-12-31;1;PETROLEO BRASILEIRO S.A. PETROBRAS;009512;DF Consolidado - Demonstração das Mutações do Patrimônio Líquido;REAL;MIL;PENÚLTIMO;2024-01-01;2024-12-31;Outros Resultados Abrangentes;5.04;Transações de Capital com os Sócios;0.0000000000;S
PETR4;33.000.167/0001-01;2025-12-31;1;PETROLEO BRASILEIRO S.A. PETROBRAS;009512;DF Consolidado - Demonstração das Mutações do Patrimônio Líquido;REAL;MIL;ÚLTIMO;2025-01-01;2025-12-31;Outros Resultados Abrangentes;5.04;Transações de Capital com os Sócios;0.0000000000;S
PETR4;33.000.167/0001-01;2025-12-31;1;PETROLEO BRASILEIRO S.A. PETROBRAS;009512;DF Consolidado - Demonstração das Mutações do Patrimônio Líquido;REAL;MIL;PENÚLTIMO;2024-01-01;2024-12-31;Patrimônio Líquido;5.04;Transações de Capital com os Sócios;-102503000.0000000000;S
PETR4;33.000.167/0001-01;2025-12-31;1;PETROLEO BRASILEIRO S.A. PETROBRAS;009512;DF Consolidado - Demonstração das Mutações do Patrimônio Líquido;REAL;MIL;ÚLTIMO;2025-01-01;2025-12-31;Patrimônio Líquido;5.04;Transações de Capital com os Sócios;-41481000.0000000000;S
PETR4;33.000.167/0001-01;2025-12-31;1;PETROLEO BRASILEIRO S.A. PETROBRAS;009512;DF Consolidado - Demonstração das Mutações do Patrimônio Líquido;REAL;MIL;PENÚLTIMO;2024-01-01;2024-12-31;Participação dos Não Controladores;5.04;Transações de Capital com os Sócios;-813000.0000000000;S
PETR4;33.000.167/0001-01;2025-12-31;1;PETROLEO BRASILEIRO S.A. PETROBRAS;009512;DF Consolidado - Demonstração das Mutações do Patrimônio Líquido;REAL;MIL;ÚLTIMO;2025-01-01;2025-12-31;Participação dos Não Controladores;5.04;Transações de Capital com os Sócios;-56000.0000000000;S
PETR4;33.000.167/0001-01;2025-12-31;1;PETROLEO BRASILEIRO S.A. PETROBRAS;009512;DF Consolidado - Demonstração das Mutações do Patrimônio Líquido;REAL;MIL;PENÚLTIMO;2024-01-01;2024-12-31;Patrimônio Líquido Consolidado;5.04;Transações de Capital com os Sócios;-103316000.0000000000;S
PETR4;33.000.167/0001-01;2025-12-31;1;PETROLEO BRASILEIRO S.A. PETROBRAS;009512;DF Consolidado - Demonstração das Mutações do Patrimônio Líquido;REAL;MIL;ÚLTIMO;2025-01-01;2025-12-31;Patrimônio Líquido Consolidado;5.04;Transações de Capital com os Sócios;-41537000.0000000000;S
PETR4;33.000.167/0001-01;2025-12-31;1;PETROLEO BRASILEIRO S.A. PETROBRAS;009512;DF Consolidado - Demonstração das Mutações do Patrimônio Líquido;REAL;MIL;PENÚLTIMO;2024-01-01;2024-12-31;Capital Social Integralizado;5.04.01;Aumentos de Capital;0.0000000000;S
PETR4;33.000.167/0001-01;2025-12-31;1;PETROLEO BRASILEIRO S.A. PETROBRAS;009512;DF Consolidado - Demonstração das Mutações do Patrimônio Líquido;REAL;MIL;ÚLTIMO;2025-01-01;2025-12-31;Capital Social Integralizado;5.04.01;Aumentos de Capital;0.0000000000;S
PETR4;33.000.167/0001-01;2025-12-31;1;PETROLEO BRASILEIRO S.A. PETROBRAS;009512;DF Consolidado - Demonstração das Mutações do Patrimônio Líquido;REAL;MIL;PENÚLTIMO;2024-01-01;2024-12-31;Reservas de Capital, Opções Outorgadas e Ações em Tesouraria;5.04.01;Aumentos de Capital;0.0000000000;S
PETR4;33.000.167/0001-01;2025-12-31;1;PETROLEO BRASILEIRO S.A. PETROBRAS;009512;DF Consolidado - Demonstração das Mutações do Patrimônio Líquido;REAL;MIL;ÚLTIMO;2025-01-01;2025-12-31;Reservas de Capital, Opções Outorgadas e Ações em Tesouraria;5.04.01;Aumentos de Capital;0.0000000000;S
PETR4;33.000.167/0001-01;2025-12-31;1;PETROLEO BRASILEIRO S.A. PETROBRAS;009512;DF Consolidado - Demonstração das Mutações do Patrimônio Líquido;REAL;MIL;PENÚLTIMO;2024-01-01;2024-12-31;Reservas de Lucro;5.04.01;Aumentos de Capital;0.0000000000;S
PETR4;33.000.167/0001-01;2025-12-31;1;PETROLEO BRASILEIRO S.A. PETROBRAS;009512;DF Consolidado - Demonstração das Mutações do Patrimônio Líquido;REAL;MIL;ÚLTIMO;2025-01-01;2025-12-31;Reservas de Lucro;5.04.01;Aumentos de Capital;0.0000000000;S
PETR4;33.000.167/0001-01;2025-12-31;1;PETROLEO BRASILEIRO S.A. PETROBRAS;009512;DF Consolidado - Demonstração das Mutações do Patrimônio Líquido;REAL;MIL;PENÚLTIMO;2024-01-01;2024-12-31;Lucros ou Prejuízos Acumulados;5.04.01;Aumentos de Capital;0.0000000000;S
PETR4;33.000.167/0001-01;2025-12-31;1;PETROLEO BRASILEIRO S.A. PETROBRAS;009512;DF Consolidado - Demonstração das Mutações do Patrimônio Líquido;REAL;MIL;ÚLTIMO;2025-01-01;2025-12-31;Lucros ou Prejuízos Acumulados;5.04.01;Aumentos de Capital;0.0000000000;S
PETR4;33.000.167/0001-01;2025-12-31;1;PETROLEO BRASILEIRO S.A. PETROBRAS;009512;DF Consolidado - Demonstração das Mutações do Patrimônio Líquido;REAL;MIL;PENÚLTIMO;2024-01-01;2024-12-31;Outros Resultados Abrangentes;5.04.01;Aumentos de Capital;0.0000000000;S
PETR4;33.000.167/0001-01;2025-12-31;1;PETROLEO BRASILEIRO S.A. PETROBRAS;009512;DF Consolidado - Demonstração das Mutações do Patrimônio Líquido;REAL;MIL;ÚLTIMO;2025-01-01;2025-12-31;Outros Resultados Abrangentes;5.04.01;Aumentos de Capital;0.0000000000;S
PETR4;33.000.167/0001-01;2025-12-31;1;PETROLEO BRASILEIRO S.A. PETROBRAS;009512;DF Consolidado - Demonstração das Mutações do Patrimônio Líquido;REAL;MIL;PENÚLTIMO;2024-01-01;2024-12-31;Patrimônio Líquido;5.04.01;Aumentos de Capital;0.0000000000;S
PETR4;33.000.167/0001-01;2025-12-31;1;PETROLEO BRASILEIRO S.A. PETROBRAS;009512;DF Consolidado - Demonstração das Mutações do Patrimônio Líquido;REAL;MIL;ÚLTIMO;2025-01-01;2025-12-31;Patrimônio Líquido;5.04.01;Aumentos de Capital;0.0000000000;S
PETR4;33.000.167/0001-01;2025-12-31;1;PETROLEO BRASILEIRO S.A. PETROBRAS;009512;DF Consolidado - Demonstração das Mutações do Patrimônio Líquido;REAL;MIL;PENÚLTIMO;2024-01-01;2024-12-31;Participação dos Não Controladores;5.04.01;Aumentos de Capital;0.0000000000;S
PETR4;33.000.167/0001-01;2025-12-31;1;PETROLEO BRASILEIRO S.A. PETROBRAS;009512;DF Consolidado - Demonstração das Mutações do Patrimônio Líquido;REAL;MIL;ÚLTIMO;2025-01-01;2025-12-31;Participação dos Não Controladores;5.04.01;Aumentos de Capital;0.0000000000;S
PETR4;33.000.167/0001-01;2025-12-31;1;PETROLEO BRASILEIRO S.A. PETROBRAS;009512;DF Consolidado - Demonstração das Mutações do Patrimônio Líquido;REAL;MIL;PENÚLTIMO;2024-01-01;2024-12-31;Patrimônio Líquido Consolidado;5.04.01;Aumentos de Capital;0.0000000000;S
PETR4;33.000.167/0001-01;2025-12-31;1;PETROLEO BRASILEIRO S.A. PETROBRAS;009512;DF Consolidado - Demonstração das Mutações do Patrimônio Líquido;REAL;MIL;ÚLTIMO;2025-01-01;2025-12-31;Patrimônio Líquido Consolidado;5.04.01;Aumentos de Capital;0.0000000000;S
PETR4;33.000.167/0001-01;2025-12-31;1;PETROLEO BRASILEIRO S.A. PETROBRAS;009512;DF Consolidado - Demonstração das Mutações do Patrimônio Líquido;REAL;MIL;PENÚLTIMO;2024-01-01;2024-12-31;Capital Social Integralizado;5.04.02;Gastos com Emissão de Ações;0.0000000000;S
PETR4;33.000.167/0001-01;2025-12-31;1;PETROLEO BRASILEIRO S.A. PETROBRAS;009512;DF Consolidado - Demonstração das Mutações do Patrimônio Líquido;REAL;MIL;ÚLTIMO;2025-01-01;2025-12-31;Capital Social Integralizado;5.04.02;Gastos com Emissão de Ações;0.0000000000;S
PETR4;33.000.167/0001-01;2025-12-31;1;PETROLEO BRASILEIRO S.A. PETROBRAS;009512;DF Consolidado - Demonstração das Mutações do Patrimônio Líquido;REAL;MIL;PENÚLTIMO;2024-01-01;2024-12-31;Reservas de Capital, Opções Outorgadas e Ações em Tesouraria;5.04.02;Gastos com Emissão de Ações;0.0000000000;S
PETR4;33.000.167/0001-01;2025-12-31;1;PETROLEO BRASILEIRO S.A. PETROBRAS;009512;DF Consolidado - Demonstração das Mutações do Patrimônio Líquido;REAL;MIL;ÚLTIMO;2025-01-01;2025-12-31;Reservas de Capital, Opções Outorgadas e Ações em Tesouraria;5.04.02;Gastos com Emissão de Ações;0.0000000000;S
PETR4;33.000.167/0001-01;2025-12-31;1;PETROLEO BRASILEIRO S.A. PETROBRAS;009512;DF Consolidado - Demonstração das Mutações do Patrimônio Líquido;REAL;MIL;PENÚLTIMO;2024-01-01;2024-12-31;Reservas de Lucro;5.04.02;Gastos com Emissão de Ações;0.0000000000;S
PETR4;33.000.167/0001-01;2025-12-31;1;PETROLEO BRASILEIRO S.A. PETROBRAS;009512;DF Consolidado - Demonstração das Mutações do Patrimônio Líquido;REAL;MIL;ÚLTIMO;2025-01-01;2025-12-31;Reservas de Lucro;5.04.02;Gastos com Emissão de Ações;0.0000000000;S
PETR4;33.000.167/0001-01;2025-12-31;1;PETROLEO BRASILEIRO S.A. PETROBRAS;009512;DF Consolidado - Demonstração das Mutações do Patrimônio Líquido;REAL;MIL;PENÚLTIMO;2024-01-01;2024-12-31;Lucros ou Prejuízos Acumulados;5.04.02;Gastos com Emissão de Ações;0.0000000000;S
PETR4;33.000.167/0001-01;2025-12-31;1;PETROLEO BRASILEIRO S.A. PETROBRAS;009512;DF Consolidado - Demonstração das Mutações do Patrimônio Líquido;REAL;MIL;ÚLTIMO;2025-01-01;2025-12-31;Lucros ou Prejuízos Acumulados;5.04.02;Gastos com Emissão de Ações;0.0000000000;S
PETR4;33.000.167/0001-01;2025-12-31;1;PETROLEO BRASILEIRO S.A. PETROBRAS;009512;DF Consolidado - Demonstração das Mutações do Patrimônio Líquido;REAL;MIL;PENÚLTIMO;2024-01-01;2024-12-31;Outros Resultados Abrangentes;5.04.02;Gastos com Emissão de Ações;0.0000000000;S
PETR4;33.000.167/0001-01;2025-12-31;1;PETROLEO BRASILEIRO S.A. PETROBRAS;009512;DF Consolidado - Demonstração das Mutações do Patrimônio Líquido;REAL;MIL;ÚLTIMO;2025-01-01;2025-12-31;Outros Resultados Abrangentes;5.04.02;Gastos com Emissão de Ações;0.0000000000;S
PETR4;33.000.167/0001-01;2025-12-31;1;PETROLEO BRASILEIRO S.A. PETROBRAS;009512;DF Consolidado - Demonstração das Mutações do Patrimônio Líquido;REAL;MIL;PENÚLTIMO;2024-01-01;2024-12-31;Patrimônio Líquido;5.04.02;Gastos com Emissão de Ações;0.0000000000;S
PETR4;33.000.167/0001-01;2025-12-31;1;PETROLEO BRASILEIRO S.A. PETROBRAS;009512;DF Consolidado - Demonstração das Mutações do Patrimônio Líquido;REAL;MIL;ÚLTIMO;2025-01-01;2025-12-31;Patrimônio Líquido;5.04.02;Gastos com Emissão de Ações;0.0000000000;S
PETR4;33.000.167/0001-01;2025-12-31;1;PETROLEO BRASILEIRO S.A. PETROBRAS;009512;DF Consolidado - Demonstração das Mutações do Patrimônio Líquido;REAL;MIL;PENÚLTIMO;2024-01-01;2024-12-31;Participação dos Não Controladores;5.04.02;Gastos com Emissão de Ações;0.0000000000;S
PETR4;33.000.167/0001-01;2025-12-31;1;PETROLEO BRASILEIRO S.A. PETROBRAS;009512;DF Consolidado - Demonstração das Mutações do Patrimônio Líquido;REAL;MIL;ÚLTIMO;2025-01-01;2025-12-31;Participação dos Não Controladores;5.04.02;Gastos com Emissão de Ações;0.0000000000;S
PETR4;33.000.167/0001-01;2025-12-31;1;PETROLEO BRASILEIRO S.A. PETROBRAS;009512;DF Consolidado - Demonstração das Mutações do Patrimônio Líquido;REAL;MIL;PENÚLTIMO;2024-01-01;2024-12-31;Patrimônio Líquido Consolidado;5.04.02;Gastos com Emissão de Ações;0.0000000000;S
PETR4;33.000.167/0001-01;2025-12-31;1;PETROLEO BRASILEIRO S.A. PETROBRAS;009512;DF Consolidado - Demonstração das Mutações do Patrimônio Líquido;REAL;MIL;ÚLTIMO;2025-01-01;2025-12-31;Patrimônio Líquido Consolidado;5.04.02;Gastos com Emissão de Ações;0.0000000000;S
PETR4;33.000.167/0001-01;2025-12-31;1;PETROLEO BRASILEIRO S.A. PETROBRAS;009512;DF Consolidado - Demonstração das Mutações do Patrimônio Líquido;REAL;MIL;PENÚLTIMO;2024-01-01;2024-12-31;Capital Social Integralizado;5.04.03;Opções Outorgadas Reconhecidas;0.0000000000;S
PETR4;33.000.167/0001-01;2025-12-31;1;PETROLEO BRASILEIRO S.A. PETROBRAS;009512;DF Consolidado - Demonstração das Mutações do Patrimônio Líquido;REAL;MIL;ÚLTIMO;2025-01-01;2025-12-31;Capital Social Integralizado;5.04.03;Opções Outorgadas Reconhecidas;0.0000000000;S
PETR4;33.000.167/0001-01;2025-12-31;1;PETROLEO BRASILEIRO S.A. PETROBRAS;009512;DF Consolidado - Demonstração das Mutações do Patrimônio Líquido;REAL;MIL;PENÚLTIMO;2024-01-01;2024-12-31;Reservas de Capital, Opções Outorgadas e Ações em Tesouraria;5.04.03;Opções Outorgadas Reconhecidas;0.0000000000;S
PETR4;33.000.167/0001-01;2025-12-31;1;PETROLEO BRASILEIRO S.A. PETROBRAS;009512;DF Consolidado - Demonstração das Mutações do Patrimônio Líquido;REAL;MIL;ÚLTIMO;2025-01-01;2025-12-31;Reservas de Capital, Opções Outorgadas e Ações em Tesouraria;5.04.03;Opções Outorgadas Reconhecidas;0.0000000000;S
PETR4;33.000.167/0001-01;2025-12-31;1;PETROLEO BRASILEIRO S.A. PETROBRAS;009512;DF Consolidado - Demonstração das Mutações do Patrimônio Líquido;REAL;MIL;PENÚLTIMO;2024-01-01;2024-12-31;Reservas de Lucro;5.04.03;Opções Outorgadas Reconhecidas;0.0000000000;S
PETR4;33.000.167/0001-01;2025-12-31;1;PETROLEO BRASILEIRO S.A. PETROBRAS;009512;DF Consolidado - Demonstração das Mutações do Patrimônio Líquido;REAL;MIL;ÚLTIMO;2025-01-01;2025-12-31;Reservas de Lucro;5.04.03;Opções Outorgadas Reconhecidas;0.0000000000;S
PETR4;33.000.167/0001-01;2025-12-31;1;PETROLEO BRASILEIRO S.A. PETROBRAS;009512;DF Consolidado - Demonstração das Mutações do Patrimônio Líquido;REAL;MIL;PENÚLTIMO;2024-01-01;2024-12-31;Lucros ou Prejuízos Acumulados;5.04.03;Opções Outorgadas Reconhecidas;0.0000000000;S
PETR4;33.000.167/0001-01;2025-12-31;1;PETROLEO BRASILEIRO S.A. PETROBRAS;009512;DF Consolidado - Demonstração das Mutações do Patrimônio Líquido;REAL;MIL;ÚLTIMO;2025-01-01;2025-12-31;Lucros ou Prejuízos Acumulados;5.04.03;Opções Outorgadas Reconhecidas;0.0000000000;S
PETR4;33.000.167/0001-01;2025-12-31;1;PETROLEO BRASILEIRO S.A. PETROBRAS;009512;DF Consolidado - Demonstração das Mutações do Patrimônio Líquido;REAL;MIL;PENÚLTIMO;2024-01-01;2024-12-31;Outros Resultados Abrangentes;5.04.03;Opções Outorgadas Reconhecidas;0.0000000000;S
PETR4;33.000.167/0001-01;2025-12-31;1;PETROLEO BRASILEIRO S.A. PETROBRAS;009512;DF Consolidado - Demonstração das Mutações do Patrimônio Líquido;REAL;MIL;ÚLTIMO;2025-01-01;2025-12-31;Outros Resultados Abrangentes;5.04.03;Opções Outorgadas Reconhecidas;0.0000000000;S
PETR4;33.000.167/0001-01;2025-12-31;1;PETROLEO BRASILEIRO S.A. PETROBRAS;009512;DF Consolidado - Demonstração das Mutações do Patrimônio Líquido;REAL;MIL;PENÚLTIMO;2024-01-01;2024-12-31;Patrimônio Líquido;5.04.03;Opções Outorgadas Reconhecidas;0.0000000000;S
PETR4;33.000.167/0001-01;2025-12-31;1;PETROLEO BRASILEIRO S.A. PETROBRAS;009512;DF Consolidado - Demonstração das Mutações do Patrimônio Líquido;REAL;MIL;ÚLTIMO;2025-01-01;2025-12-31;Patrimônio Líquido;5.04.03;Opções Outorgadas Reconhecidas;0.0000000000;S
PETR4;33.000.167/0001-01;2025-12-31;1;PETROLEO BRASILEIRO S.A. PETROBRAS;009512;DF Consolidado - Demonstração das Mutações do Patrimônio Líquido;REAL;MIL;PENÚLTIMO;2024-01-01;2024-12-31;Participação dos Não Controladores;5.04.03;Opções Outorgadas Reconhecidas;0.0000000000;S
PETR4;33.000.167/0001-01;2025-12-31;1;PETROLEO BRASILEIRO S.A. PETROBRAS;009512;DF Consolidado - Demonstração das Mutações do Patrimônio Líquido;REAL;MIL;ÚLTIMO;2025-01-01;2025-12-31;Participação dos Não Controladores;5.04.03;Opções Outorgadas Reconhecidas;0.0000000000;S
PETR4;33.000.167/0001-01;2025-12-31;1;PETROLEO BRASILEIRO S.A. PETROBRAS;009512;DF Consolidado - Demonstração das Mutações do Patrimônio Líquido;REAL;MIL;PENÚLTIMO;2024-01-01;2024-12-31;Patrimônio Líquido Consolidado;5.04.03;Opções Outorgadas Reconhecidas;0.0000000000;S
PETR4;33.000.167/0001-01;2025-12-31;1;PETROLEO BRASILEIRO S.A. PETROBRAS;009512;DF Consolidado - Demonstração das Mutações do Patrimônio Líquido;REAL;MIL;ÚLTIMO;2025-01-01;2025-12-31;Patrimônio Líquido Consolidado;5.04.03;Opções Outorgadas Reconhecidas;0.0000000000;S
PETR4;33.000.167/0001-01;2025-12-31;1;PETROLEO BRASILEIRO S.A. PETROBRAS;009512;DF Consolidado - Demonstração das Mutações do Patrimônio Líquido;REAL;MIL;PENÚLTIMO;2024-01-01;2024-12-31;Capital Social Integralizado;5.04.04;Ações em Tesouraria Adquiridas;0.0000000000;S
PETR4;33.000.167/0001-01;2025-12-31;1;PETROLEO BRASILEIRO S.A. PETROBRAS;009512;DF Consolidado - Demonstração das Mutações do Patrimônio Líquido;REAL;MIL;ÚLTIMO;2025-01-01;2025-12-31;Capital Social Integralizado;5.04.04;Ações em Tesouraria Adquiridas;0.0000000000;S
PETR4;33.000.167/0001-01;2025-12-31;1;PETROLEO BRASILEIRO S.A. PETROBRAS;009512;DF Consolidado - Demonstração das Mutações do Patrimônio Líquido;REAL;MIL;PENÚLTIMO;2024-01-01;2024-12-31;Reservas de Capital, Opções Outorgadas e Ações em Tesouraria;5.04.04;Ações em Tesouraria Adquiridas;-1919000.0000000000;S
PETR4;33.000.167/0001-01;2025-12-31;1;PETROLEO BRASILEIRO S.A. PETROBRAS;009512;DF Consolidado - Demonstração das Mutações do Patrimônio Líquido;REAL;MIL;ÚLTIMO;2025-01-01;2025-12-31;Reservas de Capital, Opções Outorgadas e Ações em Tesouraria;5.04.04;Ações em Tesouraria Adquiridas;0.0000000000;S
PETR4;33.000.167/0001-01;2025-12-31;1;PETROLEO BRASILEIRO S.A. PETROBRAS;009512;DF Consolidado - Demonstração das Mutações do Patrimônio Líquido;REAL;MIL;PENÚLTIMO;2024-01-01;2024-12-31;Reservas de Lucro;5.04.04;Ações em Tesouraria Adquiridas;0.0000000000;S
PETR4;33.000.167/0001-01;2025-12-31;1;PETROLEO BRASILEIRO S.A. PETROBRAS;009512;DF Consolidado - Demonstração das Mutações do Patrimônio Líquido;REAL;MIL;ÚLTIMO;2025-01-01;2025-12-31;Reservas de Lucro;5.04.04;Ações em Tesouraria Adquiridas;0.0000000000;S
PETR4;33.000.167/0001-01;2025-12-31;1;PETROLEO BRASILEIRO S.A. PETROBRAS;009512;DF Consolidado - Demonstração das Mutações do Patrimônio Líquido;REAL;MIL;PENÚLTIMO;2024-01-01;2024-12-31;Lucros ou Prejuízos Acumulados;5.04.04;Ações em Tesouraria Adquiridas;0.0000000000;S
PETR4;33.000.167/0001-01;2025-12-31;1;PETROLEO BRASILEIRO S.A. PETROBRAS;009512;DF Consolidado - Demonstração das Mutações do Patrimônio Líquido;REAL;MIL;ÚLTIMO;2025-01-01;2025-12-31;Lucros ou Prejuízos Acumulados;5.04.04;Ações em Tesouraria Adquiridas;0.0000000000;S
PETR4;33.000.167/0001-01;2025-12-31;1;PETROLEO BRASILEIRO S.A. PETROBRAS;009512;DF Consolidado - Demonstração das Mutações do Patrimônio Líquido;REAL;MIL;PENÚLTIMO;2024-01-01;2024-12-31;Outros Resultados Abrangentes;5.04.04;Ações em Tesouraria Adquiridas;0.0000000000;S
PETR4;33.000.167/0001-01;2025-12-31;1;PETROLEO BRASILEIRO S.A. PETROBRAS;009512;DF Consolidado - Demonstração das Mutações do Patrimônio Líquido;REAL;MIL;ÚLTIMO;2025-01-01;2025-12-31;Outros Resultados Abrangentes;5.04.04;Ações em Tesouraria Adquiridas;0.0000000000;S
PETR4;33.000.167/0001-01;2025-12-31;1;PETROLEO BRASILEIRO S.A. PETROBRAS;009512;DF Consolidado - Demonstração das Mutações do Patrimônio Líquido;REAL;MIL;PENÚLTIMO;2024-01-01;2024-12-31;Patrimônio Líquido;5.04.04;Ações em Tesouraria Adquiridas;-1919000.0000000000;S
PETR4;33.000.167/0001-01;2025-12-31;1;PETROLEO BRASILEIRO S.A. PETROBRAS;009512;DF Consolidado - Demonstração das Mutações do Patrimônio Líquido;REAL;MIL;ÚLTIMO;2025-01-01;2025-12-31;Patrimônio Líquido;5.04.04;Ações em Tesouraria Adquiridas;0.0000000000;S
PETR4;33.000.167/0001-01;2025-12-31;1;PETROLEO BRASILEIRO S.A. PETROBRAS;009512;DF Consolidado - Demonstração das Mutações do Patrimônio Líquido;REAL;MIL;PENÚLTIMO;2024-01-01;2024-12-31;Participação dos Não Controladores;5.04.04;Ações em Tesouraria Adquiridas;0.0000000000;S
PETR4;33.000.167/0001-01;2025-12-31;1;PETROLEO BRASILEIRO S.A. PETROBRAS;009512;DF Consolidado - Demonstração das Mutações do Patrimônio Líquido;REAL;MIL;ÚLTIMO;2025-01-01;2025-12-31;Participação dos Não Controladores;5.04.04;Ações em Tesouraria Adquiridas;0.0000000000;S
PETR4;33.000.167/0001-01;2025-12-31;1;PETROLEO BRASILEIRO S.A. PETROBRAS;009512;DF Consolidado - Demonstração das Mutações do Patrimônio Líquido;REAL;MIL;PENÚLTIMO;2024-01-01;2024-12-31;Patrimônio Líquido Consolidado;5.04.04;Ações em Tesouraria Adquiridas;-1919000.0000000000;S
PETR4;33.000.167/0001-01;2025-12-31;1;PETROLEO BRASILEIRO S.A. PETROBRAS;009512;DF Consolidado - Demonstração das Mutações do Patrimônio Líquido;REAL;MIL;ÚLTIMO;2025-01-01;2025-12-31;Patrimônio Líquido Consolidado;5.04.04;Ações em Tesouraria Adquiridas;0.0000000000;S
PETR4;33.000.167/0001-01;2025-12-31;1;PETROLEO BRASILEIRO S.A. PETROBRAS;009512;DF Consolidado - Demonstração das Mutações do Patrimônio Líquido;REAL;MIL;PENÚLTIMO;2024-01-01;2024-12-31;Capital Social Integralizado;5.04.05;Ações em Tesouraria Vendidas;0.0000000000;S
PETR4;33.000.167/0001-01;2025-12-31;1;PETROLEO BRASILEIRO S.A. PETROBRAS;009512;DF Consolidado - Demonstração das Mutações do Patrimônio Líquido;REAL;MIL;ÚLTIMO;2025-01-01;2025-12-31;Capital Social Integralizado;5.04.05;Ações em Tesouraria Vendidas;0.0000000000;S
PETR4;33.000.167/0001-01;2025-12-31;1;PETROLEO BRASILEIRO S.A. PETROBRAS;009512;DF Consolidado - Demonstração das Mutações do Patrimônio Líquido;REAL;MIL;PENÚLTIMO;2024-01-01;2024-12-31;Reservas de Capital, Opções Outorgadas e Ações em Tesouraria;5.04.05;Ações em Tesouraria Vendidas;0.0000000000;S
PETR4;33.000.167/0001-01;2025-12-31;1;PETROLEO BRASILEIRO S.A. PETROBRAS;009512;DF Consolidado - Demonstração das Mutações do Patrimônio Líquido;REAL;MIL;ÚLTIMO;2025-01-01;2025-12-31;Reservas de Capital, Opções Outorgadas e Ações em Tesouraria;5.04.05;Ações em Tesouraria Vendidas;0.0000000000;S
PETR4;33.000.167/0001-01;2025-12-31;1;PETROLEO BRASILEIRO S.A. PETROBRAS;009512;DF Consolidado - Demonstração das Mutações do Patrimônio Líquido;REAL;MIL;PENÚLTIMO;2024-01-01;2024-12-31;Reservas de Lucro;5.04.05;Ações em Tesouraria Vendidas;0.0000000000;S
PETR4;33.000.167/0001-01;2025-12-31;1;PETROLEO BRASILEIRO S.A. PETROBRAS;009512;DF Consolidado - Demonstração das Mutações do Patrimônio Líquido;REAL;MIL;ÚLTIMO;2025-01-01;2025-12-31;Reservas de Lucro;5.04.05;Ações em Tesouraria Vendidas;0.0000000000;S
PETR4;33.000.167/0001-01;2025-12-31;1;PETROLEO BRASILEIRO S.A. PETROBRAS;009512;DF Consolidado - Demonstração das Mutações do Patrimônio Líquido;REAL;MIL;PENÚLTIMO;2024-01-01;2024-12-31;Lucros ou Prejuízos Acumulados;5.04.05;Ações em Tesouraria Vendidas;0.0000000000;S
PETR4;33.000.167/0001-01;2025-12-31;1;PETROLEO BRASILEIRO S.A. PETROBRAS;009512;DF Consolidado - Demonstração das Mutações do Patrimônio Líquido;REAL;MIL;ÚLTIMO;2025-01-01;2025-12-31;Lucros ou Prejuízos Acumulados;5.04.05;Ações em Tesouraria Vendidas;0.0000000000;S
PETR4;33.000.167/0001-01;2025-12-31;1;PETROLEO BRASILEIRO S.A. PETROBRAS;009512;DF Consolidado - Demonstração das Mutações do Patrimônio Líquido;REAL;MIL;PENÚLTIMO;2024-01-01;2024-12-31;Outros Resultados Abrangentes;5.04.05;Ações em Tesouraria Vendidas;0.0000000000;S
PETR4;33.000.167/0001-01;2025-12-31;1;PETROLEO BRASILEIRO S.A. PETROBRAS;009512;DF Consolidado - Demonstração das Mutações do Patrimônio Líquido;REAL;MIL;ÚLTIMO;2025-01-01;2025-12-31;Outros Resultados Abrangentes;5.04.05;Ações em Tesouraria Vendidas;0.0000000000;S
PETR4;33.000.167/0001-01;2025-12-31;1;PETROLEO BRASILEIRO S.A. PETROBRAS;009512;DF Consolidado - Demonstração das Mutações do Patrimônio Líquido;REAL;MIL;PENÚLTIMO;2024-01-01;2024-12-31;Patrimônio Líquido;5.04.05;Ações em Tesouraria Vendidas;0.0000000000;S
PETR4;33.000.167/0001-01;2025-12-31;1;PETROLEO BRASILEIRO S.A. PETROBRAS;009512;DF Consolidado - Demonstração das Mutações do Patrimônio Líquido;REAL;MIL;ÚLTIMO;2025-01-01;2025-12-31;Patrimônio Líquido;5.04.05;Ações em Tesouraria Vendidas;0.0000000000;S
PETR4;33.000.167/0001-01;2025-12-31;1;PETROLEO BRASILEIRO S.A. PETROBRAS;009512;DF Consolidado - Demonstração das Mutações do Patrimônio Líquido;REAL;MIL;PENÚLTIMO;2024-01-01;2024-12-31;Participação dos Não Controladores;5.04.05;Ações em Tesouraria Vendidas;0.0000000000;S
PETR4;33.000.167/0001-01;2025-12-31;1;PETROLEO BRASILEIRO S.A. PETROBRAS;009512;DF Consolidado - Demonstração das Mutações do Patrimônio Líquido;REAL;MIL;ÚLTIMO;2025-01-01;2025-12-31;Participação dos Não Controladores;5.04.05;Ações em Tesouraria Vendidas;0.0000000000;S
PETR4;33.000.167/0001-01;2025-12-31;1;PETROLEO BRASILEIRO S.A. PETROBRAS;009512;DF Consolidado - Demonstração das Mutações do Patrimônio Líquido;REAL;MIL;PENÚLTIMO;2024-01-01;2024-12-31;Patrimônio Líquido Consolidado;5.04.05;Ações em Tesouraria Vendidas;0.0000000000;S
PETR4;33.000.167/0001-01;2025-12-31;1;PETROLEO BRASILEIRO S.A. PETROBRAS;009512;DF Consolidado - Demonstração das Mutações do Patrimônio Líquido;REAL;MIL;ÚLTIMO;2025-01-01;2025-12-31;Patrimônio Líquido Consolidado;5.04.05;Ações em Tesouraria Vendidas;0.0000000000;S
PETR4;33.000.167/0001-01;2025-12-31;1;PETROLEO BRASILEIRO S.A. PETROBRAS;009512;DF Consolidado - Demonstração das Mutações do Patrimônio Líquido;REAL;MIL;PENÚLTIMO;2024-01-01;2024-12-31;Capital Social Integralizado;5.04.06;Dividendos;0.0000000000;S
PETR4;33.000.167/0001-01;2025-12-31;1;PETROLEO BRASILEIRO S.A. PETROBRAS;009512;DF Consolidado - Demonstração das Mutações do Patrimônio Líquido;REAL;MIL;ÚLTIMO;2025-01-01;2025-12-31;Capital Social Integralizado;5.04.06;Dividendos;0.0000000000;S
PETR4;33.000.167/0001-01;2025-12-31;1;PETROLEO BRASILEIRO S.A. PETROBRAS;009512;DF Consolidado - Demonstração das Mutações do Patrimônio Líquido;REAL;MIL;PENÚLTIMO;2024-01-01;2024-12-31;Reservas de Capital, Opções Outorgadas e Ações em Tesouraria;5.04.06;Dividendos;0.0000000000;S
PETR4;33.000.167/0001-01;2025-12-31;1;PETROLEO BRASILEIRO S.A. PETROBRAS;009512;DF Consolidado - Demonstração das Mutações do Patrimônio Líquido;REAL;MIL;ÚLTIMO;2025-01-01;2025-12-31;Reservas de Capital, Opções Outorgadas e Ações em Tesouraria;5.04.06;Dividendos;0.0000000000;S
PETR4;33.000.167/0001-01;2025-12-31;1;PETROLEO BRASILEIRO S.A. PETROBRAS;009512;DF Consolidado - Demonstração das Mutações do Patrimônio Líquido;REAL;MIL;PENÚLTIMO;2024-01-01;2024-12-31;Reservas de Lucro;5.04.06;Dividendos;-64768000.0000000000;S
PETR4;33.000.167/0001-01;2025-12-31;1;PETROLEO BRASILEIRO S.A. PETROBRAS;009512;DF Consolidado - Demonstração das Mutações do Patrimônio Líquido;REAL;MIL;ÚLTIMO;2025-01-01;2025-12-31;Reservas de Lucro;5.04.06;Dividendos;-1073000.0000000000;S
PETR4;33.000.167/0001-01;2025-12-31;1;PETROLEO BRASILEIRO S.A. PETROBRAS;009512;DF Consolidado - Demonstração das Mutações do Patrimônio Líquido;REAL;MIL;PENÚLTIMO;2024-01-01;2024-12-31;Lucros ou Prejuízos Acumulados;5.04.06;Dividendos;-36132000.0000000000;S
PETR4;33.000.167/0001-01;2025-12-31;1;PETROLEO BRASILEIRO S.A. PETROBRAS;009512;DF Consolidado - Demonstração das Mutações do Patrimônio Líquido;REAL;MIL;ÚLTIMO;2025-01-01;2025-12-31;Lucros ou Prejuízos Acumulados;5.04.06;Dividendos;-41236000.0000000000;S
PETR4;33.000.167/0001-01;2025-12-31;1;PETROLEO BRASILEIRO S.A. PETROBRAS;009512;DF Consolidado - Demonstração das Mutações do Patrimônio Líquido;REAL;MIL;PENÚLTIMO;2024-01-01;2024-12-31;Outros Resultados Abrangentes;5.04.06;Dividendos;0.0000000000;S
PETR4;33.000.167/0001-01;2025-12-31;1;PETROLEO BRASILEIRO S.A. PETROBRAS;009512;DF Consolidado - Demonstração das Mutações do Patrimônio Líquido;REAL;MIL;ÚLTIMO;2025-01-01;2025-12-31;Outros Resultados Abrangentes;5.04.06;Dividendos;0.0000000000;S
PETR4;33.000.167/0001-01;2025-12-31;1;PETROLEO BRASILEIRO S.A. PETROBRAS;009512;DF Consolidado - Demonstração das Mutações do Patrimônio Líquido;REAL;MIL;PENÚLTIMO;2024-01-01;2024-12-31;Patrimônio Líquido;5.04.06;Dividendos;-100900000.0000000000;S
PETR4;33.000.167/0001-01;2025-12-31;1;PETROLEO BRASILEIRO S.A. PETROBRAS;009512;DF Consolidado - Demonstração das Mutações do Patrimônio Líquido;REAL;MIL;ÚLTIMO;2025-01-01;2025-12-31;Patrimônio Líquido;5.04.06;Dividendos;-42309000.0000000000;S
PETR4;33.000.167/0001-01;2025-12-31;1;PETROLEO BRASILEIRO S.A. PETROBRAS;009512;DF Consolidado - Demonstração das Mutações do Patrimônio Líquido;REAL;MIL;PENÚLTIMO;2024-01-01;2024-12-31;Participação dos Não Controladores;5.04.06;Dividendos;-302000.0000000000;S
PETR4;33.000.167/0001-01;2025-12-31;1;PETROLEO BRASILEIRO S.A. PETROBRAS;009512;DF Consolidado - Demonstração das Mutações do Patrimônio Líquido;REAL;MIL;ÚLTIMO;2025-01-01;2025-12-31;Participação dos Não Controladores;5.04.06;Dividendos;-114000.0000000000;S
PETR4;33.000.167/0001-01;2025-12-31;1;PETROLEO BRASILEIRO S.A. PETROBRAS;009512;DF Consolidado - Demonstração das Mutações do Patrimônio Líquido;REAL;MIL;PENÚLTIMO;2024-01-01;2024-12-31;Patrimônio Líquido Consolidado;5.04.06;Dividendos;-101202000.0000000000;S
PETR4;33.000.167/0001-01;2025-12-31;1;PETROLEO BRASILEIRO S.A. PETROBRAS;009512;DF Consolidado - Demonstração das Mutações do Patrimônio Líquido;REAL;MIL;ÚLTIMO;2025-01-01;2025-12-31;Patrimônio Líquido Consolidado;5.04.06;Dividendos;-42423000.0000000000;S
PETR4;33.000.167/0001-01;2025-12-31;1;PETROLEO BRASILEIRO S.A. PETROBRAS;009512;DF Consolidado - Demonstração das Mutações do Patrimônio Líquido;REAL;MIL;PENÚLTIMO;2024-01-01;2024-12-31;Capital Social Integralizado;5.04.07;Juros sobre Capital Próprio;0.0000000000;S
PETR4;33.000.167/0001-01;2025-12-31;1;PETROLEO BRASILEIRO S.A. PETROBRAS;009512;DF Consolidado - Demonstração das Mutações do Patrimônio Líquido;REAL;MIL;ÚLTIMO;2025-01-01;2025-12-31;Capital Social Integralizado;5.04.07;Juros sobre Capital Próprio;0.0000000000;S
PETR4;33.000.167/0001-01;2025-12-31;1;PETROLEO BRASILEIRO S.A. PETROBRAS;009512;DF Consolidado - Demonstração das Mutações do Patrimônio Líquido;REAL;MIL;PENÚLTIMO;2024-01-01;2024-12-31;Reservas de Capital, Opções Outorgadas e Ações em Tesouraria;5.04.07;Juros sobre Capital Próprio;0.0000000000;S
PETR4;33.000.167/0001-01;2025-12-31;1;PETROLEO BRASILEIRO S.A. PETROBRAS;009512;DF Consolidado - Demonstração das Mutações do Patrimônio Líquido;REAL;MIL;ÚLTIMO;2025-01-01;2025-12-31;Reservas de Capital, Opções Outorgadas e Ações em Tesouraria;5.04.07;Juros sobre Capital Próprio;0.0000000000;S
PETR4;33.000.167/0001-01;2025-12-31;1;PETROLEO BRASILEIRO S.A. PETROBRAS;009512;DF Consolidado - Demonstração das Mutações do Patrimônio Líquido;REAL;MIL;PENÚLTIMO;2024-01-01;2024-12-31;Reservas de Lucro;5.04.07;Juros sobre Capital Próprio;0.0000000000;S
PETR4;33.000.167/0001-01;2025-12-31;1;PETROLEO BRASILEIRO S.A. PETROBRAS;009512;DF Consolidado - Demonstração das Mutações do Patrimônio Líquido;REAL;MIL;ÚLTIMO;2025-01-01;2025-12-31;Reservas de Lucro;5.04.07;Juros sobre Capital Próprio;0.0000000000;S
PETR4;33.000.167/0001-01;2025-12-31;1;PETROLEO BRASILEIRO S.A. PETROBRAS;009512;DF Consolidado - Demonstração das Mutações do Patrimônio Líquido;REAL;MIL;PENÚLTIMO;2024-01-01;2024-12-31;Lucros ou Prejuízos Acumulados;5.04.07;Juros sobre Capital Próprio;0.0000000000;S
PETR4;33.000.167/0001-01;2025-12-31;1;PETROLEO BRASILEIRO S.A. PETROBRAS;009512;DF Consolidado - Demonstração das Mutações do Patrimônio Líquido;REAL;MIL;ÚLTIMO;2025-01-01;2025-12-31;Lucros ou Prejuízos Acumulados;5.04.07;Juros sobre Capital Próprio;0.0000000000;S
PETR4;33.000.167/0001-01;2025-12-31;1;PETROLEO BRASILEIRO S.A. PETROBRAS;009512;DF Consolidado - Demonstração das Mutações do Patrimônio Líquido;REAL;MIL;PENÚLTIMO;2024-01-01;2024-12-31;Outros Resultados Abrangentes;5.04.07;Juros sobre Capital Próprio;0.0000000000;S
PETR4;33.000.167/0001-01;2025-12-31;1;PETROLEO BRASILEIRO S.A. PETROBRAS;009512;DF Consolidado - Demonstração das Mutações do Patrimônio Líquido;REAL;MIL;ÚLTIMO;2025-01-01;2025-12-31;Outros Resultados Abrangentes;5.04.07;Juros sobre Capital Próprio;0.0000000000;S
PETR4;33.000.167/0001-01;2025-12-31;1;PETROLEO BRASILEIRO S.A. PETROBRAS;009512;DF Consolidado - Demonstração das Mutações do Patrimônio Líquido;REAL;MIL;PENÚLTIMO;2024-01-01;2024-12-31;Patrimônio Líquido;5.04.07;Juros sobre Capital Próprio;0.0000000000;S
PETR4;33.000.167/0001-01;2025-12-31;1;PETROLEO BRASILEIRO S.A. PETROBRAS;009512;DF Consolidado - Demonstração das Mutações do Patrimônio Líquido;REAL;MIL;ÚLTIMO;2025-01-01;2025-12-31;Patrimônio Líquido;5.04.07;Juros sobre Capital Próprio;0.0000000000;S
PETR4;33.000.167/0001-01;2025-12-31;1;PETROLEO BRASILEIRO S.A. PETROBRAS;009512;DF Consolidado - Demonstração das Mutações do Patrimônio Líquido;REAL;MIL;PENÚLTIMO;2024-01-01;2024-12-31;Participação dos Não Controladores;5.04.07;Juros sobre Capital Próprio;0.0000000000;S
PETR4;33.000.167/0001-01;2025-12-31;1;PETROLEO BRASILEIRO S.A. PETROBRAS;009512;DF Consolidado - Demonstração das Mutações do Patrimônio Líquido;REAL;MIL;ÚLTIMO;2025-01-01;2025-12-31;Participação dos Não Controladores;5.04.07;Juros sobre Capital Próprio;0.0000000000;S
PETR4;33.000.167/0001-01;2025-12-31;1;PETROLEO BRASILEIRO S.A. PETROBRAS;009512;DF Consolidado - Demonstração das Mutações do Patrimônio Líquido;REAL;MIL;PENÚLTIMO;2024-01-01;2024-12-31;Patrimônio Líquido Consolidado;5.04.07;Juros sobre Capital Próprio;0.0000000000;S
PETR4;33.000.167/0001-01;2025-12-31;1;PETROLEO BRASILEIRO S.A. PETROBRAS;009512;DF Consolidado - Demonstração das Mutações do Patrimônio Líquido;REAL;MIL;ÚLTIMO;2025-01-01;2025-12-31;Patrimônio Líquido Consolidado;5.04.07;Juros sobre Capital Próprio;0.0000000000;S
PETR4;33.000.167/0001-01;2025-12-31;1;PETROLEO BRASILEIRO S.A. PETROBRAS;009512;DF Consolidado - Demonstração das Mutações do Patrimônio Líquido;REAL;MIL;PENÚLTIMO;2024-01-01;2024-12-31;Capital Social Integralizado;5.04.08;Mudança de participação em controladas;0.0000000000;N
PETR4;33.000.167/0001-01;2025-12-31;1;PETROLEO BRASILEIRO S.A. PETROBRAS;009512;DF Consolidado - Demonstração das Mutações do Patrimônio Líquido;REAL;MIL;ÚLTIMO;2025-01-01;2025-12-31;Capital Social Integralizado;5.04.08;Mudança de participação em controladas;0.0000000000;N
PETR4;33.000.167/0001-01;2025-12-31;1;PETROLEO BRASILEIRO S.A. PETROBRAS;009512;DF Consolidado - Demonstração das Mutações do Patrimônio Líquido;REAL;MIL;PENÚLTIMO;2024-01-01;2024-12-31;Reservas de Capital, Opções Outorgadas e Ações em Tesouraria;5.04.08;Mudança de participação em controladas;0.0000000000;N
PETR4;33.000.167/0001-01;2025-12-31;1;PETROLEO BRASILEIRO S.A. PETROBRAS;009512;DF Consolidado - Demonstração das Mutações do Patrimônio Líquido;REAL;MIL;ÚLTIMO;2025-01-01;2025-12-31;Reservas de Capital, Opções Outorgadas e Ações em Tesouraria;5.04.08;Mudança de participação em controladas;0.0000000000;N
PETR4;33.000.167/0001-01;2025-12-31;1;PETROLEO BRASILEIRO S.A. PETROBRAS;009512;DF Consolidado - Demonstração das Mutações do Patrimônio Líquido;REAL;MIL;PENÚLTIMO;2024-01-01;2024-12-31;Reservas de Lucro;5.04.08;Mudança de participação em controladas;0.0000000000;N
PETR4;33.000.167/0001-01;2025-12-31;1;PETROLEO BRASILEIRO S.A. PETROBRAS;009512;DF Consolidado - Demonstração das Mutações do Patrimônio Líquido;REAL;MIL;ÚLTIMO;2025-01-01;2025-12-31;Reservas de Lucro;5.04.08;Mudança de participação em controladas;0.0000000000;N
PETR4;33.000.167/0001-01;2025-12-31;1;PETROLEO BRASILEIRO S.A. PETROBRAS;009512;DF Consolidado - Demonstração das Mutações do Patrimônio Líquido;REAL;MIL;PENÚLTIMO;2024-01-01;2024-12-31;Lucros ou Prejuízos Acumulados;5.04.08;Mudança de participação em controladas;0.0000000000;N
PETR4;33.000.167/0001-01;2025-12-31;1;PETROLEO BRASILEIRO S.A. PETROBRAS;009512;DF Consolidado - Demonstração das Mutações do Patrimônio Líquido;REAL;MIL;ÚLTIMO;2025-01-01;2025-12-31;Lucros ou Prejuízos Acumulados;5.04.08;Mudança de participação em controladas;0.0000000000;N
PETR4;33.000.167/0001-01;2025-12-31;1;PETROLEO BRASILEIRO S.A. PETROBRAS;009512;DF Consolidado - Demonstração das Mutações do Patrimônio Líquido;REAL;MIL;PENÚLTIMO;2024-01-01;2024-12-31;Outros Resultados Abrangentes;5.04.08;Mudança de participação em controladas;0.0000000000;N
PETR4;33.000.167/0001-01;2025-12-31;1;PETROLEO BRASILEIRO S.A. PETROBRAS;009512;DF Consolidado - Demonstração das Mutações do Patrimônio Líquido;REAL;MIL;ÚLTIMO;2025-01-01;2025-12-31;Outros Resultados Abrangentes;5.04.08;Mudança de participação em controladas;0.0000000000;N
PETR4;33.000.167/0001-01;2025-12-31;1;PETROLEO BRASILEIRO S.A. PETROBRAS;009512;DF Consolidado - Demonstração das Mutações do Patrimônio Líquido;REAL;MIL;PENÚLTIMO;2024-01-01;2024-12-31;Patrimônio Líquido;5.04.08;Mudança de participação em controladas;0.0000000000;N
PETR4;33.000.167/0001-01;2025-12-31;1;PETROLEO BRASILEIRO S.A. PETROBRAS;009512;DF Consolidado - Demonstração das Mutações do Patrimônio Líquido;REAL;MIL;ÚLTIMO;2025-01-01;2025-12-31;Patrimônio Líquido;5.04.08;Mudança de participação em controladas;0.0000000000;N
PETR4;33.000.167/0001-01;2025-12-31;1;PETROLEO BRASILEIRO S.A. PETROBRAS;009512;DF Consolidado - Demonstração das Mutações do Patrimônio Líquido;REAL;MIL;PENÚLTIMO;2024-01-01;2024-12-31;Participação dos Não Controladores;5.04.08;Mudança de participação em controladas;-511000.0000000000;N
PETR4;33.000.167/0001-01;2025-12-31;1;PETROLEO BRASILEIRO S.A. PETROBRAS;009512;DF Consolidado - Demonstração das Mutações do Patrimônio Líquido;REAL;MIL;ÚLTIMO;2025-01-01;2025-12-31;Participação dos Não Controladores;5.04.08;Mudança de participação em controladas;58000.0000000000;N
PETR4;33.000.167/0001-01;2025-12-31;1;PETROLEO BRASILEIRO S.A. PETROBRAS;009512;DF Consolidado - Demonstração das Mutações do Patrimônio Líquido;REAL;MIL;PENÚLTIMO;2024-01-01;2024-12-31;Patrimônio Líquido Consolidado;5.04.08;Mudança de participação em controladas;-511000.0000000000;N
PETR4;33.000.167/0001-01;2025-12-31;1;PETROLEO BRASILEIRO S.A. PETROBRAS;009512;DF Consolidado - Demonstração das Mutações do Patrimônio Líquido;REAL;MIL;ÚLTIMO;2025-01-01;2025-12-31;Patrimônio Líquido Consolidado;5.04.08;Mudança de participação em controladas;58000.0000000000;N
PETR4;33.000.167/0001-01;2025-12-31;1;PETROLEO BRASILEIRO S.A. PETROBRAS;009512;DF Consolidado - Demonstração das Mutações do Patrimônio Líquido;REAL;MIL;PENÚLTIMO;2024-01-01;2024-12-31;Capital Social Integralizado;5.04.09;Realização do custo atribuído;0.0000000000;N
PETR4;33.000.167/0001-01;2025-12-31;1;PETROLEO BRASILEIRO S.A. PETROBRAS;009512;DF Consolidado - Demonstração das Mutações do Patrimônio Líquido;REAL;MIL;ÚLTIMO;2025-01-01;2025-12-31;Capital Social Integralizado;5.04.09;Realização do custo atribuído;0.0000000000;N
PETR4;33.000.167/0001-01;2025-12-31;1;PETROLEO BRASILEIRO S.A. PETROBRAS;009512;DF Consolidado - Demonstração das Mutações do Patrimônio Líquido;REAL;MIL;PENÚLTIMO;2024-01-01;2024-12-31;Reservas de Capital, Opções Outorgadas e Ações em Tesouraria;5.04.09;Realização do custo atribuído;0.0000000000;N
PETR4;33.000.167/0001-01;2025-12-31;1;PETROLEO BRASILEIRO S.A. PETROBRAS;009512;DF Consolidado - Demonstração das Mutações do Patrimônio Líquido;REAL;MIL;ÚLTIMO;2025-01-01;2025-12-31;Reservas de Capital, Opções Outorgadas e Ações em Tesouraria;5.04.09;Realização do custo atribuído;0.0000000000;N
PETR4;33.000.167/0001-01;2025-12-31;1;PETROLEO BRASILEIRO S.A. PETROBRAS;009512;DF Consolidado - Demonstração das Mutações do Patrimônio Líquido;REAL;MIL;PENÚLTIMO;2024-01-01;2024-12-31;Reservas de Lucro;5.04.09;Realização do custo atribuído;0.0000000000;N
PETR4;33.000.167/0001-01;2025-12-31;1;PETROLEO BRASILEIRO S.A. PETROBRAS;009512;DF Consolidado - Demonstração das Mutações do Patrimônio Líquido;REAL;MIL;ÚLTIMO;2025-01-01;2025-12-31;Reservas de Lucro;5.04.09;Realização do custo atribuído;0.0000000000;N
PETR4;33.000.167/0001-01;2025-12-31;1;PETROLEO BRASILEIRO S.A. PETROBRAS;009512;DF Consolidado - Demonstração das Mutações do Patrimônio Líquido;REAL;MIL;PENÚLTIMO;2024-01-01;2024-12-31;Lucros ou Prejuízos Acumulados;5.04.09;Realização do custo atribuído;0.0000000000;N
PETR4;33.000.167/0001-01;2025-12-31;1;PETROLEO BRASILEIRO S.A. PETROBRAS;009512;DF Consolidado - Demonstração das Mutações do Patrimônio Líquido;REAL;MIL;ÚLTIMO;2025-01-01;2025-12-31;Lucros ou Prejuízos Acumulados;5.04.09;Realização do custo atribuído;0.0000000000;N
PETR4;33.000.167/0001-01;2025-12-31;1;PETROLEO BRASILEIRO S.A. PETROBRAS;009512;DF Consolidado - Demonstração das Mutações do Patrimônio Líquido;REAL;MIL;PENÚLTIMO;2024-01-01;2024-12-31;Outros Resultados Abrangentes;5.04.09;Realização do custo atribuído;0.0000000000;N
PETR4;33.000.167/0001-01;2025-12-31;1;PETROLEO BRASILEIRO S.A. PETROBRAS;009512;DF Consolidado - Demonstração das Mutações do Patrimônio Líquido;REAL;MIL;ÚLTIMO;2025-01-01;2025-12-31;Outros Resultados Abrangentes;5.04.09;Realização do custo atribuído;0.0000000000;N
PETR4;33.000.167/0001-01;2025-12-31;1;PETROLEO BRASILEIRO S.A. PETROBRAS;009512;DF Consolidado - Demonstração das Mutações do Patrimônio Líquido;REAL;MIL;PENÚLTIMO;2024-01-01;2024-12-31;Patrimônio Líquido;5.04.09;Realização do custo atribuído;0.0000000000;N
PETR4;33.000.167/0001-01;2025-12-31;1;PETROLEO BRASILEIRO S.A. PETROBRAS;009512;DF Consolidado - Demonstração das Mutações do Patrimônio Líquido;REAL;MIL;ÚLTIMO;2025-01-01;2025-12-31;Patrimônio Líquido;5.04.09;Realização do custo atribuído;0.0000000000;N
PETR4;33.000.167/0001-01;2025-12-31;1;PETROLEO BRASILEIRO S.A. PETROBRAS;009512;DF Consolidado - Demonstração das Mutações do Patrimônio Líquido;REAL;MIL;PENÚLTIMO;2024-01-01;2024-12-31;Participação dos Não Controladores;5.04.09;Realização do custo atribuído;0.0000000000;N
PETR4;33.000.167/0001-01;2025-12-31;1;PETROLEO BRASILEIRO S.A. PETROBRAS;009512;DF Consolidado - Demonstração das Mutações do Patrimônio Líquido;REAL;MIL;ÚLTIMO;2025-01-01;2025-12-31;Participação dos Não Controladores;5.04.09;Realização do custo atribuído;0.0000000000;N
PETR4;33.000.167/0001-01;2025-12-31;1;PETROLEO BRASILEIRO S.A. PETROBRAS;009512;DF Consolidado - Demonstração das Mutações do Patrimônio Líquido;REAL;MIL;PENÚLTIMO;2024-01-01;2024-12-31;Patrimônio Líquido Consolidado;5.04.09;Realização do custo atribuído;0.0000000000;N
PETR4;33.000.167/0001-01;2025-12-31;1;PETROLEO BRASILEIRO S.A. PETROBRAS;009512;DF Consolidado - Demonstração das Mutações do Patrimônio Líquido;REAL;MIL;ÚLTIMO;2025-01-01;2025-12-31;Patrimônio Líquido Consolidado;5.04.09;Realização do custo atribuído;0.0000000000;N
PETR4;33.000.167/0001-01;2025-12-31;1;PETROLEO BRASILEIRO S.A. PETROBRAS;009512;DF Consolidado - Demonstração das Mutações do Patrimônio Líquido;REAL;MIL;PENÚLTIMO;2024-01-01;2024-12-31;Capital Social Integralizado;5.04.10;Transações de capital - Outras;0.0000000000;N
PETR4;33.000.167/0001-01;2025-12-31;1;PETROLEO BRASILEIRO S.A. PETROBRAS;009512;DF Consolidado - Demonstração das Mutações do Patrimônio Líquido;REAL;MIL;ÚLTIMO;2025-01-01;2025-12-31;Capital Social Integralizado;5.04.10;Transações de capital - Outras;0.0000000000;N
PETR4;33.000.167/0001-01;2025-12-31;1;PETROLEO BRASILEIRO S.A. PETROBRAS;009512;DF Consolidado - Demonstração das Mutações do Patrimônio Líquido;REAL;MIL;PENÚLTIMO;2024-01-01;2024-12-31;Reservas de Capital, Opções Outorgadas e Ações em Tesouraria;5.04.10;Transações de capital - Outras;0.0000000000;N
PETR4;33.000.167/0001-01;2025-12-31;1;PETROLEO BRASILEIRO S.A. PETROBRAS;009512;DF Consolidado - Demonstração das Mutações do Patrimônio Líquido;REAL;MIL;ÚLTIMO;2025-01-01;2025-12-31;Reservas de Capital, Opções Outorgadas e Ações em Tesouraria;5.04.10;Transações de capital - Outras;0.0000000000;N
PETR4;33.000.167/0001-01;2025-12-31;1;PETROLEO BRASILEIRO S.A. PETROBRAS;009512;DF Consolidado - Demonstração das Mutações do Patrimônio Líquido;REAL;MIL;PENÚLTIMO;2024-01-01;2024-12-31;Reservas de Lucro;5.04.10;Transações de capital - Outras;0.0000000000;N
PETR4;33.000.167/0001-01;2025-12-31;1;PETROLEO BRASILEIRO S.A. PETROBRAS;009512;DF Consolidado - Demonstração das Mutações do Patrimônio Líquido;REAL;MIL;ÚLTIMO;2025-01-01;2025-12-31;Reservas de Lucro;5.04.10;Transações de capital - Outras;0.0000000000;N
PETR4;33.000.167/0001-01;2025-12-31;1;PETROLEO BRASILEIRO S.A. PETROBRAS;009512;DF Consolidado - Demonstração das Mutações do Patrimônio Líquido;REAL;MIL;PENÚLTIMO;2024-01-01;2024-12-31;Lucros ou Prejuízos Acumulados;5.04.10;Transações de capital - Outras;0.0000000000;N
PETR4;33.000.167/0001-01;2025-12-31;1;PETROLEO BRASILEIRO S.A. PETROBRAS;009512;DF Consolidado - Demonstração das Mutações do Patrimônio Líquido;REAL;MIL;ÚLTIMO;2025-01-01;2025-12-31;Lucros ou Prejuízos Acumulados;5.04.10;Transações de capital - Outras;0.0000000000;N
PETR4;33.000.167/0001-01;2025-12-31;1;PETROLEO BRASILEIRO S.A. PETROBRAS;009512;DF Consolidado - Demonstração das Mutações do Patrimônio Líquido;REAL;MIL;PENÚLTIMO;2024-01-01;2024-12-31;Outros Resultados Abrangentes;5.04.10;Transações de capital - Outras;0.0000000000;N
PETR4;33.000.167/0001-01;2025-12-31;1;PETROLEO BRASILEIRO S.A. PETROBRAS;009512;DF Consolidado - Demonstração das Mutações do Patrimônio Líquido;REAL;MIL;ÚLTIMO;2025-01-01;2025-12-31;Outros Resultados Abrangentes;5.04.10;Transações de capital - Outras;0.0000000000;N
PETR4;33.000.167/0001-01;2025-12-31;1;PETROLEO BRASILEIRO S.A. PETROBRAS;009512;DF Consolidado - Demonstração das Mutações do Patrimônio Líquido;REAL;MIL;PENÚLTIMO;2024-01-01;2024-12-31;Patrimônio Líquido;5.04.10;Transações de capital - Outras;0.0000000000;N
PETR4;33.000.167/0001-01;2025-12-31;1;PETROLEO BRASILEIRO S.A. PETROBRAS;009512;DF Consolidado - Demonstração das Mutações do Patrimônio Líquido;REAL;MIL;ÚLTIMO;2025-01-01;2025-12-31;Patrimônio Líquido;5.04.10;Transações de capital - Outras;0.0000000000;N
PETR4;33.000.167/0001-01;2025-12-31;1;PETROLEO BRASILEIRO S.A. PETROBRAS;009512;DF Consolidado - Demonstração das Mutações do Patrimônio Líquido;REAL;MIL;PENÚLTIMO;2024-01-01;2024-12-31;Participação dos Não Controladores;5.04.10;Transações de capital - Outras;0.0000000000;N
PETR4;33.000.167/0001-01;2025-12-31;1;PETROLEO BRASILEIRO S.A. PETROBRAS;009512;DF Consolidado - Demonstração das Mutações do Patrimônio Líquido;REAL;MIL;ÚLTIMO;2025-01-01;2025-12-31;Participação dos Não Controladores;5.04.10;Transações de capital - Outras;0.0000000000;N
PETR4;33.000.167/0001-01;2025-12-31;1;PETROLEO BRASILEIRO S.A. PETROBRAS;009512;DF Consolidado - Demonstração das Mutações do Patrimônio Líquido;REAL;MIL;PENÚLTIMO;2024-01-01;2024-12-31;Patrimônio Líquido Consolidado;5.04.10;Transações de capital - Outras;0.0000000000;N
PETR4;33.000.167/0001-01;2025-12-31;1;PETROLEO BRASILEIRO S.A. PETROBRAS;009512;DF Consolidado - Demonstração das Mutações do Patrimônio Líquido;REAL;MIL;ÚLTIMO;2025-01-01;2025-12-31;Patrimônio Líquido Consolidado;5.04.10;Transações de capital - Outras;0.0000000000;N
PETR4;33.000.167/0001-01;2025-12-31;1;PETROLEO BRASILEIRO S.A. PETROBRAS;009512;DF Consolidado - Demonstração das Mutações do Patrimônio Líquido;REAL;MIL;PENÚLTIMO;2024-01-01;2024-12-31;Capital Social Integralizado;5.04.11;Dividendos prescritos;0.0000000000;N
PETR4;33.000.167/0001-01;2025-12-31;1;PETROLEO BRASILEIRO S.A. PETROBRAS;009512;DF Consolidado - Demonstração das Mutações do Patrimônio Líquido;REAL;MIL;ÚLTIMO;2025-01-01;2025-12-31;Capital Social Integralizado;5.04.11;Dividendos prescritos;0.0000000000;N
PETR4;33.000.167/0001-01;2025-12-31;1;PETROLEO BRASILEIRO S.A. PETROBRAS;009512;DF Consolidado - Demonstração das Mutações do Patrimônio Líquido;REAL;MIL;PENÚLTIMO;2024-01-01;2024-12-31;Reservas de Capital, Opções Outorgadas e Ações em Tesouraria;5.04.11;Dividendos prescritos;0.0000000000;N
PETR4;33.000.167/0001-01;2025-12-31;1;PETROLEO BRASILEIRO S.A. PETROBRAS;009512;DF Consolidado - Demonstração das Mutações do Patrimônio Líquido;REAL;MIL;ÚLTIMO;2025-01-01;2025-12-31;Reservas de Capital, Opções Outorgadas e Ações em Tesouraria;5.04.11;Dividendos prescritos;0.0000000000;N
PETR4;33.000.167/0001-01;2025-12-31;1;PETROLEO BRASILEIRO S.A. PETROBRAS;009512;DF Consolidado - Demonstração das Mutações do Patrimônio Líquido;REAL;MIL;PENÚLTIMO;2024-01-01;2024-12-31;Reservas de Lucro;5.04.11;Dividendos prescritos;0.0000000000;N
PETR4;33.000.167/0001-01;2025-12-31;1;PETROLEO BRASILEIRO S.A. PETROBRAS;009512;DF Consolidado - Demonstração das Mutações do Patrimônio Líquido;REAL;MIL;ÚLTIMO;2025-01-01;2025-12-31;Reservas de Lucro;5.04.11;Dividendos prescritos;0.0000000000;N
PETR4;33.000.167/0001-01;2025-12-31;1;PETROLEO BRASILEIRO S.A. PETROBRAS;009512;DF Consolidado - Demonstração das Mutações do Patrimônio Líquido;REAL;MIL;PENÚLTIMO;2024-01-01;2024-12-31;Lucros ou Prejuízos Acumulados;5.04.11;Dividendos prescritos;316000.0000000000;N
PETR4;33.000.167/0001-01;2025-12-31;1;PETROLEO BRASILEIRO S.A. PETROBRAS;009512;DF Consolidado - Demonstração das Mutações do Patrimônio Líquido;REAL;MIL;ÚLTIMO;2025-01-01;2025-12-31;Lucros ou Prejuízos Acumulados;5.04.11;Dividendos prescritos;828000.0000000000;N
PETR4;33.000.167/0001-01;2025-12-31;1;PETROLEO BRASILEIRO S.A. PETROBRAS;009512;DF Consolidado - Demonstração das Mutações do Patrimônio Líquido;REAL;MIL;PENÚLTIMO;2024-01-01;2024-12-31;Outros Resultados Abrangentes;5.04.11;Dividendos prescritos;0.0000000000;N
PETR4;33.000.167/0001-01;2025-12-31;1;PETROLEO BRASILEIRO S.A. PETROBRAS;009512;DF Consolidado - Demonstração das Mutações do Patrimônio Líquido;REAL;MIL;ÚLTIMO;2025-01-01;2025-12-31;Outros Resultados Abrangentes;5.04.11;Dividendos prescritos;0.0000000000;N
PETR4;33.000.167/0001-01;2025-12-31;1;PETROLEO BRASILEIRO S.A. PETROBRAS;009512;DF Consolidado - Demonstração das Mutações do Patrimônio Líquido;REAL;MIL;PENÚLTIMO;2024-01-01;2024-12-31;Patrimônio Líquido;5.04.11;Dividendos prescritos;316000.0000000000;N
PETR4;33.000.167/0001-01;2025-12-31;1;PETROLEO BRASILEIRO S.A. PETROBRAS;009512;DF Consolidado - Demonstração das Mutações do Patrimônio Líquido;REAL;MIL;ÚLTIMO;2025-01-01;2025-12-31;Patrimônio Líquido;5.04.11;Dividendos prescritos;828000.0000000000;N
PETR4;33.000.167/0001-01;2025-12-31;1;PETROLEO BRASILEIRO S.A. PETROBRAS;009512;DF Consolidado - Demonstração das Mutações do Patrimônio Líquido;REAL;MIL;PENÚLTIMO;2024-01-01;2024-12-31;Participação dos Não Controladores;5.04.11;Dividendos prescritos;0.0000000000;N
PETR4;33.000.167/0001-01;2025-12-31;1;PETROLEO BRASILEIRO S.A. PETROBRAS;009512;DF Consolidado - Demonstração das Mutações do Patrimônio Líquido;REAL;MIL;ÚLTIMO;2025-01-01;2025-12-31;Participação dos Não Controladores;5.04.11;Dividendos prescritos;0.0000000000;N
PETR4;33.000.167/0001-01;2025-12-31;1;PETROLEO BRASILEIRO S.A. PETROBRAS;009512;DF Consolidado - Demonstração das Mutações do Patrimônio Líquido;REAL;MIL;PENÚLTIMO;2024-01-01;2024-12-31;Patrimônio Líquido Consolidado;5.04.11;Dividendos prescritos;316000.0000000000;N
PETR4;33.000.167/0001-01;2025-12-31;1;PETROLEO BRASILEIRO S.A. PETROBRAS;009512;DF Consolidado - Demonstração das Mutações do Patrimônio Líquido;REAL;MIL;ÚLTIMO;2025-01-01;2025-12-31;Patrimônio Líquido Consolidado;5.04.11;Dividendos prescritos;828000.0000000000;N
PETR4;33.000.167/0001-01;2025-12-31;1;PETROLEO BRASILEIRO S.A. PETROBRAS;009512;DF Consolidado - Demonstração das Mutações do Patrimônio Líquido;REAL;MIL;ÚLTIMO;2025-01-01;2025-12-31;Capital Social Integralizado;5.04.12;Cancelamento de ações;0.0000000000;N
PETR4;33.000.167/0001-01;2025-12-31;1;PETROLEO BRASILEIRO S.A. PETROBRAS;009512;DF Consolidado - Demonstração das Mutações do Patrimônio Líquido;REAL;MIL;ÚLTIMO;2025-01-01;2025-12-31;Reservas de Capital, Opções Outorgadas e Ações em Tesouraria;5.04.12;Cancelamento de ações;5563000.0000000000;N
PETR4;33.000.167/0001-01;2025-12-31;1;PETROLEO BRASILEIRO S.A. PETROBRAS;009512;DF Consolidado - Demonstração das Mutações do Patrimônio Líquido;REAL;MIL;ÚLTIMO;2025-01-01;2025-12-31;Reservas de Lucro;5.04.12;Cancelamento de ações;-5563000.0000000000;N
PETR4;33.000.167/0001-01;2025-12-31;1;PETROLEO BRASILEIRO S.A. PETROBRAS;009512;DF Consolidado - Demonstração das Mutações do Patrimônio Líquido;REAL;MIL;ÚLTIMO;2025-01-01;2025-12-31;Lucros ou Prejuízos Acumulados;5.04.12;Cancelamento de ações;0.0000000000;N
PETR4;33.000.167/0001-01;2025-12-31;1;PETROLEO BRASILEIRO S.A. PETROBRAS;009512;DF Consolidado - Demonstração das Mutações do Patrimônio Líquido;REAL;MIL;ÚLTIMO;2025-01-01;2025-12-31;Outros Resultados Abrangentes;5.04.12;Cancelamento de ações;0.0000000000;N
PETR4;33.000.167/0001-01;2025-12-31;1;PETROLEO BRASILEIRO S.A. PETROBRAS;009512;DF Consolidado - Demonstração das Mutações do Patrimônio Líquido;REAL;MIL;ÚLTIMO;2025-01-01;2025-12-31;Patrimônio Líquido;5.04.12;Cancelamento de ações;0.0000000000;N
PETR4;33.000.167/0001-01;2025-12-31;1;PETROLEO BRASILEIRO S.A. PETROBRAS;009512;DF Consolidado - Demonstração das Mutações do Patrimônio Líquido;REAL;MIL;ÚLTIMO;2025-01-01;2025-12-31;Participação dos Não Controladores;5.04.12;Cancelamento de ações;0.0000000000;N
PETR4;33.000.167/0001-01;2025-12-31;1;PETROLEO BRASILEIRO S.A. PETROBRAS;009512;DF Consolidado - Demonstração das Mutações do Patrimônio Líquido;REAL;MIL;ÚLTIMO;2025-01-01;2025-12-31;Patrimônio Líquido Consolidado;5.04.12;Cancelamento de ações;0.0000000000;N
PETR4;33.000.167/0001-01;2025-12-31;1;PETROLEO BRASILEIRO S.A. PETROBRAS;009512;DF Consolidado - Demonstração das Mutações do Patrimônio Líquido;REAL;MIL;PENÚLTIMO;2024-01-01;2024-12-31;Capital Social Integralizado;5.05;Resultado Abrangente Total;0.0000000000;S
PETR4;33.000.167/0001-01;2025-12-31;1;PETROLEO BRASILEIRO S.A. PETROBRAS;009512;DF Consolidado - Demonstração das Mutações do Patrimônio Líquido;REAL;MIL;ÚLTIMO;2025-01-01;2025-12-31;Capital Social Integralizado;5.05;Resultado Abrangente Total;0.0000000000;S
PETR4;33.000.167/0001-01;2025-12-31;1;PETROLEO BRASILEIRO S.A. PETROBRAS;009512;DF Consolidado - Demonstração das Mutações do Patrimônio Líquido;REAL;MIL;PENÚLTIMO;2024-01-01;2024-12-31;Reservas de Capital, Opções Outorgadas e Ações em Tesouraria;5.05;Resultado Abrangente Total;0.0000000000;S
PETR4;33.000.167/0001-01;2025-12-31;1;PETROLEO BRASILEIRO S.A. PETROBRAS;009512;DF Consolidado - Demonstração das Mutações do Patrimônio Líquido;REAL;MIL;ÚLTIMO;2025-01-01;2025-12-31;Reservas de Capital, Opções Outorgadas e Ações em Tesouraria;5.05;Resultado Abrangente Total;0.0000000000;S
PETR4;33.000.167/0001-01;2025-12-31;1;PETROLEO BRASILEIRO S.A. PETROBRAS;009512;DF Consolidado - Demonstração das Mutações do Patrimônio Líquido;REAL;MIL;PENÚLTIMO;2024-01-01;2024-12-31;Reservas de Lucro;5.05;Resultado Abrangente Total;0.0000000000;S
PETR4;33.000.167/0001-01;2025-12-31;1;PETROLEO BRASILEIRO S.A. PETROBRAS;009512;DF Consolidado - Demonstração das Mutações do Patrimônio Líquido;REAL;MIL;ÚLTIMO;2025-01-01;2025-12-31;Reservas de Lucro;5.05;Resultado Abrangente Total;0.0000000000;S
PETR4;33.000.167/0001-01;2025-12-31;1;PETROLEO BRASILEIRO S.A. PETROBRAS;009512;DF Consolidado - Demonstração das Mutações do Patrimônio Líquido;REAL;MIL;PENÚLTIMO;2024-01-01;2024-12-31;Lucros ou Prejuízos Acumulados;5.05;Resultado Abrangente Total;36606000.0000000000;S
PETR4;33.000.167/0001-01;2025-12-31;1;PETROLEO BRASILEIRO S.A. PETROBRAS;009512;DF Consolidado - Demonstração das Mutações do Patrimônio Líquido;REAL;MIL;ÚLTIMO;2025-01-01;2025-12-31;Lucros ou Prejuízos Acumulados;5.05;Resultado Abrangente Total;110129000.0000000000;S
PETR4;33.000.167/0001-01;2025-12-31;1;PETROLEO BRASILEIRO S.A. PETROBRAS;009512;DF Consolidado - Demonstração das Mutações do Patrimônio Líquido;REAL;MIL;PENÚLTIMO;2024-01-01;2024-12-31;Outros Resultados Abrangentes;5.05;Resultado Abrangente Total;51462000.0000000000;S
PETR4;33.000.167/0001-01;2025-12-31;1;PETROLEO BRASILEIRO S.A. PETROBRAS;009512;DF Consolidado - Demonstração das Mutações do Patrimônio Líquido;REAL;MIL;ÚLTIMO;2025-01-01;2025-12-31;Outros Resultados Abrangentes;5.05;Resultado Abrangente Total;-18868000.0000000000;S
PETR4;33.000.167/0001-01;2025-12-31;1;PETROLEO BRASILEIRO S.A. PETROBRAS;009512;DF Consolidado - Demonstração das Mutações do Patrimônio Líquido;REAL;MIL;PENÚLTIMO;2024-01-01;2024-12-31;Patrimônio Líquido;5.05;Resultado Abrangente Total;88068000.0000000000;S
PETR4;33.000.167/0001-01;2025-12-31;1;PETROLEO BRASILEIRO S.A. PETROBRAS;009512;DF Consolidado - Demonstração das Mutações do Patrimônio Líquido;REAL;MIL;ÚLTIMO;2025-01-01;2025-12-31;Patrimônio Líquido;5.05;Resultado Abrangente Total;91261000.0000000000;S
PETR4;33.000.167/0001-01;2025-12-31;1;PETROLEO BRASILEIRO S.A. PETROBRAS;009512;DF Consolidado - Demonstração das Mutações do Patrimônio Líquido;REAL;MIL;PENÚLTIMO;2024-01-01;2024-12-31;Participação dos Não Controladores;5.05;Resultado Abrangente Total;422000.0000000000;S
PETR4;33.000.167/0001-01;2025-12-31;1;PETROLEO BRASILEIRO S.A. PETROBRAS;009512;DF Consolidado - Demonstração das Mutações do Patrimônio Líquido;REAL;MIL;ÚLTIMO;2025-01-01;2025-12-31;Participação dos Não Controladores;5.05;Resultado Abrangente Total;459000.0000000000;S
PETR4;33.000.167/0001-01;2025-12-31;1;PETROLEO BRASILEIRO S.A. PETROBRAS;009512;DF Consolidado - Demonstração das Mutações do Patrimônio Líquido;REAL;MIL;PENÚLTIMO;2024-01-01;2024-12-31;Patrimônio Líquido Consolidado;5.05;Resultado Abrangente Total;88490000.0000000000;S
PETR4;33.000.167/0001-01;2025-12-31;1;PETROLEO BRASILEIRO S.A. PETROBRAS;009512;DF Consolidado - Demonstração das Mutações do Patrimônio Líquido;REAL;MIL;ÚLTIMO;2025-01-01;2025-12-31;Patrimônio Líquido Consolidado;5.05;Resultado Abrangente Total;91720000.0000000000;S
PETR4;33.000.167/0001-01;2025-12-31;1;PETROLEO BRASILEIRO S.A. PETROBRAS;009512;DF Consolidado - Demonstração das Mutações do Patrimônio Líquido;REAL;MIL;PENÚLTIMO;2024-01-01;2024-12-31;Capital Social Integralizado;5.05.01;Lucro Líquido do Período;0.0000000000;S
PETR4;33.000.167/0001-01;2025-12-31;1;PETROLEO BRASILEIRO S.A. PETROBRAS;009512;DF Consolidado - Demonstração das Mutações do Patrimônio Líquido;REAL;MIL;ÚLTIMO;2025-01-01;2025-12-31;Capital Social Integralizado;5.05.01;Lucro Líquido do Período;0.0000000000;S
PETR4;33.000.167/0001-01;2025-12-31;1;PETROLEO BRASILEIRO S.A. PETROBRAS;009512;DF Consolidado - Demonstração das Mutações do Patrimônio Líquido;REAL;MIL;PENÚLTIMO;2024-01-01;2024-12-31;Reservas de Capital, Opções Outorgadas e Ações em Tesouraria;5.05.01;Lucro Líquido do Período;0.0000000000;S
PETR4;33.000.167/0001-01;2025-12-31;1;PETROLEO BRASILEIRO S.A. PETROBRAS;009512;DF Consolidado - Demonstração das Mutações do Patrimônio Líquido;REAL;MIL;ÚLTIMO;2025-01-01;2025-12-31;Reservas de Capital, Opções Outorgadas e Ações em Tesouraria;5.05.01;Lucro Líquido do Período;0.0000000000;S
PETR4;33.000.167/0001-01;2025-12-31;1;PETROLEO BRASILEIRO S.A. PETROBRAS;009512;DF Consolidado - Demonstração das Mutações do Patrimônio Líquido;REAL;MIL;PENÚLTIMO;2024-01-01;2024-12-31;Reservas de Lucro;5.05.01;Lucro Líquido do Período;0.0000000000;S
PETR4;33.000.167/0001-01;2025-12-31;1;PETROLEO BRASILEIRO S.A. PETROBRAS;009512;DF Consolidado - Demonstração das Mutações do Patrimônio Líquido;REAL;MIL;ÚLTIMO;2025-01-01;2025-12-31;Reservas de Lucro;5.05.01;Lucro Líquido do Período;0.0000000000;S
PETR4;33.000.167/0001-01;2025-12-31;1;PETROLEO BRASILEIRO S.A. PETROBRAS;009512;DF Consolidado - Demonstração das Mutações do Patrimônio Líquido;REAL;MIL;PENÚLTIMO;2024-01-01;2024-12-31;Lucros ou Prejuízos Acumulados;5.05.01;Lucro Líquido do Período;36606000.0000000000;S
PETR4;33.000.167/0001-01;2025-12-31;1;PETROLEO BRASILEIRO S.A. PETROBRAS;009512;DF Consolidado - Demonstração das Mutações do Patrimônio Líquido;REAL;MIL;ÚLTIMO;2025-01-01;2025-12-31;Lucros ou Prejuízos Acumulados;5.05.01;Lucro Líquido do Período;110129000.0000000000;S
PETR4;33.000.167/0001-01;2025-12-31;1;PETROLEO BRASILEIRO S.A. PETROBRAS;009512;DF Consolidado - Demonstração das Mutações do Patrimônio Líquido;REAL;MIL;PENÚLTIMO;2024-01-01;2024-12-31;Outros Resultados Abrangentes;5.05.01;Lucro Líquido do Período;0.0000000000;S
PETR4;33.000.167/0001-01;2025-12-31;1;PETROLEO BRASILEIRO S.A. PETROBRAS;009512;DF Consolidado - Demonstração das Mutações do Patrimônio Líquido;REAL;MIL;ÚLTIMO;2025-01-01;2025-12-31;Outros Resultados Abrangentes;5.05.01;Lucro Líquido do Período;0.0000000000;S
PETR4;33.000.167/0001-01;2025-12-31;1;PETROLEO BRASILEIRO S.A. PETROBRAS;009512;DF Consolidado - Demonstração das Mutações do Patrimônio Líquido;REAL;MIL;PENÚLTIMO;2024-01-01;2024-12-31;Patrimônio Líquido;5.05.01;Lucro Líquido do Período;36606000.0000000000;S
PETR4;33.000.167/0001-01;2025-12-31;1;PETROLEO BRASILEIRO S.A. PETROBRAS;009512;DF Consolidado - Demonstração das Mutações do Patrimônio Líquido;REAL;MIL;ÚLTIMO;2025-01-01;2025-12-31;Patrimônio Líquido;5.05.01;Lucro Líquido do Período;110129000.0000000000;S
PETR4;33.000.167/0001-01;2025-12-31;1;PETROLEO BRASILEIRO S.A. PETROBRAS;009512;DF Consolidado - Demonstração das Mutações do Patrimônio Líquido;REAL;MIL;PENÚLTIMO;2024-01-01;2024-12-31;Participação dos Não Controladores;5.05.01;Lucro Líquido do Período;403000.0000000000;S
PETR4;33.000.167/0001-01;2025-12-31;1;PETROLEO BRASILEIRO S.A. PETROBRAS;009512;DF Consolidado - Demonstração das Mutações do Patrimônio Líquido;REAL;MIL;ÚLTIMO;2025-01-01;2025-12-31;Participação dos Não Controladores;5.05.01;Lucro Líquido do Período;476000.0000000000;S
PETR4;33.000.167/0001-01;2025-12-31;1;PETROLEO BRASILEIRO S.A. PETROBRAS;009512;DF Consolidado - Demonstração das Mutações do Patrimônio Líquido;REAL;MIL;PENÚLTIMO;2024-01-01;2024-12-31;Patrimônio Líquido Consolidado;5.05.01;Lucro Líquido do Período;37009000.0000000000;S
PETR4;33.000.167/0001-01;2025-12-31;1;PETROLEO BRASILEIRO S.A. PETROBRAS;009512;DF Consolidado - Demonstração das Mutações do Patrimônio Líquido;REAL;MIL;ÚLTIMO;2025-01-01;2025-12-31;Patrimônio Líquido Consolidado;5.05.01;Lucro Líquido do Período;110605000.0000000000;S
PETR4;33.000.167/0001-01;2025-12-31;1;PETROLEO BRASILEIRO S.A. PETROBRAS;009512;DF Consolidado - Demonstração das Mutações do Patrimônio Líquido;REAL;MIL;PENÚLTIMO;2024-01-01;2024-12-31;Capital Social Integralizado;5.05.02;Outros Resultados Abrangentes;0.0000000000;S
PETR4;33.000.167/0001-01;2025-12-31;1;PETROLEO BRASILEIRO S.A. PETROBRAS;009512;DF Consolidado - Demonstração das Mutações do Patrimônio Líquido;REAL;MIL;ÚLTIMO;2025-01-01;2025-12-31;Capital Social Integralizado;5.05.02;Outros Resultados Abrangentes;0.0000000000;S
PETR4;33.000.167/0001-01;2025-12-31;1;PETROLEO BRASILEIRO S.A. PETROBRAS;009512;DF Consolidado - Demonstração das Mutações do Patrimônio Líquido;REAL;MIL;PENÚLTIMO;2024-01-01;2024-12-31;Reservas de Capital, Opções Outorgadas e Ações em Tesouraria;5.05.02;Outros Resultados Abrangentes;0.0000000000;S
PETR4;33.000.167/0001-01;2025-12-31;1;PETROLEO BRASILEIRO S.A. PETROBRAS;009512;DF Consolidado - Demonstração das Mutações do Patrimônio Líquido;REAL;MIL;ÚLTIMO;2025-01-01;2025-12-31;Reservas de Capital, Opções Outorgadas e Ações em Tesouraria;5.05.02;Outros Resultados Abrangentes;0.0000000000;S
PETR4;33.000.167/0001-01;2025-12-31;1;PETROLEO BRASILEIRO S.A. PETROBRAS;009512;DF Consolidado - Demonstração das Mutações do Patrimônio Líquido;REAL;MIL;PENÚLTIMO;2024-01-01;2024-12-31;Reservas de Lucro;5.05.02;Outros Resultados Abrangentes;0.0000000000;S
PETR4;33.000.167/0001-01;2025-12-31;1;PETROLEO BRASILEIRO S.A. PETROBRAS;009512;DF Consolidado - Demonstração das Mutações do Patrimônio Líquido;REAL;MIL;ÚLTIMO;2025-01-01;2025-12-31;Reservas de Lucro;5.05.02;Outros Resultados Abrangentes;0.0000000000;S
PETR4;33.000.167/0001-01;2025-12-31;1;PETROLEO BRASILEIRO S.A. PETROBRAS;009512;DF Consolidado - Demonstração das Mutações do Patrimônio Líquido;REAL;MIL;PENÚLTIMO;2024-01-01;2024-12-31;Lucros ou Prejuízos Acumulados;5.05.02;Outros Resultados Abrangentes;0.0000000000;S
PETR4;33.000.167/0001-01;2025-12-31;1;PETROLEO BRASILEIRO S.A. PETROBRAS;009512;DF Consolidado - Demonstração das Mutações do Patrimônio Líquido;REAL;MIL;ÚLTIMO;2025-01-01;2025-12-31;Lucros ou Prejuízos Acumulados;5.05.02;Outros Resultados Abrangentes;0.0000000000;S
PETR4;33.000.167/0001-01;2025-12-31;1;PETROLEO BRASILEIRO S.A. PETROBRAS;009512;DF Consolidado - Demonstração das Mutações do Patrimônio Líquido;REAL;MIL;PENÚLTIMO;2024-01-01;2024-12-31;Outros Resultados Abrangentes;5.05.02;Outros Resultados Abrangentes;51462000.0000000000;S
PETR4;33.000.167/0001-01;2025-12-31;1;PETROLEO BRASILEIRO S.A. PETROBRAS;009512;DF Consolidado - Demonstração das Mutações do Patrimônio Líquido;REAL;MIL;ÚLTIMO;2025-01-01;2025-12-31;Outros Resultados Abrangentes;5.05.02;Outros Resultados Abrangentes;-18868000.0000000000;S
PETR4;33.000.167/0001-01;2025-12-31;1;PETROLEO BRASILEIRO S.A. PETROBRAS;009512;DF Consolidado - Demonstração das Mutações do Patrimônio Líquido;REAL;MIL;PENÚLTIMO;2024-01-01;2024-12-31;Patrimônio Líquido;5.05.02;Outros Resultados Abrangentes;51462000.0000000000;S
PETR4;33.000.167/0001-01;2025-12-31;1;PETROLEO BRASILEIRO S.A. PETROBRAS;009512;DF Consolidado - Demonstração das Mutações do Patrimônio Líquido;REAL;MIL;ÚLTIMO;2025-01-01;2025-12-31;Patrimônio Líquido;5.05.02;Outros Resultados Abrangentes;-18868000.0000000000;S
PETR4;33.000.167/0001-01;2025-12-31;1;PETROLEO BRASILEIRO S.A. PETROBRAS;009512;DF Consolidado - Demonstração das Mutações do Patrimônio Líquido;REAL;MIL;PENÚLTIMO;2024-01-01;2024-12-31;Participação dos Não Controladores;5.05.02;Outros Resultados Abrangentes;19000.0000000000;S
PETR4;33.000.167/0001-01;2025-12-31;1;PETROLEO BRASILEIRO S.A. PETROBRAS;009512;DF Consolidado - Demonstração das Mutações do Patrimônio Líquido;REAL;MIL;ÚLTIMO;2025-01-01;2025-12-31;Participação dos Não Controladores;5.05.02;Outros Resultados Abrangentes;-17000.0000000000;S
PETR4;33.000.167/0001-01;2025-12-31;1;PETROLEO BRASILEIRO S.A. PETROBRAS;009512;DF Consolidado - Demonstração das Mutações do Patrimônio Líquido;REAL;MIL;PENÚLTIMO;2024-01-01;2024-12-31;Patrimônio Líquido Consolidado;5.05.02;Outros Resultados Abrangentes;51481000.0000000000;S
PETR4;33.000.167/0001-01;2025-12-31;1;PETROLEO BRASILEIRO S.A. PETROBRAS;009512;DF Consolidado - Demonstração das Mutações do Patrimônio Líquido;REAL;MIL;ÚLTIMO;2025-01-01;2025-12-31;Patrimônio Líquido Consolidado;5.05.02;Outros Resultados Abrangentes;-18885000.0000000000;S
PETR4;33.000.167/0001-01;2025-12-31;1;PETROLEO BRASILEIRO S.A. PETROBRAS;009512;DF Consolidado - Demonstração das Mutações do Patrimônio Líquido;REAL;MIL;PENÚLTIMO;2024-01-01;2024-12-31;Capital Social Integralizado;5.05.02.01;Ajustes de Instrumentos Financeiros;0.0000000000;S
PETR4;33.000.167/0001-01;2025-12-31;1;PETROLEO BRASILEIRO S.A. PETROBRAS;009512;DF Consolidado - Demonstração das Mutações do Patrimônio Líquido;REAL;MIL;ÚLTIMO;2025-01-01;2025-12-31;Capital Social Integralizado;5.05.02.01;Ajustes de Instrumentos Financeiros;0.0000000000;S
PETR4;33.000.167/0001-01;2025-12-31;1;PETROLEO BRASILEIRO S.A. PETROBRAS;009512;DF Consolidado - Demonstração das Mutações do Patrimônio Líquido;REAL;MIL;PENÚLTIMO;2024-01-01;2024-12-31;Reservas de Capital, Opções Outorgadas e Ações em Tesouraria;5.05.02.01;Ajustes de Instrumentos Financeiros;0.0000000000;S
PETR4;33.000.167/0001-01;2025-12-31;1;PETROLEO BRASILEIRO S.A. PETROBRAS;009512;DF Consolidado - Demonstração das Mutações do Patrimônio Líquido;REAL;MIL;ÚLTIMO;2025-01-01;2025-12-31;Reservas de Capital, Opções Outorgadas e Ações em Tesouraria;5.05.02.01;Ajustes de Instrumentos Financeiros;0.0000000000;S
PETR4;33.000.167/0001-01;2025-12-31;1;PETROLEO BRASILEIRO S.A. PETROBRAS;009512;DF Consolidado - Demonstração das Mutações do Patrimônio Líquido;REAL;MIL;PENÚLTIMO;2024-01-01;2024-12-31;Reservas de Lucro;5.05.02.01;Ajustes de Instrumentos Financeiros;0.0000000000;S
PETR4;33.000.167/0001-01;2025-12-31;1;PETROLEO BRASILEIRO S.A. PETROBRAS;009512;DF Consolidado - Demonstração das Mutações do Patrimônio Líquido;REAL;MIL;ÚLTIMO;2025-01-01;2025-12-31;Reservas de Lucro;5.05.02.01;Ajustes de Instrumentos Financeiros;0.0000000000;S
PETR4;33.000.167/0001-01;2025-12-31;1;PETROLEO BRASILEIRO S.A. PETROBRAS;009512;DF Consolidado - Demonstração das Mutações do Patrimônio Líquido;REAL;MIL;PENÚLTIMO;2024-01-01;2024-12-31;Lucros ou Prejuízos Acumulados;5.05.02.01;Ajustes de Instrumentos Financeiros;0.0000000000;S
PETR4;33.000.167/0001-01;2025-12-31;1;PETROLEO BRASILEIRO S.A. PETROBRAS;009512;DF Consolidado - Demonstração das Mutações do Patrimônio Líquido;REAL;MIL;ÚLTIMO;2025-01-01;2025-12-31;Lucros ou Prejuízos Acumulados;5.05.02.01;Ajustes de Instrumentos Financeiros;0.0000000000;S
PETR4;33.000.167/0001-01;2025-12-31;1;PETROLEO BRASILEIRO S.A. PETROBRAS;009512;DF Consolidado - Demonstração das Mutações do Patrimônio Líquido;REAL;MIL;PENÚLTIMO;2024-01-01;2024-12-31;Outros Resultados Abrangentes;5.05.02.01;Ajustes de Instrumentos Financeiros;0.0000000000;S
PETR4;33.000.167/0001-01;2025-12-31;1;PETROLEO BRASILEIRO S.A. PETROBRAS;009512;DF Consolidado - Demonstração das Mutações do Patrimônio Líquido;REAL;MIL;ÚLTIMO;2025-01-01;2025-12-31;Outros Resultados Abrangentes;5.05.02.01;Ajustes de Instrumentos Financeiros;0.0000000000;S
PETR4;33.000.167/0001-01;2025-12-31;1;PETROLEO BRASILEIRO S.A. PETROBRAS;009512;DF Consolidado - Demonstração das Mutações do Patrimônio Líquido;REAL;MIL;PENÚLTIMO;2024-01-01;2024-12-31;Patrimônio Líquido;5.05.02.01;Ajustes de Instrumentos Financeiros;0.0000000000;S
PETR4;33.000.167/0001-01;2025-12-31;1;PETROLEO BRASILEIRO S.A. PETROBRAS;009512;DF Consolidado - Demonstração das Mutações do Patrimônio Líquido;REAL;MIL;ÚLTIMO;2025-01-01;2025-12-31;Patrimônio Líquido;5.05.02.01;Ajustes de Instrumentos Financeiros;0.0000000000;S
PETR4;33.000.167/0001-01;2025-12-31;1;PETROLEO BRASILEIRO S.A. PETROBRAS;009512;DF Consolidado - Demonstração das Mutações do Patrimônio Líquido;REAL;MIL;PENÚLTIMO;2024-01-01;2024-12-31;Participação dos Não Controladores;5.05.02.01;Ajustes de Instrumentos Financeiros;0.0000000000;S
PETR4;33.000.167/0001-01;2025-12-31;1;PETROLEO BRASILEIRO S.A. PETROBRAS;009512;DF Consolidado - Demonstração das Mutações do Patrimônio Líquido;REAL;MIL;ÚLTIMO;2025-01-01;2025-12-31;Participação dos Não Controladores;5.05.02.01;Ajustes de Instrumentos Financeiros;0.0000000000;S
PETR4;33.000.167/0001-01;2025-12-31;1;PETROLEO BRASILEIRO S.A. PETROBRAS;009512;DF Consolidado - Demonstração das Mutações do Patrimônio Líquido;REAL;MIL;PENÚLTIMO;2024-01-01;2024-12-31;Patrimônio Líquido Consolidado;5.05.02.01;Ajustes de Instrumentos Financeiros;0.0000000000;S
PETR4;33.000.167/0001-01;2025-12-31;1;PETROLEO BRASILEIRO S.A. PETROBRAS;009512;DF Consolidado - Demonstração das Mutações do Patrimônio Líquido;REAL;MIL;ÚLTIMO;2025-01-01;2025-12-31;Patrimônio Líquido Consolidado;5.05.02.01;Ajustes de Instrumentos Financeiros;0.0000000000;S
PETR4;33.000.167/0001-01;2025-12-31;1;PETROLEO BRASILEIRO S.A. PETROBRAS;009512;DF Consolidado - Demonstração das Mutações do Patrimônio Líquido;REAL;MIL;PENÚLTIMO;2024-01-01;2024-12-31;Capital Social Integralizado;5.05.02.02;Tributos s/ Ajustes Instrumentos Financeiros;0.0000000000;S
PETR4;33.000.167/0001-01;2025-12-31;1;PETROLEO BRASILEIRO S.A. PETROBRAS;009512;DF Consolidado - Demonstração das Mutações do Patrimônio Líquido;REAL;MIL;ÚLTIMO;2025-01-01;2025-12-31;Capital Social Integralizado;5.05.02.02;Tributos s/ Ajustes Instrumentos Financeiros;0.0000000000;S
PETR4;33.000.167/0001-01;2025-12-31;1;PETROLEO BRASILEIRO S.A. PETROBRAS;009512;DF Consolidado - Demonstração das Mutações do Patrimônio Líquido;REAL;MIL;PENÚLTIMO;2024-01-01;2024-12-31;Reservas de Capital, Opções Outorgadas e Ações em Tesouraria;5.05.02.02;Tributos s/ Ajustes Instrumentos Financeiros;0.0000000000;S
PETR4;33.000.167/0001-01;2025-12-31;1;PETROLEO BRASILEIRO S.A. PETROBRAS;009512;DF Consolidado - Demonstração das Mutações do Patrimônio Líquido;REAL;MIL;ÚLTIMO;2025-01-01;2025-12-31;Reservas de Capital, Opções Outorgadas e Ações em Tesouraria;5.05.02.02;Tributos s/ Ajustes Instrumentos Financeiros;0.0000000000;S
PETR4;33.000.167/0001-01;2025-12-31;1;PETROLEO BRASILEIRO S.A. PETROBRAS;009512;DF Consolidado - Demonstração das Mutações do Patrimônio Líquido;REAL;MIL;PENÚLTIMO;2024-01-01;2024-12-31;Reservas de Lucro;5.05.02.02;Tributos s/ Ajustes Instrumentos Financeiros;0.0000000000;S
PETR4;33.000.167/0001-01;2025-12-31;1;PETROLEO BRASILEIRO S.A. PETROBRAS;009512;DF Consolidado - Demonstração das Mutações do Patrimônio Líquido;REAL;MIL;ÚLTIMO;2025-01-01;2025-12-31;Reservas de Lucro;5.05.02.02;Tributos s/ Ajustes Instrumentos Financeiros;0.0000000000;S
PETR4;33.000.167/0001-01;2025-12-31;1;PETROLEO BRASILEIRO S.A. PETROBRAS;009512;DF Consolidado - Demonstração das Mutações do Patrimônio Líquido;REAL;MIL;PENÚLTIMO;2024-01-01;2024-12-31;Lucros ou Prejuízos Acumulados;5.05.02.02;Tributos s/ Ajustes Instrumentos Financeiros;0.0000000000;S
PETR4;33.000.167/0001-01;2025-12-31;1;PETROLEO BRASILEIRO S.A. PETROBRAS;009512;DF Consolidado - Demonstração das Mutações do Patrimônio Líquido;REAL;MIL;ÚLTIMO;2025-01-01;2025-12-31;Lucros ou Prejuízos Acumulados;5.05.02.02;Tributos s/ Ajustes Instrumentos Financeiros;0.0000000000;S
PETR4;33.000.167/0001-01;2025-12-31;1;PETROLEO BRASILEIRO S.A. PETROBRAS;009512;DF Consolidado - Demonstração das Mutações do Patrimônio Líquido;REAL;MIL;PENÚLTIMO;2024-01-01;2024-12-31;Outros Resultados Abrangentes;5.05.02.02;Tributos s/ Ajustes Instrumentos Financeiros;0.0000000000;S
PETR4;33.000.167/0001-01;2025-12-31;1;PETROLEO BRASILEIRO S.A. PETROBRAS;009512;DF Consolidado - Demonstração das Mutações do Patrimônio Líquido;REAL;MIL;ÚLTIMO;2025-01-01;2025-12-31;Outros Resultados Abrangentes;5.05.02.02;Tributos s/ Ajustes Instrumentos Financeiros;0.0000000000;S
PETR4;33.000.167/0001-01;2025-12-31;1;PETROLEO BRASILEIRO S.A. PETROBRAS;009512;DF Consolidado - Demonstração das Mutações do Patrimônio Líquido;REAL;MIL;PENÚLTIMO;2024-01-01;2024-12-31;Patrimônio Líquido;5.05.02.02;Tributos s/ Ajustes Instrumentos Financeiros;0.0000000000;S
PETR4;33.000.167/0001-01;2025-12-31;1;PETROLEO BRASILEIRO S.A. PETROBRAS;009512;DF Consolidado - Demonstração das Mutações do Patrimônio Líquido;REAL;MIL;ÚLTIMO;2025-01-01;2025-12-31;Patrimônio Líquido;5.05.02.02;Tributos s/ Ajustes Instrumentos Financeiros;0.0000000000;S
PETR4;33.000.167/0001-01;2025-12-31;1;PETROLEO BRASILEIRO S.A. PETROBRAS;009512;DF Consolidado - Demonstração das Mutações do Patrimônio Líquido;REAL;MIL;PENÚLTIMO;2024-01-01;2024-12-31;Participação dos Não Controladores;5.05.02.02;Tributos s/ Ajustes Instrumentos Financeiros;0.0000000000;S
PETR4;33.000.167/0001-01;2025-12-31;1;PETROLEO BRASILEIRO S.A. PETROBRAS;009512;DF Consolidado - Demonstração das Mutações do Patrimônio Líquido;REAL;MIL;ÚLTIMO;2025-01-01;2025-12-31;Participação dos Não Controladores;5.05.02.02;Tributos s/ Ajustes Instrumentos Financeiros;0.0000000000;S
PETR4;33.000.167/0001-01;2025-12-31;1;PETROLEO BRASILEIRO S.A. PETROBRAS;009512;DF Consolidado - Demonstração das Mutações do Patrimônio Líquido;REAL;MIL;PENÚLTIMO;2024-01-01;2024-12-31;Patrimônio Líquido Consolidado;5.05.02.02;Tributos s/ Ajustes Instrumentos Financeiros;0.0000000000;S
PETR4;33.000.167/0001-01;2025-12-31;1;PETROLEO BRASILEIRO S.A. PETROBRAS;009512;DF Consolidado - Demonstração das Mutações do Patrimônio Líquido;REAL;MIL;ÚLTIMO;2025-01-01;2025-12-31;Patrimônio Líquido Consolidado;5.05.02.02;Tributos s/ Ajustes Instrumentos Financeiros;0.0000000000;S
PETR4;33.000.167/0001-01;2025-12-31;1;PETROLEO BRASILEIRO S.A. PETROBRAS;009512;DF Consolidado - Demonstração das Mutações do Patrimônio Líquido;REAL;MIL;PENÚLTIMO;2024-01-01;2024-12-31;Capital Social Integralizado;5.05.02.03;Equiv. Patrim. s/Result. Abrang. Coligadas;0.0000000000;S
PETR4;33.000.167/0001-01;2025-12-31;1;PETROLEO BRASILEIRO S.A. PETROBRAS;009512;DF Consolidado - Demonstração das Mutações do Patrimônio Líquido;REAL;MIL;ÚLTIMO;2025-01-01;2025-12-31;Capital Social Integralizado;5.05.02.03;Equiv. Patrim. s/Result. Abrang. Coligadas;0.0000000000;S
PETR4;33.000.167/0001-01;2025-12-31;1;PETROLEO BRASILEIRO S.A. PETROBRAS;009512;DF Consolidado - Demonstração das Mutações do Patrimônio Líquido;REAL;MIL;PENÚLTIMO;2024-01-01;2024-12-31;Reservas de Capital, Opções Outorgadas e Ações em Tesouraria;5.05.02.03;Equiv. Patrim. s/Result. Abrang. Coligadas;0.0000000000;S
PETR4;33.000.167/0001-01;2025-12-31;1;PETROLEO BRASILEIRO S.A. PETROBRAS;009512;DF Consolidado - Demonstração das Mutações do Patrimônio Líquido;REAL;MIL;ÚLTIMO;2025-01-01;2025-12-31;Reservas de Capital, Opções Outorgadas e Ações em Tesouraria;5.05.02.03;Equiv. Patrim. s/Result. Abrang. Coligadas;0.0000000000;S
PETR4;33.000.167/0001-01;2025-12-31;1;PETROLEO BRASILEIRO S.A. PETROBRAS;009512;DF Consolidado - Demonstração das Mutações do Patrimônio Líquido;REAL;MIL;PENÚLTIMO;2024-01-01;2024-12-31;Reservas de Lucro;5.05.02.03;Equiv. Patrim. s/Result. Abrang. Coligadas;0.0000000000;S
PETR4;33.000.167/0001-01;2025-12-31;1;PETROLEO BRASILEIRO S.A. PETROBRAS;009512;DF Consolidado - Demonstração das Mutações do Patrimônio Líquido;REAL;MIL;ÚLTIMO;2025-01-01;2025-12-31;Reservas de Lucro;5.05.02.03;Equiv. Patrim. s/Result. Abrang. Coligadas;0.0000000000;S
PETR4;33.000.167/0001-01;2025-12-31;1;PETROLEO BRASILEIRO S.A. PETROBRAS;009512;DF Consolidado - Demonstração das Mutações do Patrimônio Líquido;REAL;MIL;PENÚLTIMO;2024-01-01;2024-12-31;Lucros ou Prejuízos Acumulados;5.05.02.03;Equiv. Patrim. s/Result. Abrang. Coligadas;0.0000000000;S
PETR4;33.000.167/0001-01;2025-12-31;1;PETROLEO BRASILEIRO S.A. PETROBRAS;009512;DF Consolidado - Demonstração das Mutações do Patrimônio Líquido;REAL;MIL;ÚLTIMO;2025-01-01;2025-12-31;Lucros ou Prejuízos Acumulados;5.05.02.03;Equiv. Patrim. s/Result. Abrang. Coligadas;0.0000000000;S
PETR4;33.000.167/0001-01;2025-12-31;1;PETROLEO BRASILEIRO S.A. PETROBRAS;009512;DF Consolidado - Demonstração das Mutações do Patrimônio Líquido;REAL;MIL;PENÚLTIMO;2024-01-01;2024-12-31;Outros Resultados Abrangentes;5.05.02.03;Equiv. Patrim. s/Result. Abrang. Coligadas;0.0000000000;S
PETR4;33.000.167/0001-01;2025-12-31;1;PETROLEO BRASILEIRO S.A. PETROBRAS;009512;DF Consolidado - Demonstração das Mutações do Patrimônio Líquido;REAL;MIL;ÚLTIMO;2025-01-01;2025-12-31;Outros Resultados Abrangentes;5.05.02.03;Equiv. Patrim. s/Result. Abrang. Coligadas;0.0000000000;S
PETR4;33.000.167/0001-01;2025-12-31;1;PETROLEO BRASILEIRO S.A. PETROBRAS;009512;DF Consolidado - Demonstração das Mutações do Patrimônio Líquido;REAL;MIL;PENÚLTIMO;2024-01-01;2024-12-31;Patrimônio Líquido;5.05.02.03;Equiv. Patrim. s/Result. Abrang. Coligadas;0.0000000000;S
PETR4;33.000.167/0001-01;2025-12-31;1;PETROLEO BRASILEIRO S.A. PETROBRAS;009512;DF Consolidado - Demonstração das Mutações do Patrimônio Líquido;REAL;MIL;ÚLTIMO;2025-01-01;2025-12-31;Patrimônio Líquido;5.05.02.03;Equiv. Patrim. s/Result. Abrang. Coligadas;0.0000000000;S
PETR4;33.000.167/0001-01;2025-12-31;1;PETROLEO BRASILEIRO S.A. PETROBRAS;009512;DF Consolidado - Demonstração das Mutações do Patrimônio Líquido;REAL;MIL;PENÚLTIMO;2024-01-01;2024-12-31;Participação dos Não Controladores;5.05.02.03;Equiv. Patrim. s/Result. Abrang. Coligadas;0.0000000000;S
PETR4;33.000.167/0001-01;2025-12-31;1;PETROLEO BRASILEIRO S.A. PETROBRAS;009512;DF Consolidado - Demonstração das Mutações do Patrimônio Líquido;REAL;MIL;ÚLTIMO;2025-01-01;2025-12-31;Participação dos Não Controladores;5.05.02.03;Equiv. Patrim. s/Result. Abrang. Coligadas;0.0000000000;S
PETR4;33.000.167/0001-01;2025-12-31;1;PETROLEO BRASILEIRO S.A. PETROBRAS;009512;DF Consolidado - Demonstração das Mutações do Patrimônio Líquido;REAL;MIL;PENÚLTIMO;2024-01-01;2024-12-31;Patrimônio Líquido Consolidado;5.05.02.03;Equiv. Patrim. s/Result. Abrang. Coligadas;0.0000000000;S
PETR4;33.000.167/0001-01;2025-12-31;1;PETROLEO BRASILEIRO S.A. PETROBRAS;009512;DF Consolidado - Demonstração das Mutações do Patrimônio Líquido;REAL;MIL;ÚLTIMO;2025-01-01;2025-12-31;Patrimônio Líquido Consolidado;5.05.02.03;Equiv. Patrim. s/Result. Abrang. Coligadas;0.0000000000;S
PETR4;33.000.167/0001-01;2025-12-31;1;PETROLEO BRASILEIRO S.A. PETROBRAS;009512;DF Consolidado - Demonstração das Mutações do Patrimônio Líquido;REAL;MIL;PENÚLTIMO;2024-01-01;2024-12-31;Capital Social Integralizado;5.05.02.04;Ajustes de Conversão do Período;0.0000000000;S
PETR4;33.000.167/0001-01;2025-12-31;1;PETROLEO BRASILEIRO S.A. PETROBRAS;009512;DF Consolidado - Demonstração das Mutações do Patrimônio Líquido;REAL;MIL;ÚLTIMO;2025-01-01;2025-12-31;Capital Social Integralizado;5.05.02.04;Ajustes de Conversão do Período;0.0000000000;S
PETR4;33.000.167/0001-01;2025-12-31;1;PETROLEO BRASILEIRO S.A. PETROBRAS;009512;DF Consolidado - Demonstração das Mutações do Patrimônio Líquido;REAL;MIL;PENÚLTIMO;2024-01-01;2024-12-31;Reservas de Capital, Opções Outorgadas e Ações em Tesouraria;5.05.02.04;Ajustes de Conversão do Período;0.0000000000;S
PETR4;33.000.167/0001-01;2025-12-31;1;PETROLEO BRASILEIRO S.A. PETROBRAS;009512;DF Consolidado - Demonstração das Mutações do Patrimônio Líquido;REAL;MIL;ÚLTIMO;2025-01-01;2025-12-31;Reservas de Capital, Opções Outorgadas e Ações em Tesouraria;5.05.02.04;Ajustes de Conversão do Período;0.0000000000;S
PETR4;33.000.167/0001-01;2025-12-31;1;PETROLEO BRASILEIRO S.A. PETROBRAS;009512;DF Consolidado - Demonstração das Mutações do Patrimônio Líquido;REAL;MIL;PENÚLTIMO;2024-01-01;2024-12-31;Reservas de Lucro;5.05.02.04;Ajustes de Conversão do Período;0.0000000000;S
PETR4;33.000.167/0001-01;2025-12-31;1;PETROLEO BRASILEIRO S.A. PETROBRAS;009512;DF Consolidado - Demonstração das Mutações do Patrimônio Líquido;REAL;MIL;ÚLTIMO;2025-01-01;2025-12-31;Reservas de Lucro;5.05.02.04;Ajustes de Conversão do Período;0.0000000000;S
PETR4;33.000.167/0001-01;2025-12-31;1;PETROLEO BRASILEIRO S.A. PETROBRAS;009512;DF Consolidado - Demonstração das Mutações do Patrimônio Líquido;REAL;MIL;PENÚLTIMO;2024-01-01;2024-12-31;Lucros ou Prejuízos Acumulados;5.05.02.04;Ajustes de Conversão do Período;0.0000000000;S
PETR4;33.000.167/0001-01;2025-12-31;1;PETROLEO BRASILEIRO S.A. PETROBRAS;009512;DF Consolidado - Demonstração das Mutações do Patrimônio Líquido;REAL;MIL;ÚLTIMO;2025-01-01;2025-12-31;Lucros ou Prejuízos Acumulados;5.05.02.04;Ajustes de Conversão do Período;0.0000000000;S
PETR4;33.000.167/0001-01;2025-12-31;1;PETROLEO BRASILEIRO S.A. PETROBRAS;009512;DF Consolidado - Demonstração das Mutações do Patrimônio Líquido;REAL;MIL;PENÚLTIMO;2024-01-01;2024-12-31;Outros Resultados Abrangentes;5.05.02.04;Ajustes de Conversão do Período;0.0000000000;S
PETR4;33.000.167/0001-01;2025-12-31;1;PETROLEO BRASILEIRO S.A. PETROBRAS;009512;DF Consolidado - Demonstração das Mutações do Patrimônio Líquido;REAL;MIL;ÚLTIMO;2025-01-01;2025-12-31;Outros Resultados Abrangentes;5.05.02.04;Ajustes de Conversão do Período;0.0000000000;S
PETR4;33.000.167/0001-01;2025-12-31;1;PETROLEO BRASILEIRO S.A. PETROBRAS;009512;DF Consolidado - Demonstração das Mutações do Patrimônio Líquido;REAL;MIL;PENÚLTIMO;2024-01-01;2024-12-31;Patrimônio Líquido;5.05.02.04;Ajustes de Conversão do Período;0.0000000000;S
PETR4;33.000.167/0001-01;2025-12-31;1;PETROLEO BRASILEIRO S.A. PETROBRAS;009512;DF Consolidado - Demonstração das Mutações do Patrimônio Líquido;REAL;MIL;ÚLTIMO;2025-01-01;2025-12-31;Patrimônio Líquido;5.05.02.04;Ajustes de Conversão do Período;0.0000000000;S
PETR4;33.000.167/0001-01;2025-12-31;1;PETROLEO BRASILEIRO S.A. PETROBRAS;009512;DF Consolidado - Demonstração das Mutações do Patrimônio Líquido;REAL;MIL;PENÚLTIMO;2024-01-01;2024-12-31;Participação dos Não Controladores;5.05.02.04;Ajustes de Conversão do Período;0.0000000000;S
PETR4;33.000.167/0001-01;2025-12-31;1;PETROLEO BRASILEIRO S.A. PETROBRAS;009512;DF Consolidado - Demonstração das Mutações do Patrimônio Líquido;REAL;MIL;ÚLTIMO;2025-01-01;2025-12-31;Participação dos Não Controladores;5.05.02.04;Ajustes de Conversão do Período;0.0000000000;S
PETR4;33.000.167/0001-01;2025-12-31;1;PETROLEO BRASILEIRO S.A. PETROBRAS;009512;DF Consolidado - Demonstração das Mutações do Patrimônio Líquido;REAL;MIL;PENÚLTIMO;2024-01-01;2024-12-31;Patrimônio Líquido Consolidado;5.05.02.04;Ajustes de Conversão do Período;0.0000000000;S
PETR4;33.000.167/0001-01;2025-12-31;1;PETROLEO BRASILEIRO S.A. PETROBRAS;009512;DF Consolidado - Demonstração das Mutações do Patrimônio Líquido;REAL;MIL;ÚLTIMO;2025-01-01;2025-12-31;Patrimônio Líquido Consolidado;5.05.02.04;Ajustes de Conversão do Período;0.0000000000;S
PETR4;33.000.167/0001-01;2025-12-31;1;PETROLEO BRASILEIRO S.A. PETROBRAS;009512;DF Consolidado - Demonstração das Mutações do Patrimônio Líquido;REAL;MIL;PENÚLTIMO;2024-01-01;2024-12-31;Capital Social Integralizado;5.05.02.05;Tributos s/ Ajustes de Conversão do Período;0.0000000000;S
PETR4;33.000.167/0001-01;2025-12-31;1;PETROLEO BRASILEIRO S.A. PETROBRAS;009512;DF Consolidado - Demonstração das Mutações do Patrimônio Líquido;REAL;MIL;ÚLTIMO;2025-01-01;2025-12-31;Capital Social Integralizado;5.05.02.05;Tributos s/ Ajustes de Conversão do Período;0.0000000000;S
PETR4;33.000.167/0001-01;2025-12-31;1;PETROLEO BRASILEIRO S.A. PETROBRAS;009512;DF Consolidado - Demonstração das Mutações do Patrimônio Líquido;REAL;MIL;PENÚLTIMO;2024-01-01;2024-12-31;Reservas de Capital, Opções Outorgadas e Ações em Tesouraria;5.05.02.05;Tributos s/ Ajustes de Conversão do Período;0.0000000000;S
PETR4;33.000.167/0001-01;2025-12-31;1;PETROLEO BRASILEIRO S.A. PETROBRAS;009512;DF Consolidado - Demonstração das Mutações do Patrimônio Líquido;REAL;MIL;ÚLTIMO;2025-01-01;2025-12-31;Reservas de Capital, Opções Outorgadas e Ações em Tesouraria;5.05.02.05;Tributos s/ Ajustes de Conversão do Período;0.0000000000;S
PETR4;33.000.167/0001-01;2025-12-31;1;PETROLEO BRASILEIRO S.A. PETROBRAS;009512;DF Consolidado - Demonstração das Mutações do Patrimônio Líquido;REAL;MIL;PENÚLTIMO;2024-01-01;2024-12-31;Reservas de Lucro;5.05.02.05;Tributos s/ Ajustes de Conversão do Período;0.0000000000;S
PETR4;33.000.167/0001-01;2025-12-31;1;PETROLEO BRASILEIRO S.A. PETROBRAS;009512;DF Consolidado - Demonstração das Mutações do Patrimônio Líquido;REAL;MIL;ÚLTIMO;2025-01-01;2025-12-31;Reservas de Lucro;5.05.02.05;Tributos s/ Ajustes de Conversão do Período;0.0000000000;S
PETR4;33.000.167/0001-01;2025-12-31;1;PETROLEO BRASILEIRO S.A. PETROBRAS;009512;DF Consolidado - Demonstração das Mutações do Patrimônio Líquido;REAL;MIL;PENÚLTIMO;2024-01-01;2024-12-31;Lucros ou Prejuízos Acumulados;5.05.02.05;Tributos s/ Ajustes de Conversão do Período;0.0000000000;S
PETR4;33.000.167/0001-01;2025-12-31;1;PETROLEO BRASILEIRO S.A. PETROBRAS;009512;DF Consolidado - Demonstração das Mutações do Patrimônio Líquido;REAL;MIL;ÚLTIMO;2025-01-01;2025-12-31;Lucros ou Prejuízos Acumulados;5.05.02.05;Tributos s/ Ajustes de Conversão do Período;0.0000000000;S
PETR4;33.000.167/0001-01;2025-12-31;1;PETROLEO BRASILEIRO S.A. PETROBRAS;009512;DF Consolidado - Demonstração das Mutações do Patrimônio Líquido;REAL;MIL;PENÚLTIMO;2024-01-01;2024-12-31;Outros Resultados Abrangentes;5.05.02.05;Tributos s/ Ajustes de Conversão do Período;0.0000000000;S
PETR4;33.000.167/0001-01;2025-12-31;1;PETROLEO BRASILEIRO S.A. PETROBRAS;009512;DF Consolidado - Demonstração das Mutações do Patrimônio Líquido;REAL;MIL;ÚLTIMO;2025-01-01;2025-12-31;Outros Resultados Abrangentes;5.05.02.05;Tributos s/ Ajustes de Conversão do Período;0.0000000000;S
PETR4;33.000.167/0001-01;2025-12-31;1;PETROLEO BRASILEIRO S.A. PETROBRAS;009512;DF Consolidado - Demonstração das Mutações do Patrimônio Líquido;REAL;MIL;PENÚLTIMO;2024-01-01;2024-12-31;Patrimônio Líquido;5.05.02.05;Tributos s/ Ajustes de Conversão do Período;0.0000000000;S
PETR4;33.000.167/0001-01;2025-12-31;1;PETROLEO BRASILEIRO S.A. PETROBRAS;009512;DF Consolidado - Demonstração das Mutações do Patrimônio Líquido;REAL;MIL;ÚLTIMO;2025-01-01;2025-12-31;Patrimônio Líquido;5.05.02.05;Tributos s/ Ajustes de Conversão do Período;0.0000000000;S
PETR4;33.000.167/0001-01;2025-12-31;1;PETROLEO BRASILEIRO S.A. PETROBRAS;009512;DF Consolidado - Demonstração das Mutações do Patrimônio Líquido;REAL;MIL;PENÚLTIMO;2024-01-01;2024-12-31;Participação dos Não Controladores;5.05.02.05;Tributos s/ Ajustes de Conversão do Período;0.0000000000;S
PETR4;33.000.167/0001-01;2025-12-31;1;PETROLEO BRASILEIRO S.A. PETROBRAS;009512;DF Consolidado - Demonstração das Mutações do Patrimônio Líquido;REAL;MIL;ÚLTIMO;2025-01-01;2025-12-31;Participação dos Não Controladores;5.05.02.05;Tributos s/ Ajustes de Conversão do Período;0.0000000000;S
PETR4;33.000.167/0001-01;2025-12-31;1;PETROLEO BRASILEIRO S.A. PETROBRAS;009512;DF Consolidado - Demonstração das Mutações do Patrimônio Líquido;REAL;MIL;PENÚLTIMO;2024-01-01;2024-12-31;Patrimônio Líquido Consolidado;5.05.02.05;Tributos s/ Ajustes de Conversão do Período;0.0000000000;S
PETR4;33.000.167/0001-01;2025-12-31;1;PETROLEO BRASILEIRO S.A. PETROBRAS;009512;DF Consolidado - Demonstração das Mutações do Patrimônio Líquido;REAL;MIL;ÚLTIMO;2025-01-01;2025-12-31;Patrimônio Líquido Consolidado;5.05.02.05;Tributos s/ Ajustes de Conversão do Período;0.0000000000;S
PETR4;33.000.167/0001-01;2025-12-31;1;PETROLEO BRASILEIRO S.A. PETROBRAS;009512;DF Consolidado - Demonstração das Mutações do Patrimônio Líquido;REAL;MIL;PENÚLTIMO;2024-01-01;2024-12-31;Capital Social Integralizado;5.05.03;Reclassificações para o Resultado;0.0000000000;S
PETR4;33.000.167/0001-01;2025-12-31;1;PETROLEO BRASILEIRO S.A. PETROBRAS;009512;DF Consolidado - Demonstração das Mutações do Patrimônio Líquido;REAL;MIL;ÚLTIMO;2025-01-01;2025-12-31;Capital Social Integralizado;5.05.03;Reclassificações para o Resultado;0.0000000000;S
PETR4;33.000.167/0001-01;2025-12-31;1;PETROLEO BRASILEIRO S.A. PETROBRAS;009512;DF Consolidado - Demonstração das Mutações do Patrimônio Líquido;REAL;MIL;PENÚLTIMO;2024-01-01;2024-12-31;Reservas de Capital, Opções Outorgadas e Ações em Tesouraria;5.05.03;Reclassificações para o Resultado;0.0000000000;S
PETR4;33.000.167/0001-01;2025-12-31;1;PETROLEO BRASILEIRO S.A. PETROBRAS;009512;DF Consolidado - Demonstração das Mutações do Patrimônio Líquido;REAL;MIL;ÚLTIMO;2025-01-01;2025-12-31;Reservas de Capital, Opções Outorgadas e Ações em Tesouraria;5.05.03;Reclassificações para o Resultado;0.0000000000;S
PETR4;33.000.167/0001-01;2025-12-31;1;PETROLEO BRASILEIRO S.A. PETROBRAS;009512;DF Consolidado - Demonstração das Mutações do Patrimônio Líquido;REAL;MIL;PENÚLTIMO;2024-01-01;2024-12-31;Reservas de Lucro;5.05.03;Reclassificações para o Resultado;0.0000000000;S
PETR4;33.000.167/0001-01;2025-12-31;1;PETROLEO BRASILEIRO S.A. PETROBRAS;009512;DF Consolidado - Demonstração das Mutações do Patrimônio Líquido;REAL;MIL;ÚLTIMO;2025-01-01;2025-12-31;Reservas de Lucro;5.05.03;Reclassificações para o Resultado;0.0000000000;S
PETR4;33.000.167/0001-01;2025-12-31;1;PETROLEO BRASILEIRO S.A. PETROBRAS;009512;DF Consolidado - Demonstração das Mutações do Patrimônio Líquido;REAL;MIL;PENÚLTIMO;2024-01-01;2024-12-31;Lucros ou Prejuízos Acumulados;5.05.03;Reclassificações para o Resultado;0.0000000000;S
PETR4;33.000.167/0001-01;2025-12-31;1;PETROLEO BRASILEIRO S.A. PETROBRAS;009512;DF Consolidado - Demonstração das Mutações do Patrimônio Líquido;REAL;MIL;ÚLTIMO;2025-01-01;2025-12-31;Lucros ou Prejuízos Acumulados;5.05.03;Reclassificações para o Resultado;0.0000000000;S
PETR4;33.000.167/0001-01;2025-12-31;1;PETROLEO BRASILEIRO S.A. PETROBRAS;009512;DF Consolidado - Demonstração das Mutações do Patrimônio Líquido;REAL;MIL;PENÚLTIMO;2024-01-01;2024-12-31;Outros Resultados Abrangentes;5.05.03;Reclassificações para o Resultado;0.0000000000;S
PETR4;33.000.167/0001-01;2025-12-31;1;PETROLEO BRASILEIRO S.A. PETROBRAS;009512;DF Consolidado - Demonstração das Mutações do Patrimônio Líquido;REAL;MIL;ÚLTIMO;2025-01-01;2025-12-31;Outros Resultados Abrangentes;5.05.03;Reclassificações para o Resultado;0.0000000000;S
PETR4;33.000.167/0001-01;2025-12-31;1;PETROLEO BRASILEIRO S.A. PETROBRAS;009512;DF Consolidado - Demonstração das Mutações do Patrimônio Líquido;REAL;MIL;PENÚLTIMO;2024-01-01;2024-12-31;Patrimônio Líquido;5.05.03;Reclassificações para o Resultado;0.0000000000;S
PETR4;33.000.167/0001-01;2025-12-31;1;PETROLEO BRASILEIRO S.A. PETROBRAS;009512;DF Consolidado - Demonstração das Mutações do Patrimônio Líquido;REAL;MIL;ÚLTIMO;2025-01-01;2025-12-31;Patrimônio Líquido;5.05.03;Reclassificações para o Resultado;0.0000000000;S
PETR4;33.000.167/0001-01;2025-12-31;1;PETROLEO BRASILEIRO S.A. PETROBRAS;009512;DF Consolidado - Demonstração das Mutações do Patrimônio Líquido;REAL;MIL;PENÚLTIMO;2024-01-01;2024-12-31;Participação dos Não Controladores;5.05.03;Reclassificações para o Resultado;0.0000000000;S
PETR4;33.000.167/0001-01;2025-12-31;1;PETROLEO BRASILEIRO S.A. PETROBRAS;009512;DF Consolidado - Demonstração das Mutações do Patrimônio Líquido;REAL;MIL;ÚLTIMO;2025-01-01;2025-12-31;Participação dos Não Controladores;5.05.03;Reclassificações para o Resultado;0.0000000000;S
PETR4;33.000.167/0001-01;2025-12-31;1;PETROLEO BRASILEIRO S.A. PETROBRAS;009512;DF Consolidado - Demonstração das Mutações do Patrimônio Líquido;REAL;MIL;PENÚLTIMO;2024-01-01;2024-12-31;Patrimônio Líquido Consolidado;5.05.03;Reclassificações para o Resultado;0.0000000000;S
PETR4;33.000.167/0001-01;2025-12-31;1;PETROLEO BRASILEIRO S.A. PETROBRAS;009512;DF Consolidado - Demonstração das Mutações do Patrimônio Líquido;REAL;MIL;ÚLTIMO;2025-01-01;2025-12-31;Patrimônio Líquido Consolidado;5.05.03;Reclassificações para o Resultado;0.0000000000;S
PETR4;33.000.167/0001-01;2025-12-31;1;PETROLEO BRASILEIRO S.A. PETROBRAS;009512;DF Consolidado - Demonstração das Mutações do Patrimônio Líquido;REAL;MIL;PENÚLTIMO;2024-01-01;2024-12-31;Capital Social Integralizado;5.05.03.01;Ajustes de Instrumentos Financeiros;0.0000000000;S
PETR4;33.000.167/0001-01;2025-12-31;1;PETROLEO BRASILEIRO S.A. PETROBRAS;009512;DF Consolidado - Demonstração das Mutações do Patrimônio Líquido;REAL;MIL;ÚLTIMO;2025-01-01;2025-12-31;Capital Social Integralizado;5.05.03.01;Ajustes de Instrumentos Financeiros;0.0000000000;S
PETR4;33.000.167/0001-01;2025-12-31;1;PETROLEO BRASILEIRO S.A. PETROBRAS;009512;DF Consolidado - Demonstração das Mutações do Patrimônio Líquido;REAL;MIL;PENÚLTIMO;2024-01-01;2024-12-31;Reservas de Capital, Opções Outorgadas e Ações em Tesouraria;5.05.03.01;Ajustes de Instrumentos Financeiros;0.0000000000;S
PETR4;33.000.167/0001-01;2025-12-31;1;PETROLEO BRASILEIRO S.A. PETROBRAS;009512;DF Consolidado - Demonstração das Mutações do Patrimônio Líquido;REAL;MIL;ÚLTIMO;2025-01-01;2025-12-31;Reservas de Capital, Opções Outorgadas e Ações em Tesouraria;5.05.03.01;Ajustes de Instrumentos Financeiros;0.0000000000;S
PETR4;33.000.167/0001-01;2025-12-31;1;PETROLEO BRASILEIRO S.A. PETROBRAS;009512;DF Consolidado - Demonstração das Mutações do Patrimônio Líquido;REAL;MIL;PENÚLTIMO;2024-01-01;2024-12-31;Reservas de Lucro;5.05.03.01;Ajustes de Instrumentos Financeiros;0.0000000000;S
PETR4;33.000.167/0001-01;2025-12-31;1;PETROLEO BRASILEIRO S.A. PETROBRAS;009512;DF Consolidado - Demonstração das Mutações do Patrimônio Líquido;REAL;MIL;ÚLTIMO;2025-01-01;2025-12-31;Reservas de Lucro;5.05.03.01;Ajustes de Instrumentos Financeiros;0.0000000000;S
PETR4;33.000.167/0001-01;2025-12-31;1;PETROLEO BRASILEIRO S.A. PETROBRAS;009512;DF Consolidado - Demonstração das Mutações do Patrimônio Líquido;REAL;MIL;PENÚLTIMO;2024-01-01;2024-12-31;Lucros ou Prejuízos Acumulados;5.05.03.01;Ajustes de Instrumentos Financeiros;0.0000000000;S
PETR4;33.000.167/0001-01;2025-12-31;1;PETROLEO BRASILEIRO S.A. PETROBRAS;009512;DF Consolidado - Demonstração das Mutações do Patrimônio Líquido;REAL;MIL;ÚLTIMO;2025-01-01;2025-12-31;Lucros ou Prejuízos Acumulados;5.05.03.01;Ajustes de Instrumentos Financeiros;0.0000000000;S
PETR4;33.000.167/0001-01;2025-12-31;1;PETROLEO BRASILEIRO S.A. PETROBRAS;009512;DF Consolidado - Demonstração das Mutações do Patrimônio Líquido;REAL;MIL;PENÚLTIMO;2024-01-01;2024-12-31;Outros Resultados Abrangentes;5.05.03.01;Ajustes de Instrumentos Financeiros;0.0000000000;S
PETR4;33.000.167/0001-01;2025-12-31;1;PETROLEO BRASILEIRO S.A. PETROBRAS;009512;DF Consolidado - Demonstração das Mutações do Patrimônio Líquido;REAL;MIL;ÚLTIMO;2025-01-01;2025-12-31;Outros Resultados Abrangentes;5.05.03.01;Ajustes de Instrumentos Financeiros;0.0000000000;S
PETR4;33.000.167/0001-01;2025-12-31;1;PETROLEO BRASILEIRO S.A. PETROBRAS;009512;DF Consolidado - Demonstração das Mutações do Patrimônio Líquido;REAL;MIL;PENÚLTIMO;2024-01-01;2024-12-31;Patrimônio Líquido;5.05.03.01;Ajustes de Instrumentos Financeiros;0.0000000000;S
PETR4;33.000.167/0001-01;2025-12-31;1;PETROLEO BRASILEIRO S.A. PETROBRAS;009512;DF Consolidado - Demonstração das Mutações do Patrimônio Líquido;REAL;MIL;ÚLTIMO;2025-01-01;2025-12-31;Patrimônio Líquido;5.05.03.01;Ajustes de Instrumentos Financeiros;0.0000000000;S
PETR4;33.000.167/0001-01;2025-12-31;1;PETROLEO BRASILEIRO S.A. PETROBRAS;009512;DF Consolidado - Demonstração das Mutações do Patrimônio Líquido;REAL;MIL;PENÚLTIMO;2024-01-01;2024-12-31;Participação dos Não Controladores;5.05.03.01;Ajustes de Instrumentos Financeiros;0.0000000000;S
PETR4;33.000.167/0001-01;2025-12-31;1;PETROLEO BRASILEIRO S.A. PETROBRAS;009512;DF Consolidado - Demonstração das Mutações do Patrimônio Líquido;REAL;MIL;ÚLTIMO;2025-01-01;2025-12-31;Participação dos Não Controladores;5.05.03.01;Ajustes de Instrumentos Financeiros;0.0000000000;S
PETR4;33.000.167/0001-01;2025-12-31;1;PETROLEO BRASILEIRO S.A. PETROBRAS;009512;DF Consolidado - Demonstração das Mutações do Patrimônio Líquido;REAL;MIL;PENÚLTIMO;2024-01-01;2024-12-31;Patrimônio Líquido Consolidado;5.05.03.01;Ajustes de Instrumentos Financeiros;0.0000000000;S
PETR4;33.000.167/0001-01;2025-12-31;1;PETROLEO BRASILEIRO S.A. PETROBRAS;009512;DF Consolidado - Demonstração das Mutações do Patrimônio Líquido;REAL;MIL;ÚLTIMO;2025-01-01;2025-12-31;Patrimônio Líquido Consolidado;5.05.03.01;Ajustes de Instrumentos Financeiros;0.0000000000;S
PETR4;33.000.167/0001-01;2025-12-31;1;PETROLEO BRASILEIRO S.A. PETROBRAS;009512;DF Consolidado - Demonstração das Mutações do Patrimônio Líquido;REAL;MIL;PENÚLTIMO;2024-01-01;2024-12-31;Capital Social Integralizado;5.06;Mutações Internas do Patrimônio Líquido;0.0000000000;S
PETR4;33.000.167/0001-01;2025-12-31;1;PETROLEO BRASILEIRO S.A. PETROBRAS;009512;DF Consolidado - Demonstração das Mutações do Patrimônio Líquido;REAL;MIL;ÚLTIMO;2025-01-01;2025-12-31;Capital Social Integralizado;5.06;Mutações Internas do Patrimônio Líquido;0.0000000000;S
PETR4;33.000.167/0001-01;2025-12-31;1;PETROLEO BRASILEIRO S.A. PETROBRAS;009512;DF Consolidado - Demonstração das Mutações do Patrimônio Líquido;REAL;MIL;PENÚLTIMO;2024-01-01;2024-12-31;Reservas de Capital, Opções Outorgadas e Ações em Tesouraria;5.06;Mutações Internas do Patrimônio Líquido;0.0000000000;S
PETR4;33.000.167/0001-01;2025-12-31;1;PETROLEO BRASILEIRO S.A. PETROBRAS;009512;DF Consolidado - Demonstração das Mutações do Patrimônio Líquido;REAL;MIL;ÚLTIMO;2025-01-01;2025-12-31;Reservas de Capital, Opções Outorgadas e Ações em Tesouraria;5.06;Mutações Internas do Patrimônio Líquido;0.0000000000;S
PETR4;33.000.167/0001-01;2025-12-31;1;PETROLEO BRASILEIRO S.A. PETROBRAS;009512;DF Consolidado - Demonstração das Mutações do Patrimônio Líquido;REAL;MIL;PENÚLTIMO;2024-01-01;2024-12-31;Reservas de Lucro;5.06;Mutações Internas do Patrimônio Líquido;790000.0000000000;S
PETR4;33.000.167/0001-01;2025-12-31;1;PETROLEO BRASILEIRO S.A. PETROBRAS;009512;DF Consolidado - Demonstração das Mutações do Patrimônio Líquido;REAL;MIL;ÚLTIMO;2025-01-01;2025-12-31;Reservas de Lucro;5.06;Mutações Internas do Patrimônio Líquido;69721000.0000000000;S
PETR4;33.000.167/0001-01;2025-12-31;1;PETROLEO BRASILEIRO S.A. PETROBRAS;009512;DF Consolidado - Demonstração das Mutações do Patrimônio Líquido;REAL;MIL;PENÚLTIMO;2024-01-01;2024-12-31;Lucros ou Prejuízos Acumulados;5.06;Mutações Internas do Patrimônio Líquido;-790000.0000000000;S
PETR4;33.000.167/0001-01;2025-12-31;1;PETROLEO BRASILEIRO S.A. PETROBRAS;009512;DF Consolidado - Demonstração das Mutações do Patrimônio Líquido;REAL;MIL;ÚLTIMO;2025-01-01;2025-12-31;Lucros ou Prejuízos Acumulados;5.06;Mutações Internas do Patrimônio Líquido;-69721000.0000000000;S
PETR4;33.000.167/0001-01;2025-12-31;1;PETROLEO BRASILEIRO S.A. PETROBRAS;009512;DF Consolidado - Demonstração das Mutações do Patrimônio Líquido;REAL;MIL;PENÚLTIMO;2024-01-01;2024-12-31;Outros Resultados Abrangentes;5.06;Mutações Internas do Patrimônio Líquido;0.0000000000;S
PETR4;33.000.167/0001-01;2025-12-31;1;PETROLEO BRASILEIRO S.A. PETROBRAS;009512;DF Consolidado - Demonstração das Mutações do Patrimônio Líquido;REAL;MIL;ÚLTIMO;2025-01-01;2025-12-31;Outros Resultados Abrangentes;5.06;Mutações Internas do Patrimônio Líquido;0.0000000000;S
PETR4;33.000.167/0001-01;2025-12-31;1;PETROLEO BRASILEIRO S.A. PETROBRAS;009512;DF Consolidado - Demonstração das Mutações do Patrimônio Líquido;REAL;MIL;PENÚLTIMO;2024-01-01;2024-12-31;Patrimônio Líquido;5.06;Mutações Internas do Patrimônio Líquido;0.0000000000;S
PETR4;33.000.167/0001-01;2025-12-31;1;PETROLEO BRASILEIRO S.A. PETROBRAS;009512;DF Consolidado - Demonstração das Mutações do Patrimônio Líquido;REAL;MIL;ÚLTIMO;2025-01-01;2025-12-31;Patrimônio Líquido;5.06;Mutações Internas do Patrimônio Líquido;0.0000000000;S
PETR4;33.000.167/0001-01;2025-12-31;1;PETROLEO BRASILEIRO S.A. PETROBRAS;009512;DF Consolidado - Demonstração das Mutações do Patrimônio Líquido;REAL;MIL;PENÚLTIMO;2024-01-01;2024-12-31;Participação dos Não Controladores;5.06;Mutações Internas do Patrimônio Líquido;0.0000000000;S
PETR4;33.000.167/0001-01;2025-12-31;1;PETROLEO BRASILEIRO S.A. PETROBRAS;009512;DF Consolidado - Demonstração das Mutações do Patrimônio Líquido;REAL;MIL;ÚLTIMO;2025-01-01;2025-12-31;Participação dos Não Controladores;5.06;Mutações Internas do Patrimônio Líquido;-110000.0000000000;S
PETR4;33.000.167/0001-01;2025-12-31;1;PETROLEO BRASILEIRO S.A. PETROBRAS;009512;DF Consolidado - Demonstração das Mutações do Patrimônio Líquido;REAL;MIL;PENÚLTIMO;2024-01-01;2024-12-31;Patrimônio Líquido Consolidado;5.06;Mutações Internas do Patrimônio Líquido;0.0000000000;S
PETR4;33.000.167/0001-01;2025-12-31;1;PETROLEO BRASILEIRO S.A. PETROBRAS;009512;DF Consolidado - Demonstração das Mutações do Patrimônio Líquido;REAL;MIL;ÚLTIMO;2025-01-01;2025-12-31;Patrimônio Líquido Consolidado;5.06;Mutações Internas do Patrimônio Líquido;-110000.0000000000;S
PETR4;33.000.167/0001-01;2025-12-31;1;PETROLEO BRASILEIRO S.A. PETROBRAS;009512;DF Consolidado - Demonstração das Mutações do Patrimônio Líquido;REAL;MIL;PENÚLTIMO;2024-01-01;2024-12-31;Capital Social Integralizado;5.06.01;Constituição de Reservas;0.0000000000;S
PETR4;33.000.167/0001-01;2025-12-31;1;PETROLEO BRASILEIRO S.A. PETROBRAS;009512;DF Consolidado - Demonstração das Mutações do Patrimônio Líquido;REAL;MIL;ÚLTIMO;2025-01-01;2025-12-31;Capital Social Integralizado;5.06.01;Constituição de Reservas;0.0000000000;S
PETR4;33.000.167/0001-01;2025-12-31;1;PETROLEO BRASILEIRO S.A. PETROBRAS;009512;DF Consolidado - Demonstração das Mutações do Patrimônio Líquido;REAL;MIL;PENÚLTIMO;2024-01-01;2024-12-31;Reservas de Capital, Opções Outorgadas e Ações em Tesouraria;5.06.01;Constituição de Reservas;0.0000000000;S
PETR4;33.000.167/0001-01;2025-12-31;1;PETROLEO BRASILEIRO S.A. PETROBRAS;009512;DF Consolidado - Demonstração das Mutações do Patrimônio Líquido;REAL;MIL;ÚLTIMO;2025-01-01;2025-12-31;Reservas de Capital, Opções Outorgadas e Ações em Tesouraria;5.06.01;Constituição de Reservas;0.0000000000;S
PETR4;33.000.167/0001-01;2025-12-31;1;PETROLEO BRASILEIRO S.A. PETROBRAS;009512;DF Consolidado - Demonstração das Mutações do Patrimônio Líquido;REAL;MIL;PENÚLTIMO;2024-01-01;2024-12-31;Reservas de Lucro;5.06.01;Constituição de Reservas;790000.0000000000;S
PETR4;33.000.167/0001-01;2025-12-31;1;PETROLEO BRASILEIRO S.A. PETROBRAS;009512;DF Consolidado - Demonstração das Mutações do Patrimônio Líquido;REAL;MIL;ÚLTIMO;2025-01-01;2025-12-31;Reservas de Lucro;5.06.01;Constituição de Reservas;69721000.0000000000;S
PETR4;33.000.167/0001-01;2025-12-31;1;PETROLEO BRASILEIRO S.A. PETROBRAS;009512;DF Consolidado - Demonstração das Mutações do Patrimônio Líquido;REAL;MIL;PENÚLTIMO;2024-01-01;2024-12-31;Lucros ou Prejuízos Acumulados;5.06.01;Constituição de Reservas;-790000.0000000000;S
PETR4;33.000.167/0001-01;2025-12-31;1;PETROLEO BRASILEIRO S.A. PETROBRAS;009512;DF Consolidado - Demonstração das Mutações do Patrimônio Líquido;REAL;MIL;ÚLTIMO;2025-01-01;2025-12-31;Lucros ou Prejuízos Acumulados;5.06.01;Constituição de Reservas;-69721000.0000000000;S
PETR4;33.000.167/0001-01;2025-12-31;1;PETROLEO BRASILEIRO S.A. PETROBRAS;009512;DF Consolidado - Demonstração das Mutações do Patrimônio Líquido;REAL;MIL;PENÚLTIMO;2024-01-01;2024-12-31;Outros Resultados Abrangentes;5.06.01;Constituição de Reservas;0.0000000000;S
PETR4;33.000.167/0001-01;2025-12-31;1;PETROLEO BRASILEIRO S.A. PETROBRAS;009512;DF Consolidado - Demonstração das Mutações do Patrimônio Líquido;REAL;MIL;ÚLTIMO;2025-01-01;2025-12-31;Outros Resultados Abrangentes;5.06.01;Constituição de Reservas;0.0000000000;S
PETR4;33.000.167/0001-01;2025-12-31;1;PETROLEO BRASILEIRO S.A. PETROBRAS;009512;DF Consolidado - Demonstração das Mutações do Patrimônio Líquido;REAL;MIL;PENÚLTIMO;2024-01-01;2024-12-31;Patrimônio Líquido;5.06.01;Constituição de Reservas;0.0000000000;S
PETR4;33.000.167/0001-01;2025-12-31;1;PETROLEO BRASILEIRO S.A. PETROBRAS;009512;DF Consolidado - Demonstração das Mutações do Patrimônio Líquido;REAL;MIL;ÚLTIMO;2025-01-01;2025-12-31;Patrimônio Líquido;5.06.01;Constituição de Reservas;0.0000000000;S
PETR4;33.000.167/0001-01;2025-12-31;1;PETROLEO BRASILEIRO S.A. PETROBRAS;009512;DF Consolidado - Demonstração das Mutações do Patrimônio Líquido;REAL;MIL;PENÚLTIMO;2024-01-01;2024-12-31;Participação dos Não Controladores;5.06.01;Constituição de Reservas;0.0000000000;S
PETR4;33.000.167/0001-01;2025-12-31;1;PETROLEO BRASILEIRO S.A. PETROBRAS;009512;DF Consolidado - Demonstração das Mutações do Patrimônio Líquido;REAL;MIL;ÚLTIMO;2025-01-01;2025-12-31;Participação dos Não Controladores;5.06.01;Constituição de Reservas;-110000.0000000000;S
PETR4;33.000.167/0001-01;2025-12-31;1;PETROLEO BRASILEIRO S.A. PETROBRAS;009512;DF Consolidado - Demonstração das Mutações do Patrimônio Líquido;REAL;MIL;PENÚLTIMO;2024-01-01;2024-12-31;Patrimônio Líquido Consolidado;5.06.01;Constituição de Reservas;0.0000000000;S
PETR4;33.000.167/0001-01;2025-12-31;1;PETROLEO BRASILEIRO S.A. PETROBRAS;009512;DF Consolidado - Demonstração das Mutações do Patrimônio Líquido;REAL;MIL;ÚLTIMO;2025-01-01;2025-12-31;Patrimônio Líquido Consolidado;5.06.01;Constituição de Reservas;-110000.0000000000;S
PETR4;33.000.167/0001-01;2025-12-31;1;PETROLEO BRASILEIRO S.A. PETROBRAS;009512;DF Consolidado - Demonstração das Mutações do Patrimônio Líquido;REAL;MIL;PENÚLTIMO;2024-01-01;2024-12-31;Capital Social Integralizado;5.06.02;Realização da Reserva Reavaliação;0.0000000000;S
PETR4;33.000.167/0001-01;2025-12-31;1;PETROLEO BRASILEIRO S.A. PETROBRAS;009512;DF Consolidado - Demonstração das Mutações do Patrimônio Líquido;REAL;MIL;ÚLTIMO;2025-01-01;2025-12-31;Capital Social Integralizado;5.06.02;Realização da Reserva Reavaliação;0.0000000000;S
PETR4;33.000.167/0001-01;2025-12-31;1;PETROLEO BRASILEIRO S.A. PETROBRAS;009512;DF Consolidado - Demonstração das Mutações do Patrimônio Líquido;REAL;MIL;PENÚLTIMO;2024-01-01;2024-12-31;Reservas de Capital, Opções Outorgadas e Ações em Tesouraria;5.06.02;Realização da Reserva Reavaliação;0.0000000000;S
PETR4;33.000.167/0001-01;2025-12-31;1;PETROLEO BRASILEIRO S.A. PETROBRAS;009512;DF Consolidado - Demonstração das Mutações do Patrimônio Líquido;REAL;MIL;ÚLTIMO;2025-01-01;2025-12-31;Reservas de Capital, Opções Outorgadas e Ações em Tesouraria;5.06.02;Realização da Reserva Reavaliação;0.0000000000;S
PETR4;33.000.167/0001-01;2025-12-31;1;PETROLEO BRASILEIRO S.A. PETROBRAS;009512;DF Consolidado - Demonstração das Mutações do Patrimônio Líquido;REAL;MIL;PENÚLTIMO;2024-01-01;2024-12-31;Reservas de Lucro;5.06.02;Realização da Reserva Reavaliação;0.0000000000;S
PETR4;33.000.167/0001-01;2025-12-31;1;PETROLEO BRASILEIRO S.A. PETROBRAS;009512;DF Consolidado - Demonstração das Mutações do Patrimônio Líquido;REAL;MIL;ÚLTIMO;2025-01-01;2025-12-31;Reservas de Lucro;5.06.02;Realização da Reserva Reavaliação;0.0000000000;S
PETR4;33.000.167/0001-01;2025-12-31;1;PETROLEO BRASILEIRO S.A. PETROBRAS;009512;DF Consolidado - Demonstração das Mutações do Patrimônio Líquido;REAL;MIL;PENÚLTIMO;2024-01-01;2024-12-31;Lucros ou Prejuízos Acumulados;5.06.02;Realização da Reserva Reavaliação;0.0000000000;S
PETR4;33.000.167/0001-01;2025-12-31;1;PETROLEO BRASILEIRO S.A. PETROBRAS;009512;DF Consolidado - Demonstração das Mutações do Patrimônio Líquido;REAL;MIL;ÚLTIMO;2025-01-01;2025-12-31;Lucros ou Prejuízos Acumulados;5.06.02;Realização da Reserva Reavaliação;0.0000000000;S
PETR4;33.000.167/0001-01;2025-12-31;1;PETROLEO BRASILEIRO S.A. PETROBRAS;009512;DF Consolidado - Demonstração das Mutações do Patrimônio Líquido;REAL;MIL;PENÚLTIMO;2024-01-01;2024-12-31;Outros Resultados Abrangentes;5.06.02;Realização da Reserva Reavaliação;0.0000000000;S
PETR4;33.000.167/0001-01;2025-12-31;1;PETROLEO BRASILEIRO S.A. PETROBRAS;009512;DF Consolidado - Demonstração das Mutações do Patrimônio Líquido;REAL;MIL;ÚLTIMO;2025-01-01;2025-12-31;Outros Resultados Abrangentes;5.06.02;Realização da Reserva Reavaliação;0.0000000000;S
PETR4;33.000.167/0001-01;2025-12-31;1;PETROLEO BRASILEIRO S.A. PETROBRAS;009512;DF Consolidado - Demonstração das Mutações do Patrimônio Líquido;REAL;MIL;PENÚLTIMO;2024-01-01;2024-12-31;Patrimônio Líquido;5.06.02;Realização da Reserva Reavaliação;0.0000000000;S
PETR4;33.000.167/0001-01;2025-12-31;1;PETROLEO BRASILEIRO S.A. PETROBRAS;009512;DF Consolidado - Demonstração das Mutações do Patrimônio Líquido;REAL;MIL;ÚLTIMO;2025-01-01;2025-12-31;Patrimônio Líquido;5.06.02;Realização da Reserva Reavaliação;0.0000000000;S
PETR4;33.000.167/0001-01;2025-12-31;1;PETROLEO BRASILEIRO S.A. PETROBRAS;009512;DF Consolidado - Demonstração das Mutações do Patrimônio Líquido;REAL;MIL;PENÚLTIMO;2024-01-01;2024-12-31;Participação dos Não Controladores;5.06.02;Realização da Reserva Reavaliação;0.0000000000;S
PETR4;33.000.167/0001-01;2025-12-31;1;PETROLEO BRASILEIRO S.A. PETROBRAS;009512;DF Consolidado - Demonstração das Mutações do Patrimônio Líquido;REAL;MIL;ÚLTIMO;2025-01-01;2025-12-31;Participação dos Não Controladores;5.06.02;Realização da Reserva Reavaliação;0.0000000000;S
PETR4;33.000.167/0001-01;2025-12-31;1;PETROLEO BRASILEIRO S.A. PETROBRAS;009512;DF Consolidado - Demonstração das Mutações do Patrimônio Líquido;REAL;MIL;PENÚLTIMO;2024-01-01;2024-12-31;Patrimônio Líquido Consolidado;5.06.02;Realização da Reserva Reavaliação;0.0000000000;S
PETR4;33.000.167/0001-01;2025-12-31;1;PETROLEO BRASILEIRO S.A. PETROBRAS;009512;DF Consolidado - Demonstração das Mutações do Patrimônio Líquido;REAL;MIL;ÚLTIMO;2025-01-01;2025-12-31;Patrimônio Líquido Consolidado;5.06.02;Realização da Reserva Reavaliação;0.0000000000;S
PETR4;33.000.167/0001-01;2025-12-31;1;PETROLEO BRASILEIRO S.A. PETROBRAS;009512;DF Consolidado - Demonstração das Mutações do Patrimônio Líquido;REAL;MIL;PENÚLTIMO;2024-01-01;2024-12-31;Capital Social Integralizado;5.06.03;Tributos sobre a Realização da Reserva de Reavaliação;0.0000000000;S
PETR4;33.000.167/0001-01;2025-12-31;1;PETROLEO BRASILEIRO S.A. PETROBRAS;009512;DF Consolidado - Demonstração das Mutações do Patrimônio Líquido;REAL;MIL;ÚLTIMO;2025-01-01;2025-12-31;Capital Social Integralizado;5.06.03;Tributos sobre a Realização da Reserva de Reavaliação;0.0000000000;S
PETR4;33.000.167/0001-01;2025-12-31;1;PETROLEO BRASILEIRO S.A. PETROBRAS;009512;DF Consolidado - Demonstração das Mutações do Patrimônio Líquido;REAL;MIL;PENÚLTIMO;2024-01-01;2024-12-31;Reservas de Capital, Opções Outorgadas e Ações em Tesouraria;5.06.03;Tributos sobre a Realização da Reserva de Reavaliação;0.0000000000;S
PETR4;33.000.167/0001-01;2025-12-31;1;PETROLEO BRASILEIRO S.A. PETROBRAS;009512;DF Consolidado - Demonstração das Mutações do Patrimônio Líquido;REAL;MIL;ÚLTIMO;2025-01-01;2025-12-31;Reservas de Capital, Opções Outorgadas e Ações em Tesouraria;5.06.03;Tributos sobre a Realização da Reserva de Reavaliação;0.0000000000;S
PETR4;33.000.167/0001-01;2025-12-31;1;PETROLEO BRASILEIRO S.A. PETROBRAS;009512;DF Consolidado - Demonstração das Mutações do Patrimônio Líquido;REAL;MIL;PENÚLTIMO;2024-01-01;2024-12-31;Reservas de Lucro;5.06.03;Tributos sobre a Realização da Reserva de Reavaliação;0.0000000000;S
PETR4;33.000.167/0001-01;2025-12-31;1;PETROLEO BRASILEIRO S.A. PETROBRAS;009512;DF Consolidado - Demonstração das Mutações do Patrimônio Líquido;REAL;MIL;ÚLTIMO;2025-01-01;2025-12-31;Reservas de Lucro;5.06.03;Tributos sobre a Realização da Reserva de Reavaliação;0.0000000000;S
PETR4;33.000.167/0001-01;2025-12-31;1;PETROLEO BRASILEIRO S.A. PETROBRAS;009512;DF Consolidado - Demonstração das Mutações do Patrimônio Líquido;REAL;MIL;PENÚLTIMO;2024-01-01;2024-12-31;Lucros ou Prejuízos Acumulados;5.06.03;Tributos sobre a Realização da Reserva de Reavaliação;0.0000000000;S
PETR4;33.000.167/0001-01;2025-12-31;1;PETROLEO BRASILEIRO S.A. PETROBRAS;009512;DF Consolidado - Demonstração das Mutações do Patrimônio Líquido;REAL;MIL;ÚLTIMO;2025-01-01;2025-12-31;Lucros ou Prejuízos Acumulados;5.06.03;Tributos sobre a Realização da Reserva de Reavaliação;0.0000000000;S
PETR4;33.000.167/0001-01;2025-12-31;1;PETROLEO BRASILEIRO S.A. PETROBRAS;009512;DF Consolidado - Demonstração das Mutações do Patrimônio Líquido;REAL;MIL;PENÚLTIMO;2024-01-01;2024-12-31;Outros Resultados Abrangentes;5.06.03;Tributos sobre a Realização da Reserva de Reavaliação;0.0000000000;S
PETR4;33.000.167/0001-01;2025-12-31;1;PETROLEO BRASILEIRO S.A. PETROBRAS;009512;DF Consolidado - Demonstração das Mutações do Patrimônio Líquido;REAL;MIL;ÚLTIMO;2025-01-01;2025-12-31;Outros Resultados Abrangentes;5.06.03;Tributos sobre a Realização da Reserva de Reavaliação;0.0000000000;S
PETR4;33.000.167/0001-01;2025-12-31;1;PETROLEO BRASILEIRO S.A. PETROBRAS;009512;DF Consolidado - Demonstração das Mutações do Patrimônio Líquido;REAL;MIL;PENÚLTIMO;2024-01-01;2024-12-31;Patrimônio Líquido;5.06.03;Tributos sobre a Realização da Reserva de Reavaliação;0.0000000000;S
PETR4;33.000.167/0001-01;2025-12-31;1;PETROLEO BRASILEIRO S.A. PETROBRAS;009512;DF Consolidado - Demonstração das Mutações do Patrimônio Líquido;REAL;MIL;ÚLTIMO;2025-01-01;2025-12-31;Patrimônio Líquido;5.06.03;Tributos sobre a Realização da Reserva de Reavaliação;0.0000000000;S
PETR4;33.000.167/0001-01;2025-12-31;1;PETROLEO BRASILEIRO S.A. PETROBRAS;009512;DF Consolidado - Demonstração das Mutações do Patrimônio Líquido;REAL;MIL;PENÚLTIMO;2024-01-01;2024-12-31;Participação dos Não Controladores;5.06.03;Tributos sobre a Realização da Reserva de Reavaliação;0.0000000000;S
PETR4;33.000.167/0001-01;2025-12-31;1;PETROLEO BRASILEIRO S.A. PETROBRAS;009512;DF Consolidado - Demonstração das Mutações do Patrimônio Líquido;REAL;MIL;ÚLTIMO;2025-01-01;2025-12-31;Participação dos Não Controladores;5.06.03;Tributos sobre a Realização da Reserva de Reavaliação;0.0000000000;S
PETR4;33.000.167/0001-01;2025-12-31;1;PETROLEO BRASILEIRO S.A. PETROBRAS;009512;DF Consolidado - Demonstração das Mutações do Patrimônio Líquido;REAL;MIL;PENÚLTIMO;2024-01-01;2024-12-31;Patrimônio Líquido Consolidado;5.06.03;Tributos sobre a Realização da Reserva de Reavaliação;0.0000000000;S
PETR4;33.000.167/0001-01;2025-12-31;1;PETROLEO BRASILEIRO S.A. PETROBRAS;009512;DF Consolidado - Demonstração das Mutações do Patrimônio Líquido;REAL;MIL;ÚLTIMO;2025-01-01;2025-12-31;Patrimônio Líquido Consolidado;5.06.03;Tributos sobre a Realização da Reserva de Reavaliação;0.0000000000;S
PETR4;33.000.167/0001-01;2025-12-31;1;PETROLEO BRASILEIRO S.A. PETROBRAS;009512;DF Consolidado - Demonstração das Mutações do Patrimônio Líquido;REAL;MIL;PENÚLTIMO;2024-01-01;2024-12-31;Capital Social Integralizado;5.07;Saldos Finais;205432000.0000000000;S
PETR4;33.000.167/0001-01;2025-12-31;1;PETROLEO BRASILEIRO S.A. PETROBRAS;009512;DF Consolidado - Demonstração das Mutações do Patrimônio Líquido;REAL;MIL;ÚLTIMO;2025-01-01;2025-12-31;Capital Social Integralizado;5.07;Saldos Finais;205432000.0000000000;S
PETR4;33.000.167/0001-01;2025-12-31;1;PETROLEO BRASILEIRO S.A. PETROBRAS;009512;DF Consolidado - Demonstração das Mutações do Patrimônio Líquido;REAL;MIL;PENÚLTIMO;2024-01-01;2024-12-31;Reservas de Capital, Opções Outorgadas e Ações em Tesouraria;5.07;Saldos Finais;-2241000.0000000000;S
PETR4;33.000.167/0001-01;2025-12-31;1;PETROLEO BRASILEIRO S.A. PETROBRAS;009512;DF Consolidado - Demonstração das Mutações do Patrimônio Líquido;REAL;MIL;ÚLTIMO;2025-01-01;2025-12-31;Reservas de Capital, Opções Outorgadas e Ações em Tesouraria;5.07;Saldos Finais;3322000.0000000000;S
PETR4;33.000.167/0001-01;2025-12-31;1;PETROLEO BRASILEIRO S.A. PETROBRAS;009512;DF Consolidado - Demonstração das Mutações do Patrimônio Líquido;REAL;MIL;PENÚLTIMO;2024-01-01;2024-12-31;Reservas de Lucro;5.07;Saldos Finais;94977000.0000000000;S
PETR4;33.000.167/0001-01;2025-12-31;1;PETROLEO BRASILEIRO S.A. PETROBRAS;009512;DF Consolidado - Demonstração das Mutações do Patrimônio Líquido;REAL;MIL;ÚLTIMO;2025-01-01;2025-12-31;Reservas de Lucro;5.07;Saldos Finais;158062000.0000000000;S
PETR4;33.000.167/0001-01;2025-12-31;1;PETROLEO BRASILEIRO S.A. PETROBRAS;009512;DF Consolidado - Demonstração das Mutações do Patrimônio Líquido;REAL;MIL;PENÚLTIMO;2024-01-01;2024-12-31;Lucros ou Prejuízos Acumulados;5.07;Saldos Finais;0.0000000000;S
PETR4;33.000.167/0001-01;2025-12-31;1;PETROLEO BRASILEIRO S.A. PETROBRAS;009512;DF Consolidado - Demonstração das Mutações do Patrimônio Líquido;REAL;MIL;ÚLTIMO;2025-01-01;2025-12-31;Lucros ou Prejuízos Acumulados;5.07;Saldos Finais;0.0000000000;S
PETR4;33.000.167/0001-01;2025-12-31;1;PETROLEO BRASILEIRO S.A. PETROBRAS;009512;DF Consolidado - Demonstração das Mutações do Patrimônio Líquido;REAL;MIL;PENÚLTIMO;2024-01-01;2024-12-31;Outros Resultados Abrangentes;5.07;Saldos Finais;67838000.0000000000;S
PETR4;33.000.167/0001-01;2025-12-31;1;PETROLEO BRASILEIRO S.A. PETROBRAS;009512;DF Consolidado - Demonstração das Mutações do Patrimônio Líquido;REAL;MIL;ÚLTIMO;2025-01-01;2025-12-31;Outros Resultados Abrangentes;5.07;Saldos Finais;48970000.0000000000;S
PETR4;33.000.167/0001-01;2025-12-31;1;PETROLEO BRASILEIRO S.A. PETROBRAS;009512;DF Consolidado - Demonstração das Mutações do Patrimônio Líquido;REAL;MIL;PENÚLTIMO;2024-01-01;2024-12-31;Patrimônio Líquido;5.07;Saldos Finais;366006000.0000000000;S
PETR4;33.000.167/0001-01;2025-12-31;1;PETROLEO BRASILEIRO S.A. PETROBRAS;009512;DF Consolidado - Demonstração das Mutações do Patrimônio Líquido;REAL;MIL;ÚLTIMO;2025-01-01;2025-12-31;Patrimônio Líquido;5.07;Saldos Finais;415786000.0000000000;S
PETR4;33.000.167/0001-01;2025-12-31;1;PETROLEO BRASILEIRO S.A. PETROBRAS;009512;DF Consolidado - Demonstração das Mutações do Patrimônio Líquido;REAL;MIL;PENÚLTIMO;2024-01-01;2024-12-31;Participação dos Não Controladores;5.07;Saldos Finais;1508000.0000000000;S
PETR4;33.000.167/0001-01;2025-12-31;1;PETROLEO BRASILEIRO S.A. PETROBRAS;009512;DF Consolidado - Demonstração das Mutações do Patrimônio Líquido;REAL;MIL;ÚLTIMO;2025-01-01;2025-12-31;Participação dos Não Controladores;5.07;Saldos Finais;1801000.0000000000;S
PETR4;33.000.167/0001-01;2025-12-31;1;PETROLEO BRASILEIRO S.A. PETROBRAS;009512;DF Consolidado - Demonstração das Mutações do Patrimônio Líquido;REAL;MIL;PENÚLTIMO;2024-01-01;2024-12-31;Patrimônio Líquido Consolidado;5.07;Saldos Finais;367514000.0000000000;S
PETR4;33.000.167/0001-01;2025-12-31;1;PETROLEO BRASILEIRO S.A. PETROBRAS;009512;DF Consolidado - Demonstração das Mutações do Patrimônio Líquido;REAL;MIL;ÚLTIMO;2025-01-01;2025-12-31;Patrimônio Líquido Consolidado;5.07;Saldos Finais;417587000.0000000000;S
