data,ticker,abertura,maximo,minimo,fechamento,negocios,qtd_titulos,volume_rs
2021-08-20,ABEV3,16.91,17.6,16.91,17.54,55580,34873200,606827395.0
2021-08-23,ABEV3,17.51,17.58,17.22,17.36,36807,17262100,299660637.0
2021-08-24,ABEV3,17.48,17.67,17.35,17.59,35221,18073900,316857077.0
2021-08-25,ABEV3,17.5,17.62,17.34,17.58,28815,13858600,242574142.0
2021-08-26,ABEV3,17.4,17.46,17.06,17.11,34528,22172500,381575786.0
2021-08-27,ABEV3,17.18,17.18,16.91,17.04,26080,16973500,289179435.0
2021-08-30,ABEV3,16.96,17.23,16.81,17.18,27102,16781900,286592577.0
2021-08-31,ABEV3,17.15,17.17,16.81,17.1,26853,28079100,477779157.0
2021-09-01,ABEV3,17.16,17.38,17.04,17.26,29361,17593400,302970434.0
2021-09-02,ABEV3,17.12,17.12,16.39,16.52,55311,36473800,606531390.0
2021-09-03,ABEV3,16.64,16.76,16.44,16.56,36749,40771400,675474786.0
2021-09-06,ABEV3,16.56,17.19,16.32,17.19,19718,10035900,169741028.0
2021-09-08,ABEV3,16.99,17.01,16.21,16.21,59917,39304600,646807441.0
2021-09-09,ABEV3,16.2,16.5,16.01,16.31,43838,26356800,428103958.0
2021-09-10,ABEV3,16.43,16.63,16.1,16.1,43779,23336500,382037083.0
2021-09-13,ABEV3,16.53,16.6,16.28,16.35,31312,14849500,244052288.0
2021-09-14,ABEV3,16.41,16.67,16.37,16.44,27454,12461100,205695261.0
2021-09-15,ABEV3,16.46,16.49,16.0,16.02,33218,20538700,331070733.0
2021-09-16,ABEV3,16.0,16.45,15.78,16.13,37042,26714500,430760279.0
2021-09-17,ABEV3,16.18,16.18,15.35,15.74,65127,53864700,843804115.0
2021-09-20,ABEV3,15.53,15.86,15.46,15.61,36927,22475300,350158797.0
2021-09-21,ABEV3,15.68,16.0,15.58,15.66,25391,12843400,203049976.0
2021-09-22,ABEV3,15.77,15.9,15.63,15.72,28324,13740400,216606543.0
2021-09-23,ABEV3,15.8,15.98,15.67,15.88,28991,21550900,341191769.0
2021-09-24,ABEV3,15.62,15.91,15.61,15.84,26561,16219600,256064715.0
2021-09-27,ABEV3,15.65,16.0,15.65,15.83,25913,14263100,225390116.0
2021-09-28,ABEV3,15.76,15.87,15.36,15.44,31161,17672700,274136612.0
2021-09-29,ABEV3,15.54,15.78,15.42,15.49,40733,37200600,578983132.0
2021-09-30,ABEV3,15.55,15.57,15.29,15.3,35343,39267900,606080064.0
2021-10-01,ABEV3,15.41,15.46,15.05,15.27,38455,24130000,367158026.0
2021-10-04,ABEV3,15.08,15.23,14.81,15.04,28372,29169100,438570258.0
2021-10-05,ABEV3,15.07,15.33,14.88,15.18,37700,22871800,345944792.0
2021-10-06,ABEV3,15.05,15.39,15.02,15.1,32520,36830600,557654789.0
2021-10-07,ABEV3,15.13,15.2,15.01,15.08,45828,19716000,298020654.0
2021-10-08,ABEV3,15.17,15.58,15.15,15.36,31819,23980500,369315791.0
2021-10-11,ABEV3,15.31,15.57,15.15,15.24,24765,20540600,313827164.0
2021-10-13,ABEV3,15.2,15.68,15.2,15.51,39024,22276300,346187837.0
2021-10-14,ABEV3,15.54,15.6,15.38,15.49,20629,11517700,178340892.0
2021-10-15,ABEV3,15.51,15.63,15.36,15.53,26795,19521400,303141180.0
2021-10-18,ABEV3,15.4,15.72,15.3,15.62,29469,16887800,262807297.0
2021-10-19,ABEV3,15.25,15.55,15.07,15.14,36004,21370000,325456089.0
2021-10-20,ABEV3,15.3,15.58,15.21,15.35,36529,19273600,297004117.0
2021-10-21,ABEV3,15.0,15.28,14.85,15.14,37019,23499300,354117448.0
2021-10-22,ABEV3,14.83,15.23,14.54,15.0,61247,29599100,440364775.0
2021-10-25,ABEV3,15.01,15.44,15.0,15.27,36242,19933100,304696423.0
2021-10-26,ABEV3,15.15,15.32,15.05,15.16,41286,20648000,313814919.0
2021-10-27,ABEV3,15.31,15.71,15.22,15.22,35797,26056100,402221245.0
2021-10-28,ABEV3,16.41,16.87,16.17,16.7,89925,91395500,1511472111.0
2021-10-29,ABEV3,16.73,17.22,16.7,16.99,72539,44577500,759597878.0
2021-11-01,ABEV3,17.13,17.54,16.97,17.36,52182,39314900,680696681.0
2021-11-03,ABEV3,17.2,18.1,17.2,17.83,58360,42222400,751460782.0
2021-11-04,ABEV3,17.82,17.98,17.65,17.88,34904,19997300,355994500.0
2021-11-05,ABEV3,17.98,18.12,17.83,17.9,33709,19208500,344597652.0
2021-11-08,ABEV3,17.82,18.03,17.67,17.74,31948,16697000,297562011.0
2021-11-09,ABEV3,17.7,18.09,17.7,17.89,33899,23812900,426411547.0
2021-11-10,ABEV3,17.83,18.07,17.69,17.75,33033,20848100,372173509.0
2021-11-11,ABEV3,17.93,17.94,17.6,17.61,40861,24597200,436704370.0
2021-11-12,ABEV3,17.6,17.92,17.35,17.51,35824,39208600,687825415.0
2021-11-16,ABEV3,17.62,17.69,17.44,17.51,46320,21469300,376926778.0
2021-11-17,ABEV3,17.65,17.66,17.33,17.54,34743,18502600,323538492.0
2021-11-18,ABEV3,17.47,17.74,17.43,17.6,29698,17200900,302079254.0
2021-11-19,ABEV3,17.55,17.72,17.36,17.39,32217,22010000,384761311.0
2021-11-22,ABEV3,17.45,17.6,17.26,17.32,30060,26964000,468715424.0
2021-11-23,ABEV3,17.32,17.45,17.09,17.2,43442,29394600,505883709.0
2021-11-24,ABEV3,17.06,17.3,16.98,17.1,35627,18485100,316612468.0
2021-11-25,ABEV3,17.09,17.32,17.0,17.23,35464,12150300,209223095.0
2021-11-26,ABEV3,16.9,17.07,16.58,16.69,38681,21060500,352511691.0
2021-11-29,ABEV3,16.77,16.88,16.25,16.34,56616,25888500,425413999.0
2021-11-30,ABEV3,16.34,16.35,15.97,16.06,53343,54414600,876157115.0
2021-12-01,ABEV3,16.09,16.2,15.64,15.86,63980,35109400,556753019.0
2021-12-02,ABEV3,15.99,16.18,15.73,16.01,50547,33321600,531305942.0
2021-12-03,ABEV3,16.01,16.21,15.83,16.0,48850,26061600,417791299.0
2021-12-06,ABEV3,16.04,16.34,15.95,16.08,36769,16844300,272231337.0
2021-12-07,ABEV3,16.19,16.34,16.05,16.1,39328,27590900,445406479.0
2021-12-08,ABEV3,16.12,16.34,15.92,16.08,53772,23395200,376375836.0
2021-12-09,ABEV3,16.1,16.11,15.69,15.81,36758,19725400,311645090.0
2021-12-10,ABEV3,16.25,16.28,15.87,15.95,33022,15656500,250660022.0
2021-12-13,ABEV3,16.05,16.18,15.9,16.01,29425,29400400,472018040.0
2021-12-14,ABEV3,16.02,16.45,16.02,16.17,30364,36628700,595794047.0
2021-12-15,ABEV3,16.26,16.26,15.94,16.08,36653,21743100,349299345.0
2021-12-16,ABEV3,16.19,16.29,16.02,16.1,28298,21380800,345106164.0
2021-12-17,ABEV3,16.01,16.25,16.01,16.07,29004,32774400,528247155.0
2021-12-20,ABEV3,15.5,15.55,15.24,15.42,27414,17585900,270849220.0
2021-12-21,ABEV3,15.45,15.55,15.32,15.4,21322,18636200,288098452.0
2021-12-22,ABEV3,15.41,15.51,15.25,15.39,19487,11675500,179397733.0
2021-12-23,ABEV3,15.4,15.67,15.34,15.55,19200,10634700,165536479.0
2021-12-27,ABEV3,15.55,15.65,15.48,15.53,13250,8437200,131278867.0
2021-12-28,ABEV3,15.54,15.57,15.4,15.52,15670,7701300,119342789.0
2021-12-29,ABEV3,15.55,15.56,15.34,15.45,17036,8847300,136444079.0
2021-12-30,ABEV3,15.58,15.59,15.39,15.42,18882,11819300,182602739.0
2022-01-03,ABEV3,15.42,15.54,15.15,15.33,43784,23833600,364540988.0
2022-01-04,ABEV3,15.32,15.4,15.04,15.31,35305,16357700,249978415.0
2022-01-05,ABEV3,15.25,15.29,14.96,15.01,43236,24652000,371247430.0
2022-01-06,ABEV3,15.04,15.06,14.66,14.77,42896,20406300,302631085.0
2022-01-07,ABEV3,14.8,14.8,14.45,14.53,39574,19673600,287207627.0
2022-01-10,ABEV3,14.44,14.73,14.35,14.65,28695,16375000,238532802.0
2022-01-11,ABEV3,14.61,14.73,14.45,14.68,41268,20485500,299452303.0
2022-01-12,ABEV3,14.64,15.03,14.56,14.88,49331,31912000,475199684.0
2022-01-13,ABEV3,14.87,15.05,14.76,14.99,20837,20755600,309982858.0
2022-01-14,ABEV3,14.98,15.21,14.9,15.1,19373,14544400,219228582.0
2022-01-17,ABEV3,15.04,15.17,14.79,14.8,24860,21167400,315528150.0
2022-01-18,ABEV3,14.74,14.74,14.39,14.58,38556,24913300,361613945.0
2022-01-19,ABEV3,14.65,14.68,14.39,14.54,44869,31621600,458472976.0
2022-01-20,ABEV3,14.62,14.63,14.43,14.49,31862,30618200,444970286.0
2022-01-21,ABEV3,14.45,14.92,14.41,14.69,32201,28616600,420764808.0
2022-01-24,ABEV3,14.79,15.05,14.61,14.7,40125,29992000,442433952.0
2022-01-25,ABEV3,14.64,15.09,14.61,15.07,30812,22283700,332389333.0
2022-01-26,ABEV3,15.19,15.3,14.88,15.0,58538,24257200,366559820.0
2022-01-27,ABEV3,15.06,15.49,14.93,15.4,37691,24801400,379293365.0
2022-01-28,ABEV3,15.24,15.32,14.86,14.93,48064,23251700,348430661.0
2022-01-31,ABEV3,14.9,15.12,14.77,14.97,25083,21318000,319525831.0
2022-02-01,ABEV3,14.94,15.13,14.79,14.85,27062,14112500,210253849.0
2022-02-02,ABEV3,14.85,14.94,14.45,14.52,29954,17975400,262521453.0
2022-02-03,ABEV3,14.54,14.62,14.42,14.46,32043,13206600,191324188.0
2022-02-04,ABEV3,14.42,14.54,14.17,14.41,26483,18251100,262913663.0
2022-02-07,ABEV3,14.43,14.51,14.27,14.29,31129,21182100,303918862.0
2022-02-08,ABEV3,14.26,14.33,14.11,14.16,25259,20758500,294638841.0
2022-02-09,ABEV3,14.15,14.62,14.15,14.54,42555,45857600,662227485.0
2022-02-10,ABEV3,14.57,14.82,14.41,14.75,42161,31338100,459446840.0
2022-02-11,ABEV3,14.82,15.1,14.75,14.86,41615,30852600,461153604.0
2022-02-14,ABEV3,14.98,15.09,14.83,15.06,27772,33362000,500377833.0
2022-02-15,ABEV3,15.11,15.7,15.11,15.38,43573,50177400,777434422.0
2022-02-16,ABEV3,15.45,15.48,14.96,15.08,37921,25057100,378550928.0
2022-02-17,ABEV3,15.09,15.11,14.71,14.85,36088,19881500,295377289.0
2022-02-18,ABEV3,14.97,14.99,14.74,14.77,16184,11741300,173899621.0
2022-02-21,ABEV3,14.83,14.85,14.45,14.45,21915,12423900,181849180.0
2022-02-22,ABEV3,14.44,14.82,14.44,14.71,36238,24539400,360830214.0
2022-02-23,ABEV3,14.62,15.26,14.59,14.81,37754,30107000,450970622.0
2022-02-24,ABEV3,14.24,14.84,13.8,14.84,61197,59579000,858919110.0
2022-02-25,ABEV3,14.68,15.33,14.68,15.2,58685,42942500,649544279.0
2022-03-02,ABEV3,14.69,14.98,14.42,14.52,48616,33189500,486361970.0
2022-03-03,ABEV3,14.51,14.51,14.05,14.18,49744,42098400,598255337.0
2022-03-04,ABEV3,14.21,14.24,13.82,13.93,39544,26285200,366433194.0
2022-03-07,ABEV3,13.79,13.79,13.22,13.43,62816,49545300,669404328.0
2022-03-08,ABEV3,13.4,13.73,13.28,13.44,55560,35552000,479241303.0
2022-03-09,ABEV3,13.6,14.0,13.58,13.93,57088,26552200,367904797.0
2022-03-10,ABEV3,13.77,13.79,13.24,13.38,44552,37910700,508313401.0
2022-03-11,ABEV3,13.5,13.56,13.06,13.18,30114,23133200,307695151.0
2022-03-14,ABEV3,13.22,13.46,13.16,13.32,32121,24625600,327616828.0
2022-03-15,ABEV3,13.35,13.67,13.35,13.47,58230,26412400,357119146.0
2022-03-16,ABEV3,13.5,13.85,13.41,13.78,48911,24980000,342449340.0
2022-03-17,ABEV3,13.81,14.02,13.69,13.93,38561,28381300,394383318.0
2022-03-18,ABEV3,13.85,14.25,13.8,14.25,24169,44708300,634170096.0
2022-03-21,ABEV3,14.06,14.36,14.06,14.18,22804,15295600,217597721.0
2022-03-22,ABEV3,14.32,14.5,14.21,14.38,44679,20799800,298983550.0
2022-03-23,ABEV3,14.31,14.38,14.07,14.19,31037,20051100,284331007.0
2022-03-24,ABEV3,14.2,14.36,14.06,14.2,44729,26157200,370983283.0
2022-03-25,ABEV3,14.28,14.35,13.95,14.32,28300,33591300,474843194.0
2022-03-28,ABEV3,14.43,14.75,14.38,14.74,22925,19531800,285137690.0
2022-03-29,ABEV3,14.95,15.4,14.87,15.25,50761,38100100,577620417.0
2022-03-30,ABEV3,15.26,15.3,15.02,15.17,30886,17703300,267862608.0
2022-03-31,ABEV3,15.23,15.58,15.13,15.4,25740,23786300,366110538.0
2022-04-01,ABEV3,15.59,15.67,15.13,15.39,48573,31411400,482095312.0
2022-04-04,ABEV3,15.39,15.45,15.08,15.19,23478,21788200,330972864.0
2022-04-05,ABEV3,15.15,15.28,15.06,15.07,21200,11607000,175913485.0
2022-04-06,ABEV3,15.03,15.09,14.81,14.95,30340,15442400,230720048.0
2022-04-07,ABEV3,14.93,15.14,14.82,15.06,26317,21276300,320012593.0
2022-04-08,ABEV3,14.94,15.13,14.74,14.93,31454,22202000,331245018.0
2022-04-11,ABEV3,14.82,15.44,14.74,15.2,32548,27193900,414561300.0
2022-04-12,ABEV3,15.41,15.54,14.98,15.05,27354,24636500,373715027.0
2022-04-13,ABEV3,15.01,15.12,14.55,14.83,39654,33771300,498998496.0
2022-04-14,ABEV3,14.84,14.91,14.46,14.7,26813,28820100,420931633.0
2022-04-18,ABEV3,14.62,14.8,14.6,14.71,20665,14601500,214491670.0
2022-04-19,ABEV3,14.56,14.76,14.41,14.65,32021,25953600,379770564.0
2022-04-20,ABEV3,14.7,15.02,14.56,14.73,21527,16174800,239684519.0
2022-04-22,ABEV3,14.55,14.98,14.55,14.75,44890,34086700,503326787.0
2022-04-25,ABEV3,14.76,15.19,14.63,15.12,45174,34312300,516254891.0
2022-04-26,ABEV3,15.04,15.15,14.74,14.75,38080,23589700,350934521.0
2022-04-27,ABEV3,14.89,14.91,14.64,14.68,20559,19261700,284291119.0
2022-04-28,ABEV3,14.71,14.87,14.62,14.71,23950,24849700,366289723.0
2022-04-29,ABEV3,14.85,15.0,14.52,14.52,23420,26145100,384931858.0
2022-05-02,ABEV3,14.58,14.71,14.32,14.47,25121,22755000,328796293.0
2022-05-03,ABEV3,14.45,14.7,14.16,14.24,37869,21493900,308179995.0
2022-05-04,ABEV3,14.12,14.42,14.01,14.34,34458,23653200,335841584.0
2022-05-05,ABEV3,14.33,14.33,13.62,13.73,44188,41147400,571187183.0
2022-05-06,ABEV3,13.73,13.83,13.53,13.53,29374,21978900,299963173.0
2022-05-09,ABEV3,13.4,13.85,13.37,13.69,31839,26091800,357043119.0
2022-05-10,ABEV3,13.81,14.03,13.72,13.73,19115,16310700,225182142.0
2022-05-11,ABEV3,13.72,14.16,13.64,13.95,32418,29961100,417869230.0
2022-05-12,ABEV3,13.86,14.5,13.79,14.48,30138,27076500,387869707.0
2022-05-13,ABEV3,14.55,14.67,14.45,14.54,29016,13385100,194865062.0
2022-05-16,ABEV3,14.53,14.85,14.41,14.69,31584,16896700,248557051.0
2022-05-17,ABEV3,14.84,14.89,14.67,14.73,23021,13671500,201911530.0
2022-05-18,ABEV3,14.72,14.82,14.18,14.22,50558,29516600,425796280.0
2022-05-19,ABEV3,14.25,14.31,13.96,14.14,22165,19551600,275956173.0
2022-05-20,ABEV3,14.25,14.29,13.83,14.02,28195,24557200,343224971.0
2022-05-23,ABEV3,14.14,14.14,13.85,14.08,55611,21490000,301288096.0
2022-05-24,ABEV3,14.0,14.19,13.85,14.13,39431,21853400,306712539.0
2022-05-25,ABEV3,14.12,14.13,13.91,14.04,21048,15767900,221131058.0
2022-05-26,ABEV3,14.04,14.28,13.98,14.21,26655,17300400,244895754.0
2022-05-27,ABEV3,14.18,14.37,14.04,14.21,23347,14260900,202967252.0
2022-05-30,ABEV3,14.3,14.38,14.01,14.09,12323,7925000,112121016.0
2022-05-31,ABEV3,14.17,14.27,14.06,14.19,22247,28066600,397829855.0
2022-06-01,ABEV3,14.14,14.24,14.05,14.12,24842,15219000,215389064.0
2022-06-02,ABEV3,14.29,14.3,13.88,14.12,19838,14894700,209735482.0
2022-06-03,ABEV3,14.1,14.32,14.04,14.08,26386,20761400,294475776.0
2022-06-06,ABEV3,14.12,14.2,13.96,14.05,11221,13085700,183703290.0
2022-06-07,ABEV3,13.92,13.97,13.61,13.73,27358,23888200,328431197.0
2022-06-08,ABEV3,13.63,13.93,13.54,13.76,17764,13145200,181656923.0
2022-06-09,ABEV3,13.73,13.83,13.57,13.61,20874,18417700,252070343.0
2022-06-10,ABEV3,13.55,13.67,13.27,13.59,29457,29186500,394312722.0
2022-06-13,ABEV3,13.44,13.56,13.19,13.33,25512,23595500,314234982.0
2022-06-14,ABEV3,13.33,13.37,12.99,13.15,50944,17505300,229313962.0
2022-06-15,ABEV3,13.35,13.35,13.01,13.06,41266,28421400,372898644.0
2022-06-17,ABEV3,12.88,13.13,12.81,13.03,33002,38950600,506162778.0
2022-06-20,ABEV3,12.99,13.25,12.88,13.05,16920,13366700,175250389.0
2022-06-21,ABEV3,13.08,13.31,12.94,13.17,34091,19966600,262011180.0
2022-06-22,ABEV3,13.18,13.39,13.06,13.3,22311,16963200,225148460.0
2022-06-23,ABEV3,13.35,13.38,13.25,13.33,21386,17466700,232581864.0
2022-06-24,ABEV3,13.4,13.77,13.33,13.67,31843,25329300,345816689.0
2022-06-27,ABEV3,13.73,13.85,13.64,13.72,28737,16111400,221194119.0
2022-06-28,ABEV3,13.71,13.81,13.38,13.52,37563,24086500,326334618.0
2022-06-29,ABEV3,13.5,13.7,13.35,13.61,28714,27461600,371868722.0
2022-06-30,ABEV3,13.37,13.54,13.35,13.4,56039,22872000,306950014.0
2022-07-01,ABEV3,13.35,13.8,13.3,13.76,30852,17714200,242169055.0
2022-07-04,ABEV3,13.72,13.81,13.61,13.68,12352,7157000,98009895.0
2022-07-05,ABEV3,13.62,14.14,13.52,14.09,34612,26056900,364200677.0
2022-07-06,ABEV3,14.06,14.39,14.02,14.23,39566,21918400,312303995.0
2022-07-07,ABEV3,14.35,14.38,14.0,14.23,33860,19019700,270203630.0
2022-07-08,ABEV3,14.24,14.36,14.12,14.31,20513,13974800,199435731.0
2022-07-11,ABEV3,14.21,14.34,14.03,14.1,22600,11484300,162402951.0
2022-07-12,ABEV3,14.11,14.11,13.53,13.79,43312,50374400,692561968.0
2022-07-13,ABEV3,13.8,14.67,13.8,14.57,65046,53045500,768552426.0
2022-07-14,ABEV3,14.38,14.96,14.37,14.84,48672,42313700,622810212.0
2022-07-15,ABEV3,14.81,14.88,14.57,14.59,19550,25341500,371391098.0
2022-07-18,ABEV3,14.6,14.72,14.41,14.49,21943,16582000,241225040.0
2022-07-19,ABEV3,14.49,14.76,14.42,14.48,24903,21362100,311196896.0
2022-07-20,ABEV3,14.41,14.56,14.11,14.3,57523,48699500,695789257.0
2022-07-21,ABEV3,14.24,14.59,14.18,14.56,27576,25407300,367776963.0
2022-07-22,ABEV3,14.54,14.62,14.36,14.51,22161,22205400,321726371.0
2022-07-25,ABEV3,14.53,14.78,14.45,14.68,20723,14348000,210650873.0
2022-07-26,ABEV3,14.69,14.88,14.55,14.82,25756,27532200,406424919.0
2022-07-27,ABEV3,14.85,15.1,14.65,14.98,25103,37333600,554735643.0
2022-07-28,ABEV3,15.44,15.8,14.73,15.1,52750,70122600,1050919862.0
2022-07-29,ABEV3,15.13,15.23,14.83,14.93,35731,40541400,610983756.0
2022-08-01,ABEV3,14.86,14.89,14.43,14.63,37681,34565900,505311949.0
2022-08-02,ABEV3,14.56,14.79,14.51,14.71,15500,12515800,183710551.0
2022-08-03,ABEV3,14.73,14.82,14.4,14.63,21128,19576600,284886733.0
2022-08-04,ABEV3,14.75,14.8,14.4,14.68,34407,22962500,334546714.0
2022-08-05,ABEV3,14.73,14.94,14.57,14.6,28549,20809900,305873580.0
2022-08-08,ABEV3,14.68,14.82,14.51,14.8,22514,16864800,248234675.0
2022-08-09,ABEV3,14.84,14.87,14.62,14.74,25507,13704000,201759274.0
2022-08-10,ABEV3,14.95,15.19,14.75,15.16,42129,19048300,286529374.0
2022-08-11,ABEV3,15.31,15.31,15.06,15.13,17553,11619800,176026038.0
2022-08-12,ABEV3,15.26,15.36,15.08,15.21,16482,17954400,272749732.0
2022-08-15,ABEV3,15.13,15.5,15.06,15.42,34261,21276600,326407943.0
2022-08-16,ABEV3,15.44,15.61,15.33,15.5,22529,16447100,254557794.0
2022-08-17,ABEV3,15.46,15.63,15.35,15.55,61985,27664000,429245639.0
2022-08-18,ABEV3,15.66,16.02,15.59,16.0,45447,34709400,550980045.0
2022-08-19,ABEV3,15.89,16.22,15.54,15.66,50273,38987700,615765230.0
2022-08-22,ABEV3,15.71,15.77,15.34,15.42,27353,18162300,280623698.0
2022-08-23,ABEV3,15.35,15.52,15.29,15.44,23330,14311100,220844706.0
2022-08-24,ABEV3,15.44,15.89,15.43,15.8,29784,18054400,284754121.0
2022-08-25,ABEV3,15.95,16.08,15.75,15.82,25308,10482600,166083138.0
2022-08-26,ABEV3,15.89,15.9,15.61,15.67,21434,12927600,203012443.0
2022-08-29,ABEV3,15.65,15.69,15.51,15.61,19877,9512400,148563598.0
2022-08-30,ABEV3,15.7,15.73,15.26,15.39,19765,15374700,237335698.0
2022-08-31,ABEV3,15.42,15.62,15.27,15.27,25581,22741700,349093991.0
2022-09-01,ABEV3,15.36,15.7,15.09,15.43,47420,33540800,513686243.0
2022-09-02,ABEV3,15.47,15.74,15.35,15.48,20406,22400800,347723050.0
2022-09-05,ABEV3,15.6,15.61,15.44,15.55,13433,9796000,152150804.0
2022-09-06,ABEV3,15.44,15.66,15.39,15.56,29044,20160400,313262023.0
2022-09-08,ABEV3,15.6,15.74,15.35,15.5,42664,22311100,346162471.0
2022-09-09,ABEV3,15.5,15.76,15.48,15.72,19425,13422600,210310433.0
2022-09-12,ABEV3,15.79,15.8,15.58,15.71,30562,18048600,283121567.0
2022-09-13,ABEV3,15.6,15.88,15.49,15.59,43878,27453000,430044064.0
2022-09-14,ABEV3,15.59,15.59,15.27,15.38,25101,17680200,272237736.0
2022-09-15,ABEV3,15.38,15.44,15.24,15.3,22263,13293700,203602889.0
2022-09-16,ABEV3,15.24,15.4,15.14,15.27,37655,47764700,729305743.0
2022-09-19,ABEV3,15.3,15.53,15.18,15.47,21081,14253700,219800023.0
2022-09-20,ABEV3,15.48,15.76,15.32,15.76,42979,43727000,680917836.0
2022-09-21,ABEV3,15.77,15.87,15.47,15.55,35121,24983700,389233837.0
2022-09-22,ABEV3,15.71,15.72,15.4,15.67,41141,32533500,505639608.0
2022-09-23,ABEV3,15.4,15.48,15.17,15.37,34816,39045900,598903006.0
2022-09-26,ABEV3,15.36,15.49,15.17,15.27,35039,25475400,389534120.0
2022-09-27,ABEV3,15.39,15.6,15.25,15.44,38050,34504900,532886120.0
2022-09-28,ABEV3,15.42,15.8,15.38,15.72,47975,30344400,474769316.0
2022-09-29,ABEV3,15.59,15.76,15.47,15.61,47694,40055300,625755077.0
2022-09-30,ABEV3,15.6,15.69,15.45,15.54,40180,28170400,438253002.0
2022-10-03,ABEV3,15.8,16.32,15.53,16.3,60327,37122200,595319252.0
2022-10-04,ABEV3,16.5,16.5,16.09,16.24,39482,21559300,350043819.0
2022-10-05,ABEV3,16.31,16.33,15.95,16.12,50747,38105500,612602198.0
2022-10-06,ABEV3,16.25,16.26,15.98,16.03,44831,28042900,451746591.0
2022-10-07,ABEV3,15.96,16.04,15.3,15.42,49496,40213400,622504263.0
2022-10-10,ABEV3,15.46,15.47,15.06,15.2,33289,29475700,448633086.0
2022-10-11,ABEV3,15.18,15.27,14.94,14.99,34847,30204200,454996124.0
2022-10-13,ABEV3,14.82,15.16,14.7,15.01,33855,25868700,387823019.0
2022-10-14,ABEV3,15.02,15.12,14.79,14.83,20664,16971400,253208059.0
2022-10-17,ABEV3,14.92,15.06,14.77,14.92,14585,11542800,172367389.0
2022-10-18,ABEV3,15.06,15.13,14.82,14.9,29456,24386300,364302335.0
2022-10-19,ABEV3,14.93,15.04,14.78,14.89,30924,31016000,461517939.0
2022-10-20,ABEV3,14.96,15.11,14.9,15.04,31428,25176800,377980402.0
2022-10-21,ABEV3,14.99,15.35,14.95,15.31,46968,36933200,560483081.0
2022-10-24,ABEV3,15.16,15.34,15.02,15.18,24328,19032100,288398602.0
2022-10-25,ABEV3,15.18,15.2,14.83,14.91,32422,26198600,391675652.0
2022-10-26,ABEV3,14.8,15.15,14.6,15.1,45195,33679000,504396504.0
2022-10-27,ABEV3,15.25,15.76,15.21,15.56,85328,51627700,802485018.0
2022-10-28,ABEV3,15.56,15.77,15.48,15.77,29212,29961700,469761841.0
2022-10-31,ABEV3,15.77,16.02,15.7,16.0,39808,26748700,425517064.0
2022-11-01,ABEV3,16.03,16.14,15.77,15.79,45634,28453200,451071019.0
2022-11-03,ABEV3,15.51,16.04,15.46,16.02,28488,26575500,420396319.0
2022-11-04,ABEV3,16.17,16.56,16.04,16.45,46097,30212300,493976825.0
2022-11-07,ABEV3,16.33,16.62,16.31,16.36,34808,32125700,527107330.0
2022-11-08,ABEV3,16.26,16.78,16.19,16.74,41388,31603000,525207742.0
2022-11-09,ABEV3,16.61,16.88,16.42,16.48,41671,27623800,457970830.0
2022-11-10,ABEV3,16.16,16.48,15.87,15.99,61169,56534200,908529792.0
2022-11-11,ABEV3,15.76,16.2,15.66,16.09,42018,30034900,479998673.0
2022-11-14,ABEV3,16.33,16.38,15.78,15.95,28698,20762300,332245719.0
2022-11-16,ABEV3,15.94,15.99,15.37,15.44,71786,42516500,661878519.0
2022-11-17,ABEV3,15.3,15.53,15.0,15.4,43420,35475900,544409644.0
2022-11-18,ABEV3,15.56,15.84,15.42,15.62,44240,40152500,628413562.0
2022-11-21,ABEV3,15.78,15.8,15.52,15.67,31774,15656100,245180768.0
2022-11-22,ABEV3,15.7,15.88,15.5,15.66,45377,31512300,493781628.0
2022-11-23,ABEV3,15.65,15.85,15.55,15.72,35864,26642400,419002347.0
2022-11-24,ABEV3,15.89,16.21,15.75,16.04,20529,14019000,225065069.0
2022-11-25,ABEV3,16.03,16.07,15.69,15.77,28119,16221100,256958403.0
2022-11-28,ABEV3,15.8,16.0,15.72,15.91,27832,15172700,241563842.0
2022-11-29,ABEV3,15.91,16.05,15.69,15.76,29350,23998200,380794595.0
2022-11-30,ABEV3,15.76,16.0,15.66,15.92,51204,32952700,522706612.0
2022-12-01,ABEV3,15.92,16.16,15.88,16.08,36373,28272700,453276030.0
2022-12-02,ABEV3,16.15,16.55,15.95,16.33,58537,42011000,687887825.0
2022-12-05,ABEV3,16.03,16.2,15.97,16.02,36039,22919200,368154889.0
2022-12-06,ABEV3,16.2,16.2,15.92,16.05,24096,20081600,322218954.0
2022-12-07,ABEV3,16.13,16.14,15.87,16.0,39920,26792000,428312041.0
2022-12-08,ABEV3,15.95,15.96,15.61,15.7,86606,34785200,546817343.0
2022-12-09,ABEV3,15.78,15.8,15.51,15.51,26363,25402800,396506981.0
2022-12-12,ABEV3,15.48,15.48,15.08,15.24,36407,31800600,484168932.0
2022-12-13,ABEV3,15.29,15.59,15.14,15.28,59883,62286000,959384640.0
2022-12-14,ABEV3,15.19,15.22,14.72,15.13,74036,74145500,1111764647.0
2022-12-15,ABEV3,15.01,15.22,14.9,15.0,34925,36105800,543207529.0
2022-12-16,ABEV3,14.99,15.14,14.79,14.85,49489,44559500,663276365.0
2022-12-19,ABEV3,14.98,15.47,14.92,15.23,38205,43156700,658892478.0
2022-12-20,ABEV3,14.41,14.68,14.25,14.52,32898,23944700,348721814.0
2022-12-21,ABEV3,14.57,14.71,14.31,14.35,65270,40218600,579325137.0
2022-12-22,ABEV3,14.39,14.54,14.28,14.42,28360,24158300,347439881.0
2022-12-23,ABEV3,14.5,14.76,14.46,14.62,17318,30772700,450324054.0
2022-12-26,ABEV3,14.57,14.64,14.45,14.52,9803,4149300,60291854.0
2022-12-27,ABEV3,14.6,14.66,14.42,14.52,21703,13135400,190847247.0
2022-12-28,ABEV3,14.6,14.73,14.52,14.55,23874,15002000,219019769.0
2022-12-29,ABEV3,14.67,14.67,14.43,14.52,24502,22326300,324260407.0
2023-01-02,ABEV3,14.4,14.45,14.02,14.19,36426,14995900,212856851.0
2023-01-03,ABEV3,14.16,14.39,14.11,14.17,46596,36363800,518560034.0
2023-01-04,ABEV3,14.28,14.47,14.08,14.25,35267,23791800,340356296.0
2023-01-05,ABEV3,14.27,14.41,14.14,14.29,58194,31031500,442535690.0
2023-01-06,ABEV3,14.3,14.36,14.16,14.32,24836,20889800,298298670.0
2023-01-09,ABEV3,14.29,14.47,14.27,14.4,36578,24448600,351950519.0
2023-01-10,ABEV3,14.26,14.6,14.25,14.54,27700,35535000,513070828.0
2023-01-11,ABEV3,14.51,14.79,13.95,14.29,60164,74419600,1056451305.0
2023-01-12,ABEV3,13.8,14.17,13.66,14.1,57352,69959500,977814406.0
2023-01-13,ABEV3,14.0,14.05,13.77,13.88,38305,44291300,615547789.0
2023-01-16,ABEV3,13.72,13.74,13.18,13.2,62131,58837000,786323445.0
2023-01-17,ABEV3,13.3,13.95,13.2,13.86,11677,68143400,938793178.0
2023-01-18,ABEV3,13.93,14.06,13.73,13.78,37906,32154400,446086014.0
2023-01-19,ABEV3,13.67,13.85,13.55,13.64,51762,51799200,707954153.0
2023-01-20,ABEV3,13.55,13.64,13.37,13.53,45775,33626000,454545035.0
2023-01-23,ABEV3,13.56,13.68,13.36,13.42,66812,29938500,402821879.0
2023-01-24,ABEV3,13.42,13.61,13.34,13.61,23283,17822600,240615368.0
2023-01-25,ABEV3,13.55,13.74,13.47,13.71,41502,22021000,300338311.0
2023-01-26,ABEV3,13.7,13.85,13.53,13.74,20507,22793400,312228258.0
2023-01-27,ABEV3,13.75,13.75,13.59,13.65,22377,23904300,326426881.0
2023-01-30,ABEV3,13.69,13.7,13.44,13.53,61493,32850700,444908811.0
2023-01-31,ABEV3,13.62,13.74,13.5,13.66,33338,35608800,485072942.0
2023-02-01,ABEV3,13.64,13.73,12.85,13.18,78084,136662100,1796020535.0
2023-02-02,ABEV3,13.06,13.53,13.0,13.11,42760,49730600,656681425.0
2023-02-03,ABEV3,13.07,13.22,12.91,12.98,35167,40568400,528363352.0
2023-02-06,ABEV3,13.04,13.2,12.95,13.02,28761,25649000,334739739.0
2023-02-07,ABEV3,13.02,13.08,12.89,12.96,23746,22344400,289870459.0
2023-02-08,ABEV3,13.04,13.24,12.93,13.19,27042,24324300,319620856.0
2023-02-09,ABEV3,13.15,13.23,12.95,13.02,20489,17206200,224143274.0
2023-02-10,ABEV3,12.98,12.99,12.6,12.86,51746,49142000,629147946.0
2023-02-13,ABEV3,12.86,13.17,12.85,13.13,26500,16722700,218764483.0
2023-02-14,ABEV3,13.15,13.36,12.99,13.0,27885,29701200,389518247.0
2023-02-15,ABEV3,12.99,13.37,12.93,13.23,26403,35211800,465417203.0
2023-02-16,ABEV3,13.25,13.3,12.96,13.08,30582,34528900,450751555.0
2023-02-17,ABEV3,13.04,13.25,13.01,13.2,25844,13404000,176850283.0
2023-02-22,ABEV3,13.05,13.31,13.05,13.21,33847,29184000,384987375.0
2023-02-23,ABEV3,13.21,13.4,13.12,13.25,30736,24914000,330172358.0
2023-02-24,ABEV3,13.22,13.4,13.08,13.32,26786,26791100,354895677.0
2023-02-27,ABEV3,13.38,13.46,13.26,13.4,25245,30248900,405028152.0
2023-02-28,ABEV3,13.43,13.59,13.34,13.39,27727,39333900,529038272.0
2023-03-01,ABEV3,13.42,13.63,13.26,13.47,39457,28582000,383658325.0
2023-03-02,ABEV3,13.47,13.54,13.07,13.13,54082,47796400,630134879.0
2023-03-03,ABEV3,13.12,13.22,12.99,13.11,34400,22570600,295610672.0
2023-03-06,ABEV3,13.18,13.58,13.13,13.5,28512,29101800,391793370.0
2023-03-07,ABEV3,13.47,13.62,13.3,13.43,17398,23803700,318860868.0
2023-03-08,ABEV3,13.4,13.64,13.35,13.62,20620,24867300,337075786.0
2023-03-09,ABEV3,13.56,13.78,13.56,13.6,20423,19988600,273101629.0
2023-03-10,ABEV3,13.52,13.7,13.46,13.51,30405,25089300,340364990.0
2023-03-13,ABEV3,13.5,13.73,13.47,13.61,16039,15168800,206457648.0
2023-03-14,ABEV3,13.61,14.08,13.59,13.95,43517,52093500,727650685.0
2023-03-15,ABEV3,13.8,14.1,13.75,14.02,42269,36367400,509307406.0
2023-03-16,ABEV3,14.0,14.41,14.0,14.26,30049,29043700,414204985.0
2023-03-17,ABEV3,14.2,14.4,14.09,14.22,35973,52021500,741230248.0
2023-03-20,ABEV3,14.2,14.27,14.05,14.12,27552,33729400,476560105.0
2023-03-21,ABEV3,14.14,14.18,13.9,13.95,21206,16500900,230904166.0
2023-03-22,ABEV3,13.91,14.09,13.89,13.95,25566,16107100,225377384.0
2023-03-23,ABEV3,14.01,14.15,13.67,13.78,22763,26202600,362705818.0
2023-03-24,ABEV3,13.84,14.02,13.75,13.89,27310,27154200,377626434.0
2023-03-27,ABEV3,14.0,14.11,13.88,13.93,16593,15709700,219527710.0
2023-03-28,ABEV3,13.95,15.03,13.9,14.59,75865,121741000,1775454969.0
2023-03-29,ABEV3,14.66,14.92,14.49,14.81,49857,40734700,601404074.0
2023-03-30,ABEV3,15.0,15.05,14.75,14.82,36186,24247000,359977890.0
2023-03-31,ABEV3,14.87,14.92,14.19,14.33,57916,68236900,981523952.0
2023-04-03,ABEV3,14.23,14.35,14.04,14.33,35200,24136100,343582742.0
2023-04-04,ABEV3,14.41,14.62,14.23,14.43,25631,25925800,374279825.0
2023-04-05,ABEV3,14.51,14.63,14.21,14.4,19474,20359100,292964067.0
2023-04-06,ABEV3,14.24,14.61,14.24,14.43,28404,39044600,563431002.0
2023-04-10,ABEV3,14.5,14.78,14.34,14.46,27356,31288100,452184341.0
2023-04-11,ABEV3,14.49,14.87,14.39,14.78,37500,43646400,643768351.0
2023-04-12,ABEV3,14.82,14.93,14.64,14.76,43144,38015500,563087779.0
2023-04-13,ABEV3,14.73,14.84,14.43,14.59,37863,25996600,378830048.0
2023-04-14,ABEV3,14.5,14.73,14.44,14.65,20214,14511000,212239410.0
2023-04-17,ABEV3,14.73,14.77,14.57,14.75,18059,12975100,190853170.0
2023-04-18,ABEV3,14.76,14.82,14.54,14.63,19657,17645400,258594506.0
2023-04-19,ABEV3,14.53,14.68,14.43,14.58,23463,22727300,331698205.0
2023-04-20,ABEV3,14.61,14.8,14.56,14.6,17170,25584600,374942721.0
2023-04-24,ABEV3,14.66,14.74,14.27,14.34,31194,39968000,576942575.0
2023-04-25,ABEV3,14.28,14.38,14.06,14.29,24022,29356500,418256188.0
2023-04-26,ABEV3,14.2,14.38,14.15,14.21,22099,19935800,283941454.0
2023-04-27,ABEV3,14.18,14.25,14.01,14.16,23777,16155400,227968691.0
2023-04-28,ABEV3,14.1,14.22,13.98,14.16,29430,21948100,310183222.0
2023-05-02,ABEV3,14.06,14.32,13.96,14.26,40293,26656000,378509612.0
2023-05-03,ABEV3,14.25,14.68,14.13,14.58,46166,34868300,507673108.0
2023-05-04,ABEV3,15.2,15.31,14.47,14.63,54562,54120800,800141672.0
2023-05-05,ABEV3,14.67,14.71,14.3,14.49,28582,25846600,373710501.0
2023-05-08,ABEV3,14.57,14.64,14.43,14.51,30901,18558200,269269727.0
2023-05-09,ABEV3,14.49,14.57,14.44,14.5,17080,14106700,204433166.0
2023-05-10,ABEV3,14.44,14.49,14.28,14.4,29763,32128700,461649989.0
2023-05-11,ABEV3,14.41,14.66,14.41,14.5,28380,24022900,348920245.0
2023-05-12,ABEV3,14.41,14.5,14.27,14.45,35929,17911800,257787229.0
2023-05-15,ABEV3,14.48,14.66,14.47,14.62,18621,12250300,178700040.0
2023-05-16,ABEV3,14.67,14.84,14.6,14.6,16617,12620000,185149911.0
2023-05-17,ABEV3,14.65,14.66,14.47,14.56,33364,21093400,306786463.0
2023-05-18,ABEV3,14.54,14.59,14.37,14.55,39569,28578200,413970278.0
2023-05-19,ABEV3,14.6,14.77,14.4,14.58,30759,26024100,379095728.0
2023-05-22,ABEV3,14.75,14.84,14.56,14.62,23100,19796100,289807174.0
2023-05-23,ABEV3,14.58,14.67,14.46,14.59,21985,12569600,183142642.0
2023-05-24,ABEV3,14.49,14.8,14.49,14.66,35283,13887400,203755196.0
2023-05-25,ABEV3,14.85,14.93,14.65,14.74,29647,20059400,296382764.0
2023-05-26,ABEV3,14.81,14.9,14.64,14.76,21277,9976800,147236166.0
2023-05-29,ABEV3,14.67,14.85,14.6,14.76,14471,5236900,77286334.0
2023-05-30,ABEV3,14.83,14.89,14.42,14.48,43793,24198200,351655121.0
2023-05-31,ABEV3,14.44,14.45,14.24,14.41,36313,41149000,591488498.0
2023-06-01,ABEV3,14.35,14.42,14.21,14.24,35793,21073100,301336811.0
2023-06-02,ABEV3,14.4,14.62,14.25,14.46,34931,26641200,384703242.0
2023-06-05,ABEV3,14.42,14.52,14.34,14.41,29851,13795200,198674511.0
2023-06-06,ABEV3,14.46,14.85,14.41,14.82,44149,38723100,568589894.0
2023-06-07,ABEV3,14.89,15.03,14.65,14.85,30411,29670300,440219523.0
2023-06-09,ABEV3,14.92,15.17,14.89,15.14,34441,27318300,410782364.0
2023-06-12,ABEV3,15.14,15.23,14.93,15.16,23190,23053500,349033617.0
2023-06-13,ABEV3,15.21,15.3,15.05,15.27,36157,17207900,262208350.0
2023-06-14,ABEV3,15.26,15.43,15.08,15.33,55838,38582700,588653746.0
2023-06-15,ABEV3,15.23,15.35,14.99,15.19,31664,19514800,296081485.0
2023-06-16,ABEV3,15.14,15.28,15.05,15.07,42868,42013000,634884603.0
2023-06-19,ABEV3,15.07,15.18,15.03,15.11,23938,8520800,128771487.0
2023-06-20,ABEV3,15.06,15.15,15.01,15.14,27416,17804600,268814413.0
2023-06-21,ABEV3,15.13,15.31,15.08,15.28,24456,15349000,233702544.0
2023-06-22,ABEV3,15.19,15.6,15.19,15.55,34949,24788600,382671113.0
2023-06-23,ABEV3,15.55,15.59,15.44,15.49,25653,15765000,244511926.0
2023-06-26,ABEV3,15.49,15.5,15.19,15.34,26676,17722200,271197919.0
2023-06-27,ABEV3,15.39,15.46,15.19,15.38,24675,13978600,214281774.0
2023-06-28,ABEV3,15.42,15.43,15.16,15.22,30409,21624500,329751338.0
2023-06-29,ABEV3,15.27,15.35,15.19,15.22,19433,14831500,226176516.0
2023-06-30,ABEV3,15.35,15.47,15.25,15.41,29636,18270700,281284758.0
2023-07-03,ABEV3,15.5,15.5,15.32,15.41,16387,9309100,143352587.0
2023-07-04,ABEV3,15.4,15.4,15.1,15.14,23214,12338500,187788644.0
2023-07-05,ABEV3,15.14,15.31,15.1,15.21,17666,16649000,253248492.0
2023-07-06,ABEV3,15.15,15.26,14.8,14.83,30096,28789100,430174562.0
2023-07-07,ABEV3,14.83,15.08,14.81,14.85,24967,18082900,269463125.0
2023-07-10,ABEV3,15.45,15.78,14.93,15.01,37305,30024500,457210145.0
2023-07-11,ABEV3,14.94,14.96,14.58,14.63,44447,26625300,390359718.0
2023-07-12,ABEV3,14.61,14.81,14.58,14.69,23642,17859500,262828506.0
2023-07-13,ABEV3,14.66,14.89,14.63,14.76,23984,13600600,201420010.0
2023-07-14,ABEV3,14.71,14.8,14.56,14.74,20952,13152500,193598790.0
2023-07-17,ABEV3,14.72,14.83,14.63,14.82,31952,21044500,310050863.0
2023-07-18,ABEV3,14.78,14.93,14.62,14.67,37264,49083400,725162857.0
2023-07-19,ABEV3,14.71,14.75,14.47,14.63,32877,34813800,508198047.0
2023-07-20,ABEV3,14.75,14.99,14.49,14.92,40258,42121000,623778263.0
2023-07-21,ABEV3,14.88,15.47,14.88,15.3,41028,44109300,674170383.0
2023-07-24,ABEV3,15.22,15.37,15.01,15.12,31116,28477500,431611668.0
2023-07-25,ABEV3,15.24,15.27,14.79,15.03,35738,25287600,378265667.0
2023-07-26,ABEV3,14.97,15.05,14.87,14.98,20243,22007900,329404762.0
2023-07-27,ABEV3,14.95,15.04,14.68,14.7,26391,24140400,356797982.0
2023-07-28,ABEV3,14.75,15.0,14.66,14.96,18691,15430600,230428751.0
2023-07-31,ABEV3,14.97,15.1,14.77,14.86,17900,16905900,251798739.0
2023-08-01,ABEV3,14.81,15.03,14.66,14.97,19811,18982200,283247588.0
2023-08-02,ABEV3,14.95,15.19,14.86,15.05,28916,22855900,344650840.0
2023-08-03,ABEV3,15.08,15.45,14.55,14.63,58141,63225600,941150027.0
2023-08-04,ABEV3,14.66,14.9,14.54,14.71,33297,22648600,334446011.0
2023-08-07,ABEV3,14.75,14.75,14.54,14.68,16256,15395800,225213651.0
2023-08-08,ABEV3,14.48,14.68,14.46,14.5,28930,15367000,223734290.0
2023-08-09,ABEV3,14.46,14.5,14.29,14.38,23242,19585700,281724195.0
2023-08-10,ABEV3,14.48,14.62,14.32,14.37,9527,9563200,138111343.0
2023-08-11,ABEV3,14.44,14.47,14.28,14.36,19634,15263200,219617938.0
2023-08-14,ABEV3,14.36,14.45,14.21,14.33,22300,17113600,245487086.0
2023-08-15,ABEV3,14.37,14.42,14.18,14.2,17558,14551800,207501918.0
2023-08-16,ABEV3,14.2,14.35,14.14,14.18,29674,39194000,559194592.0
2023-08-17,ABEV3,14.23,14.36,14.08,14.22,40507,39513800,561920698.0
2023-08-18,ABEV3,14.22,14.38,14.17,14.36,20537,20285600,290702017.0
2023-08-21,ABEV3,14.4,14.43,14.26,14.31,22372,18739800,268758261.0
2023-08-22,ABEV3,14.27,14.51,14.24,14.42,29615,27151300,391341939.0
2023-08-23,ABEV3,14.34,14.59,14.34,14.45,32654,27857800,402200487.0
2023-08-24,ABEV3,14.45,14.49,14.16,14.19,35263,26953700,384987757.0
2023-08-25,ABEV3,14.25,14.25,13.67,13.99,60489,55070100,766255961.0
2023-08-28,ABEV3,14.02,14.31,13.86,14.21,32826,35551200,502262444.0
2023-08-29,ABEV3,14.27,14.34,14.17,14.26,17503,14591500,207960906.0
2023-08-30,ABEV3,14.23,14.34,14.17,14.18,28749,25045400,356954242.0
2023-08-31,ABEV3,14.14,14.16,13.71,13.84,40277,44974800,625580339.0
2023-09-01,ABEV3,13.85,14.0,13.69,13.87,28624,20325700,281748165.0
2023-09-04,ABEV3,13.91,13.98,13.76,13.86,16874,23856400,330735607.0
2023-09-05,ABEV3,13.9,14.21,13.82,14.01,44146,37047300,520723171.0
2023-09-06,ABEV3,13.99,14.16,13.96,13.98,36356,26849800,376464347.0
2023-09-08,ABEV3,13.95,13.96,13.7,13.7,45837,23119600,318713210.0
2023-09-11,ABEV3,13.79,13.92,13.71,13.87,21680,14866900,205753258.0
2023-09-12,ABEV3,13.85,13.9,13.66,13.71,28359,18024700,247470831.0
2023-09-13,ABEV3,13.71,13.82,13.63,13.64,52065,32126800,440335409.0
2023-09-14,ABEV3,13.68,13.72,13.5,13.53,28332,21983200,298253879.0
2023-09-15,ABEV3,13.55,13.61,13.4,13.42,32186,39150900,527670280.0
2023-09-18,ABEV3,13.39,13.48,13.31,13.39,32827,19997200,268362318.0
2023-09-19,ABEV3,13.31,13.55,13.3,13.43,25395,25991300,350469096.0
2023-09-20,ABEV3,13.47,13.56,13.45,13.47,28499,15729400,212413470.0
2023-09-21,ABEV3,13.32,13.4,13.2,13.24,38633,29875400,396602032.0
2023-09-22,ABEV3,13.25,13.28,13.1,13.12,20042,16325200,214982930.0
2023-09-25,ABEV3,13.15,13.33,13.11,13.22,21755,20229100,267643585.0
2023-09-26,ABEV3,13.19,13.23,13.0,13.04,38023,29094600,380614074.0
2023-09-27,ABEV3,13.08,13.1,12.86,12.97,38039,32045700,415208774.0
2023-09-28,ABEV3,13.0,13.13,12.93,12.98,45527,43949200,573481024.0
2023-09-29,ABEV3,13.08,13.17,13.05,13.11,31624,22876500,299893628.0
2023-10-02,ABEV3,13.11,13.15,12.98,13.09,26401,17955500,234651320.0
2023-10-03,ABEV3,13.06,13.29,12.94,13.05,33747,31511700,413626111.0
2023-10-04,ABEV3,13.05,13.27,13.04,13.21,26716,15774100,207904763.0
2023-10-05,ABEV3,13.18,13.23,12.86,12.89,32278,31497000,409362048.0
2023-10-06,ABEV3,12.8,13.28,12.74,13.19,36809,40211800,524847800.0
2023-10-09,ABEV3,13.15,13.19,13.05,13.17,21081,15459500,203091881.0
2023-10-10,ABEV3,13.17,13.36,13.12,13.25,28757,18408800,243887703.0
2023-10-11,ABEV3,13.25,13.33,13.19,13.29,30258,14042700,186186329.0
2023-10-13,ABEV3,13.28,13.28,12.92,12.98,31192,24773100,322494207.0
2023-10-16,ABEV3,13.01,13.08,12.95,13.01,20630,12422600,161559097.0
2023-10-17,ABEV3,12.9,12.99,12.78,12.8,35835,21533400,276955693.0
2023-10-18,ABEV3,12.74,12.78,12.49,12.53,37480,41902700,527568294.0
2023-10-19,ABEV3,12.56,12.69,12.51,12.52,25867,15581700,196178895.0
2023-10-20,ABEV3,12.45,12.63,12.4,12.49,21381,14740700,184576494.0
2023-10-23,ABEV3,12.46,12.57,12.38,12.48,23160,11943700,149332344.0
2023-10-24,ABEV3,12.58,12.59,12.33,12.52,27034,32749400,407545674.0
2023-10-25,ABEV3,12.51,12.54,12.4,12.44,21825,14976900,186633328.0
2023-10-26,ABEV3,12.48,12.78,12.41,12.63,31650,25002300,316663100.0
2023-10-27,ABEV3,12.58,12.63,12.28,12.29,28990,27730300,342740849.0
2023-10-30,ABEV3,12.4,12.49,12.3,12.36,24249,26078000,323135774.0
2023-10-31,ABEV3,12.95,12.95,12.61,12.86,55849,64210200,822475224.0
2023-11-01,ABEV3,12.9,13.0,12.76,12.99,43589,40528700,523686998.0
2023-11-03,ABEV3,13.1,13.37,13.05,13.29,36569,27360200,363314746.0
2023-11-06,ABEV3,13.34,13.57,13.29,13.51,28289,20562100,276975149.0
2023-11-07,ABEV3,13.5,13.59,13.46,13.57,29853,20565500,278556932.0
2023-11-08,ABEV3,13.59,13.68,13.52,13.54,23150,29629700,402246200.0
2023-11-09,ABEV3,13.57,13.57,13.37,13.41,21802,18858200,253531027.0
2023-11-10,ABEV3,13.45,13.49,13.35,13.35,18994,15140600,202859802.0
2023-11-13,ABEV3,13.37,13.55,13.29,13.43,19043,16559200,222561255.0
2023-11-14,ABEV3,13.5,13.75,13.45,13.7,36795,24478100,334502108.0
2023-11-16,ABEV3,13.7,13.8,13.55,13.67,49034,45772900,625660186.0
2023-11-17,ABEV3,13.71,13.74,13.52,13.6,48451,36788200,499146410.0
2023-11-20,ABEV3,13.61,13.71,13.47,13.6,30074,15170600,205974744.0
2023-11-21,ABEV3,13.6,13.62,13.36,13.44,18824,17196400,231475241.0
2023-11-22,ABEV3,13.49,13.6,13.43,13.57,26361,29650400,401552984.0
2023-11-23,ABEV3,13.61,13.76,13.27,13.55,27125,32233900,437711738.0
2023-11-24,ABEV3,13.5,13.54,13.28,13.39,27786,18133100,243180176.0
2023-11-27,ABEV3,13.44,13.63,13.37,13.58,25345,22972800,310693604.0
2023-11-28,ABEV3,13.52,13.71,13.52,13.65,20212,14913700,203560787.0
2023-11-29,ABEV3,13.63,13.69,13.3,13.3,26268,19363500,260273464.0
2023-11-30,ABEV3,13.3,13.74,13.25,13.69,42626,41991100,572314998.0
2023-12-01,ABEV3,13.69,14.08,13.6,14.08,50364,30042200,418713855.0
2023-12-04,ABEV3,14.03,14.09,13.99,14.06,14782,9861400,138567892.0
2023-12-05,ABEV3,14.08,14.37,14.07,14.24,32929,36765000,523941978.0
2023-12-06,ABEV3,14.27,14.32,13.91,13.99,28089,20919500,293108977.0
2023-12-07,ABEV3,14.02,14.28,14.02,14.08,22484,11903100,168169001.0
2023-12-08,ABEV3,14.28,14.49,14.17,14.31,22230,16690900,238929705.0
2023-12-11,ABEV3,14.24,14.39,14.22,14.32,16508,11080900,158513600.0
2023-12-12,ABEV3,14.28,14.34,14.18,14.23,15712,10541600,150266805.0
2023-12-13,ABEV3,14.27,14.8,14.14,14.7,50273,53960800,784502668.0
2023-12-14,ABEV3,14.85,14.87,14.3,14.5,55980,60791700,879440119.0
2023-12-15,ABEV3,14.5,14.57,14.39,14.47,70400,33719700,487680389.0
2023-12-18,ABEV3,14.5,14.64,14.43,14.55,60494,24363100,354783757.0
2023-12-19,ABEV3,14.59,14.78,14.55,14.7,68893,32674700,480310526.0
2023-12-20,ABEV3,13.94,13.95,13.67,13.74,29347,24316200,335100999.0
2023-12-21,ABEV3,13.82,13.82,13.59,13.7,25131,28969600,395965849.0
2023-12-22,ABEV3,13.69,13.83,13.66,13.71,23886,19864700,273177514.0
2023-12-26,ABEV3,13.72,13.81,13.69,13.77,10454,6884800,94747550.0
2023-12-27,ABEV3,13.78,13.84,13.72,13.84,14946,10305900,142097239.0
2023-12-28,ABEV3,13.8,13.85,13.73,13.73,22769,16500300,227131534.0
2024-01-02,ABEV3,13.72,13.73,13.59,13.71,16587,11690200,159839111.0
2024-01-03,ABEV3,13.67,13.75,13.57,13.6,19306,17612200,240018103.0
2024-01-04,ABEV3,13.6,13.68,13.52,13.65,16585,19996000,272730057.0
2024-01-05,ABEV3,13.62,13.69,13.53,13.6,22855,18293900,248997566.0
2024-01-08,ABEV3,13.61,13.75,13.58,13.71,17180,11014600,150932381.0
2024-01-09,ABEV3,13.69,13.69,13.55,13.62,18705,15705100,213682360.0
2024-01-10,ABEV3,13.62,13.83,13.6,13.76,24570,18313300,252027577.0
2024-01-11,ABEV3,13.71,13.77,13.51,13.56,23996,22254100,302261171.0
2024-01-12,ABEV3,13.52,13.72,13.44,13.59,23056,20300600,274993694.0
2024-01-15,ABEV3,13.48,13.6,13.46,13.59,7139,4752100,64425003.0
2024-01-16,ABEV3,13.44,13.52,13.34,13.35,32276,24233000,325313501.0
2024-01-17,ABEV3,13.33,13.51,13.33,13.43,24879,12493800,168068227.0
2024-01-18,ABEV3,13.42,13.42,13.25,13.34,19867,18425500,245700673.0
2024-01-19,ABEV3,13.41,13.42,13.26,13.35,19566,28008400,373519911.0
2024-01-22,ABEV3,13.38,13.45,13.23,13.36,16670,16245600,216496866.0
2024-01-23,ABEV3,13.39,13.43,13.23,13.37,34963,16851900,224829026.0
2024-01-24,ABEV3,13.44,13.44,13.19,13.2,21819,15949100,211936130.0
2024-01-25,ABEV3,13.22,13.28,13.14,13.2,15083,12841800,169540019.0
2024-01-26,ABEV3,13.26,13.29,13.15,13.2,12278,6568000,86923519.0
2024-01-29,ABEV3,13.16,13.29,13.12,13.25,12318,10163100,134492216.0
2024-01-30,ABEV3,13.22,13.25,13.03,13.04,42323,22516400,294629022.0
2024-01-31,ABEV3,13.08,13.22,13.03,13.08,33722,25269100,331794627.0
2024-02-01,ABEV3,13.07,13.11,12.9,13.07,33258,27075000,351791481.0
2024-02-02,ABEV3,13.08,13.2,12.96,13.07,23543,22938800,299606778.0
2024-02-05,ABEV3,13.08,13.19,13.04,13.09,23989,16606500,217757520.0
2024-02-06,ABEV3,13.07,13.3,13.07,13.23,29176,29715800,392556057.0
2024-02-07,ABEV3,13.25,13.31,12.93,13.0,30730,37752200,492733090.0
2024-02-08,ABEV3,12.96,13.04,12.9,12.95,23142,23297000,302039786.0
2024-02-09,ABEV3,12.92,12.98,12.81,12.95,23639,15446600,199317353.0
2024-02-14,ABEV3,12.88,12.94,12.82,12.92,16418,16225400,209048647.0
2024-02-15,ABEV3,12.93,13.02,12.84,12.85,20794,27820000,359467680.0
2024-02-16,ABEV3,12.9,12.9,12.75,12.76,21057,20983400,268621761.0
2024-02-19,ABEV3,12.77,12.81,12.65,12.81,10999,9229700,117488863.0
2024-02-20,ABEV3,12.81,13.09,12.78,12.85,29399,26872100,347911001.0
2024-02-21,ABEV3,12.84,12.92,12.75,12.9,20655,13911900,178625197.0
2024-02-22,ABEV3,12.93,13.01,12.86,12.96,13034,16110800,208613465.0
2024-02-23,ABEV3,13.0,13.01,12.82,12.89,18721,18944300,244470631.0
2024-02-26,ABEV3,12.83,13.1,12.83,13.04,13264,12942000,168510382.0
2024-02-27,ABEV3,13.11,13.33,13.07,13.31,24727,31668800,420079901.0
2024-02-28,ABEV3,13.27,13.59,13.26,13.45,28106,34495200,464810598.0
2024-02-29,ABEV3,12.92,12.99,12.4,12.58,56982,88181100,1112284784.0
2024-03-01,ABEV3,12.46,12.67,12.3,12.44,36876,51143300,636121802.0
2024-03-04,ABEV3,12.45,12.57,12.41,12.48,21198,16560500,206656087.0
2024-03-05,ABEV3,12.53,12.83,12.45,12.75,26928,33369400,425188504.0
2024-03-06,ABEV3,12.8,12.98,12.57,12.69,28044,45103900,571674194.0
2024-03-07,ABEV3,12.63,12.73,12.52,12.65,17225,12954500,163493893.0
2024-03-08,ABEV3,12.55,12.92,12.55,12.84,40594,54292500,694904411.0
2024-03-11,ABEV3,12.77,12.9,12.68,12.8,18587,20348100,259768182.0
2024-03-12,ABEV3,12.83,12.9,12.76,12.84,33767,25358500,325322786.0
2024-03-13,ABEV3,12.82,12.91,12.7,12.75,24284,24872300,318169013.0
2024-03-14,ABEV3,12.74,12.81,12.67,12.8,33139,27666100,352499975.0
2024-03-15,ABEV3,12.86,12.86,12.61,12.63,25108,36166000,458117938.0
2024-03-18,ABEV3,12.65,12.68,12.54,12.63,25401,24187500,304800035.0
2024-03-19,ABEV3,12.63,12.69,12.47,12.54,37510,26464600,331725559.0
2024-03-20,ABEV3,12.53,12.59,12.37,12.54,33423,48407800,603834401.0
2024-03-21,ABEV3,12.52,12.61,12.44,12.61,22030,29217300,366548561.0
2024-03-22,ABEV3,12.56,12.57,12.37,12.41,23411,18151900,225663285.0
2024-03-25,ABEV3,12.4,12.5,12.23,12.23,21732,21593700,266209344.0
2024-03-26,ABEV3,12.2,12.49,12.17,12.41,36803,32319600,400394458.0
2024-03-27,ABEV3,12.36,12.45,12.3,12.45,26331,26211600,324238091.0
2024-03-28,ABEV3,12.38,12.55,12.36,12.49,35501,44405600,554693253.0
2024-04-01,ABEV3,12.5,12.54,12.27,12.33,27166,21031000,259377347.0
2024-04-02,ABEV3,12.34,12.42,12.27,12.27,27381,19115800,235627526.0
2024-04-03,ABEV3,12.25,12.51,12.13,12.45,27304,36137900,446278502.0
2024-04-04,ABEV3,12.47,12.7,12.46,12.47,29300,31881300,401623438.0
2024-04-05,ABEV3,12.52,12.55,12.04,12.23,35308,71144300,868282411.0
2024-04-08,ABEV3,12.22,12.27,12.12,12.17,17118,18919200,230539118.0
2024-04-09,ABEV3,12.21,12.42,12.18,12.36,22952,23795200,293629414.0
2024-04-10,ABEV3,12.27,12.38,12.1,12.1,25811,23028800,280466457.0
2024-04-11,ABEV3,12.1,12.31,12.07,12.2,20770,21019300,256928420.0
2024-04-12,ABEV3,12.16,12.21,12.05,12.12,17217,16269700,197212195.0
2024-04-15,ABEV3,12.1,12.15,11.98,12.07,24020,31625300,381871316.0
2024-04-16,ABEV3,12.0,12.11,11.94,11.94,31128,31317300,376308293.0
2024-04-17,ABEV3,12.0,12.04,11.84,11.91,29387,26530200,316023988.0
2024-04-18,ABEV3,11.92,12.02,11.84,11.96,22706,28663900,342335544.0
2024-04-19,ABEV3,11.97,12.1,11.95,11.95,34035,25809500,309638516.0
2024-04-22,ABEV3,11.99,12.1,11.95,11.95,20946,23450600,281799781.0
2024-04-23,ABEV3,11.9,12.0,11.83,11.86,22685,18581900,220859824.0
2024-04-24,ABEV3,11.84,12.1,11.84,12.04,32608,37013000,444451684.0
2024-04-25,ABEV3,12.06,12.1,11.88,12.02,23019,23667800,283760202.0
2024-04-26,ABEV3,12.03,12.08,11.98,12.01,14380,16177900,194686501.0
2024-04-29,ABEV3,12.0,12.13,11.96,12.1,27843,26520800,319919490.0
2024-04-30,ABEV3,12.08,12.37,12.08,12.15,31583,25146600,306600902.0
2024-05-02,ABEV3,12.25,12.51,12.25,12.33,37343,27782000,344561429.0
2024-05-03,ABEV3,12.47,12.48,12.35,12.37,25633,23380200,289895392.0
2024-05-06,ABEV3,12.39,12.51,12.29,12.45,22551,18713000,232832304.0
2024-05-07,ABEV3,12.47,12.63,12.46,12.6,26893,27522500,345588635.0
2024-05-08,ABEV3,12.39,12.44,11.91,12.17,35179,50692500,613212280.0
2024-05-09,ABEV3,11.98,12.2,11.97,12.05,23358,25762900,311731229.0
2024-05-10,ABEV3,12.05,12.09,11.95,12.04,31888,29029300,349147515.0
2024-05-13,ABEV3,12.07,12.11,11.96,12.06,30168,22472500,270253863.0
2024-05-14,ABEV3,12.08,12.25,12.08,12.16,32745,32670400,397500962.0
2024-05-15,ABEV3,12.19,12.43,12.17,12.31,26290,36630700,452167511.0
2024-05-16,ABEV3,12.45,12.51,12.24,12.38,24537,32475700,401518009.0
2024-05-17,ABEV3,12.4,12.41,12.28,12.38,44181,28118800,347753415.0
2024-05-20,ABEV3,12.33,12.39,12.05,12.1,24507,38940700,474654270.0
2024-05-21,ABEV3,12.1,12.25,12.02,12.02,31724,38371300,464447714.0
2024-05-22,ABEV3,11.98,12.11,11.93,11.97,28981,49248200,591550108.0
2024-05-23,ABEV3,11.92,12.07,11.92,11.96,32399,28419600,340271912.0
2024-05-24,ABEV3,11.96,11.99,11.87,11.87,29079,22787300,271754852.0
2024-05-27,ABEV3,11.93,11.95,11.79,11.81,12268,16530500,195700867.0
2024-05-28,ABEV3,11.89,11.89,11.56,11.59,73578,40481600,470967089.0
2024-05-29,ABEV3,11.53,11.61,11.34,11.52,41806,34350900,394017961.0
2024-05-31,ABEV3,11.46,11.66,11.46,11.56,35995,62941300,727859819.0
2024-06-03,ABEV3,11.57,11.7,11.46,11.55,25770,24967400,288472839.0
2024-06-04,ABEV3,11.57,11.73,11.44,11.69,33164,36455800,424162913.0
2024-06-05,ABEV3,11.69,11.8,11.52,11.57,33969,35635900,414088367.0
2024-06-06,ABEV3,11.54,11.84,11.54,11.82,29885,34548200,404941499.0
2024-06-07,ABEV3,11.71,11.76,11.53,11.56,30772,32079400,372081286.0
2024-06-10,ABEV3,11.52,11.58,11.43,11.46,26785,23774700,273296027.0
2024-06-11,ABEV3,11.57,11.57,11.39,11.4,28000,20061200,229623553.0
2024-06-12,ABEV3,11.45,11.47,11.19,11.27,63344,40929700,462127742.0
2024-06-13,ABEV3,11.17,11.21,11.07,11.09,39424,39287400,437281766.0
2024-06-14,ABEV3,11.09,11.28,10.98,11.24,28586,22356900,249873992.0
2024-06-17,ABEV3,11.21,11.33,11.19,11.24,34269,18072300,203629788.0
2024-06-18,ABEV3,11.19,11.37,11.16,11.25,27210,37284200,421288453.0
2024-06-19,ABEV3,11.18,11.23,11.04,11.2,25754,17907100,199322798.0
2024-06-20,ABEV3,11.25,11.4,11.2,11.28,39294,29501600,333124104.0
2024-06-21,ABEV3,11.21,11.38,11.21,11.28,51794,53470400,603456727.0
2024-06-24,ABEV3,11.26,11.4,11.22,11.32,29053,32197300,364805775.0
2024-06-25,ABEV3,11.25,11.41,11.21,11.38,39030,43592000,494970928.0
2024-06-26,ABEV3,11.3,11.52,11.27,11.45,30716,26265300,298804940.0
2024-06-27,ABEV3,11.46,11.54,11.38,11.46,24736,21499700,245875743.0
2024-06-28,ABEV3,11.43,11.48,11.16,11.41,47107,51418600,583702270.0
2024-07-01,ABEV3,11.42,11.5,11.33,11.45,23051,19515400,222928365.0
2024-07-02,ABEV3,11.45,11.58,11.39,11.46,20661,20259500,232644622.0
2024-07-03,ABEV3,11.54,11.57,11.36,11.38,25155,32807200,375480282.0
2024-07-04,ABEV3,11.45,11.46,11.37,11.45,13514,7438600,84904960.0
2024-07-05,ABEV3,11.45,11.48,11.23,11.32,42867,39021700,440953833.0
2024-07-08,ABEV3,11.33,11.35,11.24,11.25,17373,28570100,322367788.0
2024-07-09,ABEV3,11.25,11.3,11.18,11.25,19256,25686000,289197360.0
2024-07-10,ABEV3,11.32,11.46,11.24,11.4,35349,29040100,329797226.0
2024-07-11,ABEV3,11.45,11.67,11.4,11.53,31403,22185700,256706751.0
2024-07-12,ABEV3,11.51,11.66,11.51,11.64,19055,16859800,195606977.0
2024-07-15,ABEV3,11.66,11.66,11.56,11.64,16755,12421100,144179949.0
2024-07-16,ABEV3,11.63,11.7,11.58,11.7,21579,19050600,221998347.0
2024-07-17,ABEV3,11.71,11.91,11.66,11.82,21598,30589900,362196541.0
2024-07-18,ABEV3,11.76,11.86,11.64,11.67,21877,30271600,354883244.0
2024-07-19,ABEV3,11.65,11.77,11.65,11.73,18443,22774900,266938839.0
2024-07-22,ABEV3,11.67,11.86,11.65,11.81,24898,23809300,280482017.0
2024-07-23,ABEV3,11.81,11.83,11.74,11.78,25055,20161400,237516369.0
2024-07-24,ABEV3,11.75,11.87,11.73,11.79,36378,22727500,268697703.0
2024-07-25,ABEV3,11.79,11.92,11.73,11.85,19809,21585700,255988121.0
2024-07-26,ABEV3,11.82,11.88,11.75,11.88,21856,23201600,274746559.0
2024-07-29,ABEV3,11.87,11.88,11.76,11.82,21530,38125500,450676769.0
2024-07-30,ABEV3,11.79,11.81,11.64,11.64,27276,29077200,340150983.0
2024-07-31,ABEV3,11.6,11.73,11.51,11.58,28182,66719000,772711166.0
2024-08-01,ABEV3,11.75,11.99,11.63,11.74,28522,37947400,446156543.0
2024-08-02,ABEV3,11.7,11.87,11.69,11.87,20508,29718400,351073984.0
2024-08-05,ABEV3,11.83,11.91,11.58,11.85,26302,28528000,336849823.0
2024-08-06,ABEV3,11.81,12.11,11.8,12.01,24651,27415700,329084626.0
2024-08-07,ABEV3,12.07,12.56,12.04,12.51,33695,48591300,601741314.0
2024-08-08,ABEV3,12.46,12.56,12.31,12.36,38224,28173200,349715917.0
2024-08-09,ABEV3,12.44,12.48,12.31,12.45,24269,19113700,237050924.0
2024-08-12,ABEV3,12.5,12.55,12.39,12.39,18788,17501300,217813755.0
2024-08-13,ABEV3,12.47,12.66,12.41,12.57,32285,30082000,378491988.0
2024-08-14,ABEV3,12.57,12.69,12.54,12.56,26781,22128400,279157479.0
2024-08-15,ABEV3,12.65,13.15,12.58,13.03,40776,48543500,631324273.0
2024-08-16,ABEV3,13.15,13.4,13.01,13.01,52781,39840200,524401469.0
2024-08-19,ABEV3,13.04,13.1,12.96,13.01,41761,29029900,377768552.0
2024-08-20,ABEV3,12.99,13.04,12.87,12.94,24361,16424000,212790969.0
2024-08-21,ABEV3,12.92,13.04,12.84,12.94,34750,24177300,312707703.0
2024-08-22,ABEV3,12.95,13.03,12.91,13.0,37670,25724200,334056170.0
2024-08-23,ABEV3,13.06,13.21,13.05,13.08,28407,33098900,434006813.0
2024-08-26,ABEV3,13.11,13.22,13.01,13.08,18138,20467700,268448059.0
2024-08-27,ABEV3,13.02,13.12,12.95,13.03,27486,22335000,291071287.0
2024-08-28,ABEV3,13.04,13.07,12.81,12.95,25749,21175200,273201501.0
2024-08-29,ABEV3,12.93,12.98,12.79,12.86,19832,17873300,229996713.0
2024-08-30,ABEV3,12.77,12.87,12.75,12.86,24381,50852200,653110405.0
2024-09-02,ABEV3,12.81,12.89,12.7,12.87,18860,12639100,162002916.0
2024-09-03,ABEV3,12.91,12.95,12.78,12.8,15986,19701100,252976345.0
2024-09-04,ABEV3,12.84,13.05,12.82,12.99,21072,22848700,296811009.0
2024-09-05,ABEV3,12.94,13.02,12.92,12.97,16498,14577100,189061175.0
2024-09-06,ABEV3,12.92,13.07,12.91,12.99,15828,20976300,272525868.0
2024-09-09,ABEV3,12.99,13.21,12.97,13.11,17632,35098100,459915851.0
2024-09-10,ABEV3,13.01,13.32,13.01,13.24,22632,27649100,365967417.0
2024-09-11,ABEV3,13.3,13.3,13.02,13.04,21206,21490600,281597537.0
2024-09-12,ABEV3,12.96,12.99,12.76,12.91,35924,34492700,443287179.0
2024-09-13,ABEV3,12.95,13.0,12.72,12.73,29033,21946500,281156902.0
2024-09-16,ABEV3,12.76,12.87,12.75,12.86,26392,20765800,266087799.0
2024-09-17,ABEV3,12.79,12.99,12.79,12.96,22851,26068700,337143074.0
2024-09-18,ABEV3,12.86,13.14,12.85,12.98,23126,26897100,350784674.0
2024-09-19,ABEV3,13.0,13.11,12.89,12.95,32587,44713200,581541491.0
2024-09-20,ABEV3,12.96,13.0,12.73,12.76,36418,41412100,530527064.0
2024-09-23,ABEV3,12.7,12.86,12.65,12.75,30192,20009400,255555740.0
2024-09-24,ABEV3,12.79,12.9,12.69,12.76,22923,22598600,289008411.0
2024-09-25,ABEV3,12.78,12.98,12.68,12.68,47919,33524600,428883856.0
2024-09-26,ABEV3,12.76,12.87,12.72,12.84,20510,16241400,208420222.0
2024-09-27,ABEV3,12.8,12.99,12.79,12.92,24838,24958600,322209537.0
2024-09-30,ABEV3,12.94,13.17,12.9,13.08,22372,31164900,407519999.0
2024-10-01,ABEV3,13.2,13.72,13.13,13.6,50781,65825500,891757687.0
2024-10-02,ABEV3,13.7,13.85,13.61,13.72,39936,51056800,703011465.0
2024-10-03,ABEV3,13.55,13.63,13.4,13.4,31726,45000000,606580381.0
2024-10-04,ABEV3,13.26,13.45,13.17,13.28,26505,36602700,488064292.0
2024-10-07,ABEV3,13.41,13.41,13.14,13.17,19290,20788600,274584855.0
2024-10-08,ABEV3,13.15,13.17,12.94,13.08,34313,35995700,469991727.0
2024-10-09,ABEV3,12.95,13.15,12.95,13.08,29670,28383000,370179127.0
2024-10-10,ABEV3,13.05,13.19,13.05,13.11,19908,19340400,253747662.0
2024-10-11,ABEV3,13.09,13.12,12.84,12.88,30218,31193700,404031746.0
2024-10-14,ABEV3,12.86,12.97,12.84,12.92,22824,21045900,271947099.0
2024-10-15,ABEV3,12.93,12.95,12.81,12.88,32298,33545800,431849030.0
2024-10-16,ABEV3,12.89,13.0,12.85,12.94,31579,34342600,443889886.0
2024-10-17,ABEV3,12.78,12.96,12.75,12.86,20783,18266900,234828302.0
2024-10-18,ABEV3,12.96,12.96,12.8,12.88,22778,19422900,249661480.0
2024-10-21,ABEV3,12.88,12.94,12.81,12.83,26433,28877400,371480001.0
2024-10-22,ABEV3,12.77,12.9,12.73,12.82,29009,34756100,445845625.0
2024-10-23,ABEV3,12.74,12.82,12.7,12.75,17395,22384200,285353056.0
2024-10-24,ABEV3,12.72,12.89,12.68,12.83,20547,19295300,247226907.0
2024-10-25,ABEV3,12.82,12.84,12.73,12.75,15754,19204000,245120397.0
2024-10-28,ABEV3,12.81,13.0,12.78,12.89,28548,20050900,259078885.0
2024-10-29,ABEV3,12.9,13.03,12.87,12.98,33625,21500600,278890386.0
2024-10-30,ABEV3,13.05,13.09,12.9,12.93,23694,21176300,274647607.0
2024-10-31,ABEV3,12.6,12.84,12.48,12.64,81725,61215800,775755417.0
2024-11-01,ABEV3,12.51,12.65,12.48,12.54,34885,29027800,364622577.0
2024-11-04,ABEV3,12.59,12.71,12.51,12.67,23046,19442900,245399826.0
2024-11-05,ABEV3,12.6,12.74,12.57,12.68,27277,18352000,231976630.0
2024-11-06,ABEV3,12.52,12.55,12.34,12.5,45106,39053800,486131171.0
2024-11-07,ABEV3,12.39,12.69,12.39,12.55,28024,23946600,301146912.0
2024-11-08,ABEV3,12.4,12.55,12.31,12.33,39909,35013400,434581562.0
2024-11-11,ABEV3,12.31,12.55,12.26,12.51,30659,20684800,257696255.0
2024-11-12,ABEV3,12.43,12.64,12.3,12.58,41045,26899600,336579305.0
2024-11-13,ABEV3,12.52,12.77,12.46,12.73,42139,30341700,383684863.0
2024-11-14,ABEV3,12.69,12.9,12.61,12.64,47998,38009600,482684320.0
2024-11-18,ABEV3,12.48,12.67,12.38,12.42,40012,37251000,465143816.0
2024-11-19,ABEV3,12.45,12.6,12.42,12.43,27117,28564100,357091316.0
2024-11-21,ABEV3,12.31,12.48,12.3,12.39,21202,18400700,228575708.0
2024-11-22,ABEV3,12.49,12.7,12.47,12.68,38653,24107300,303940899.0
2024-11-25,ABEV3,12.59,12.69,12.54,12.54,22589,22015800,276996630.0
2024-11-26,ABEV3,12.59,12.71,12.54,12.61,23419,16924800,213791419.0
2024-11-27,ABEV3,12.63,12.74,12.51,12.55,36287,48572000,612407922.0
2024-11-28,ABEV3,12.55,12.8,12.32,12.4,33618,40805900,511734350.0
2024-11-29,ABEV3,12.33,12.73,12.25,12.73,39362,62394800,783156347.0
2024-12-02,ABEV3,12.66,13.27,12.6,13.25,85952,87464600,1141660811.0
2024-12-03,ABEV3,13.25,13.88,13.19,13.85,61157,72892200,999063055.0
2024-12-04,ABEV3,13.9,14.06,13.78,13.93,34731,50659000,706897809.0
2024-12-05,ABEV3,14.05,14.46,14.0,14.42,35765,38794000,556260667.0
2024-12-06,ABEV3,14.3,14.53,14.15,14.22,50705,46442000,664061701.0
2024-12-09,ABEV3,14.22,14.33,14.14,14.21,31095,25321800,360360777.0
2024-12-10,ABEV3,14.33,14.5,14.27,14.27,30133,22942500,329370936.0
2024-12-11,ABEV3,14.27,14.36,13.66,13.8,47903,49150600,680382199.0
2024-12-12,ABEV3,13.5,13.58,13.1,13.1,51960,49616100,658697371.0
2024-12-13,ABEV3,13.1,13.36,13.01,13.08,40163,30864700,407029736.0
2024-12-16,ABEV3,13.08,13.42,12.84,12.84,31302,32095500,417908415.0
2024-12-17,ABEV3,13.0,13.19,12.99,13.1,54188,39564500,518078328.0
2024-12-18,ABEV3,13.07,13.08,12.75,12.76,58380,40864200,525398325.0
2024-12-19,ABEV3,12.76,12.91,12.64,12.78,47582,38104000,487342863.0
2024-12-20,ABEV3,12.08,12.3,12.01,12.23,36435,86053500,1045012920.0
2024-12-23,ABEV3,12.11,12.34,11.99,12.22,54260,40181600,487433883.0
2024-12-26,ABEV3,12.18,12.24,11.99,12.14,30352,21166800,256057124.0
2024-12-27,ABEV3,12.16,12.19,11.97,12.07,47203,37622000,453999228.0
2024-12-30,ABEV3,12.06,12.16,11.74,11.74,33715,38907400,462066601.0
2025-01-02,ABEV3,11.72,11.89,11.49,11.6,34246,33417900,388339414.0
2025-01-03,ABEV3,11.49,11.55,11.27,11.33,36532,41344300,470029140.0
2025-01-06,ABEV3,11.36,11.5,11.21,11.29,37956,50881500,574654503.0
2025-01-07,ABEV3,11.3,11.58,11.27,11.54,26616,34905200,399809164.0
2025-01-08,ABEV3,11.48,11.53,11.28,11.42,47593,39248800,447394322.0
2025-01-09,ABEV3,11.43,11.51,11.3,11.4,20265,24470100,278738950.0
2025-01-10,ABEV3,11.4,11.43,11.08,11.16,35051,31277300,350434263.0
2025-01-13,ABEV3,11.18,11.31,11.12,11.24,34541,28945300,324234369.0
2025-01-14,ABEV3,11.21,11.37,11.15,11.21,15290,42625300,477729506.0
2025-01-15,ABEV3,11.3,11.43,11.16,11.39,42213,45380700,512413825.0
2025-01-16,ABEV3,11.42,11.42,11.04,11.08,22668,29298500,326112534.0
2025-01-17,ABEV3,10.84,11.09,10.77,11.09,35500,51433600,564779770.0
2025-01-20,ABEV3,11.05,11.11,10.79,11.05,39867,22293700,246039129.0
2025-01-21,ABEV3,10.99,11.26,10.99,11.25,27149,26293900,294149364.0
2025-01-22,ABEV3,11.18,11.22,10.94,11.02,34302,44993500,496021425.0
2025-01-23,ABEV3,11.02,11.16,10.98,11.05,18579,35708100,394515462.0
2025-01-24,ABEV3,11.05,11.13,10.87,10.87,22925,44514500,487103805.0
2025-01-27,ABEV3,10.87,11.12,10.84,11.12,29704,34876400,384676934.0
2025-01-28,ABEV3,11.05,11.21,11.02,11.11,22245,39022900,433360245.0
2025-01-29,ABEV3,11.18,11.2,10.91,10.97,28425,26199700,288010370.0
2025-01-30,ABEV3,10.99,11.14,10.96,11.11,21587,22347200,247220192.0
2025-01-31,ABEV3,11.14,11.24,11.1,11.1,27545,26952000,300656340.0
2025-02-03,ABEV3,11.15,11.22,10.96,11.03,28578,29524300,326009728.0
2025-02-04,ABEV3,11.0,11.0,10.82,10.9,27015,23133400,251856506.0
2025-02-05,ABEV3,10.94,10.94,10.72,10.82,32766,44675800,481335401.0
2025-02-06,ABEV3,10.8,10.9,10.73,10.86,12477,24218200,262859638.0
2025-02-07,ABEV3,10.86,10.92,10.8,10.85,26502,33491500,363679836.0
2025-02-10,ABEV3,10.94,11.23,10.9,10.97,28847,50519600,559736255.0
2025-02-11,ABEV3,11.03,11.03,10.78,10.96,28016,35802500,391348309.0
2025-02-12,ABEV3,10.83,11.04,10.8,10.92,41354,39414800,430585507.0
2025-02-13,ABEV3,10.87,10.99,10.84,10.98,18669,21078300,230541127.0
2025-02-14,ABEV3,11.05,11.19,11.0,11.13,31346,34084700,378807500.0
2025-02-17,ABEV3,11.17,11.23,11.07,11.1,13254,9559900,106650693.0
2025-02-18,ABEV3,11.14,11.17,11.04,11.09,19565,18776800,208391482.0
2025-02-19,ABEV3,11.0,11.04,10.93,10.97,29255,16856200,184925104.0
2025-02-20,ABEV3,10.93,11.08,10.9,11.04,19839,24406000,268747350.0
2025-02-21,ABEV3,11.02,11.17,11.01,11.12,31324,34245000,380403280.0
2025-02-24,ABEV3,11.17,11.17,10.98,11.03,29072,28954600,319584150.0
2025-02-25,ABEV3,11.03,11.14,11.02,11.09,30742,24354400,269975304.0
2025-02-26,ABEV3,11.73,11.84,11.45,11.7,58137,79612200,928946282.0
2025-02-27,ABEV3,11.67,12.49,11.66,12.32,56605,66169900,811625962.0
2025-02-28,ABEV3,12.31,12.49,12.1,12.22,56362,79761000,976268775.0
2025-03-05,ABEV3,12.5,12.93,12.42,12.78,39465,54086900,686318911.0
2025-03-06,ABEV3,12.77,13.04,12.7,12.85,44158,40524500,520012907.0
2025-03-07,ABEV3,12.78,13.12,12.72,13.1,38478,30190400,391551217.0
2025-03-10,ABEV3,13.0,13.26,12.98,13.12,21412,27718600,364781687.0
2025-03-11,ABEV3,13.08,13.16,12.74,12.86,31397,32659900,420539287.0
2025-03-12,ABEV3,12.9,13.11,12.87,13.03,32063,38219900,496961351.0
2025-03-13,ABEV3,13.08,13.33,12.94,13.33,27435,35316500,466320816.0
2025-03-14,ABEV3,13.38,13.64,13.38,13.64,38242,41765100,564299924.0
2025-03-17,ABEV3,13.44,13.69,13.41,13.57,31094,49697100,674040504.0
2025-03-18,ABEV3,13.5,13.63,13.26,13.55,34981,31311700,422054334.0
2025-03-19,ABEV3,13.55,13.77,13.49,13.68,43387,35578000,485712894.0
2025-03-20,ABEV3,13.68,13.69,13.45,13.6,26607,18669000,253234480.0
2025-03-21,ABEV3,13.63,13.75,13.58,13.73,24612,28909800,396102679.0
2025-03-24,ABEV3,13.76,13.79,13.48,13.54,24200,21122400,286507702.0
2025-03-25,ABEV3,13.49,13.66,13.36,13.6,22753,20685600,280037362.0
2025-03-26,ABEV3,13.53,13.53,13.22,13.38,53337,29019200,387376217.0
2025-03-27,ABEV3,13.4,13.48,13.32,13.46,32556,20680800,277256440.0
2025-03-28,ABEV3,13.36,13.43,13.25,13.43,28048,37764200,504112993.0
2025-03-31,ABEV3,13.32,13.72,13.31,13.5,64032,41452600,562485900.0
2025-04-01,ABEV3,13.4,13.65,13.33,13.61,35353,31317800,424264543.0
2025-04-02,ABEV3,13.6,13.69,13.45,13.67,27131,35788800,486667535.0
2025-04-03,ABEV3,13.64,14.14,13.61,13.85,31178,44926800,624942910.0
2025-04-04,ABEV3,13.73,13.9,13.56,13.71,34853,59559600,821955647.0
2025-04-07,ABEV3,13.29,13.6,12.99,13.18,49127,50069000,662415795.0
2025-04-08,ABEV3,13.16,13.48,13.15,13.24,24544,39798300,528466199.0
2025-04-09,ABEV3,13.19,13.88,13.15,13.67,54686,51912400,706349043.0
2025-04-10,ABEV3,13.67,13.74,13.52,13.6,27835,21741000,295867225.0
2025-04-11,ABEV3,13.73,13.73,13.44,13.48,30219,35635500,481466160.0
2025-04-14,ABEV3,13.65,13.74,13.53,13.68,20747,23490300,320969039.0
2025-04-15,ABEV3,13.68,13.86,13.62,13.66,19229,22758200,312601734.0
2025-04-16,ABEV3,13.59,14.08,13.57,13.89,63423,60471500,840489828.0
2025-04-17,ABEV3,13.9,14.1,13.79,14.0,44233,56056800,783664051.0
2025-04-22,ABEV3,13.85,14.2,13.74,14.02,26982,28032800,393642088.0
2025-04-23,ABEV3,14.16,14.3,13.98,14.05,34672,35704200,504695842.0
2025-04-24,ABEV3,14.08,14.19,13.98,14.15,33993,38150200,537342325.0
2025-04-25,ABEV3,14.07,14.23,13.95,14.09,25732,24151500,340054480.0
2025-04-28,ABEV3,14.11,14.34,14.05,14.3,36471,28336600,402717076.0
2025-04-29,ABEV3,14.22,14.6,14.18,14.51,33918,59612200,862751957.0
2025-04-30,ABEV3,14.45,14.76,14.44,14.57,37692,46988000,686667105.0
2025-05-02,ABEV3,14.41,14.51,14.12,14.12,20675,35468500,506253483.0
2025-05-05,ABEV3,14.12,14.25,14.03,14.06,17887,29153300,410453962.0
2025-05-06,ABEV3,14.0,14.25,14.0,14.21,17514,21775000,308645295.0
2025-05-07,ABEV3,14.31,14.34,14.06,14.27,30106,23409200,333122943.0
2025-05-08,ABEV3,14.77,15.03,14.29,14.37,41449,45418600,663444536.0
2025-05-09,ABEV3,14.29,14.41,14.2,14.28,25640,23441600,335464737.0
2025-05-12,ABEV3,14.26,14.33,14.08,14.29,23989,19557500,278042575.0
2025-05-13,ABEV3,14.35,14.38,14.13,14.25,20041,20625000,293378384.0
2025-05-14,ABEV3,14.19,14.43,14.19,14.23,37344,37228600,531057802.0
2025-05-15,ABEV3,14.23,14.44,14.2,14.41,26920,19063200,273551117.0
2025-05-16,ABEV3,14.27,14.4,14.2,14.39,25403,26057100,373076751.0
2025-05-19,ABEV3,14.37,14.53,14.32,14.32,12453,14202200,204641011.0
2025-05-20,ABEV3,14.32,14.37,14.22,14.29,22455,17554600,250716972.0
2025-05-21,ABEV3,14.17,14.33,14.03,14.16,20244,16478300,233690297.0
2025-05-22,ABEV3,14.16,14.27,14.1,14.1,22913,18062800,255843358.0
2025-05-23,ABEV3,14.0,14.3,13.97,14.24,18176,16089800,228199880.0
2025-05-26,ABEV3,14.25,14.28,14.1,14.26,9461,6439900,91400837.0
2025-05-27,ABEV3,14.46,14.46,14.17,14.2,19283,15568200,221751483.0
2025-05-28,ABEV3,14.21,14.22,14.09,14.1,18646,12853200,181697569.0
2025-05-29,ABEV3,14.04,14.17,14.01,14.06,15461,12528800,176469254.0
2025-05-30,ABEV3,14.12,14.12,13.9,14.03,18312,38207300,534876906.0
2025-06-02,ABEV3,14.04,14.09,13.83,13.91,20398,15049400,209508096.0
2025-06-03,ABEV3,13.91,14.08,13.83,14.01,24457,18971700,265803196.0
2025-06-04,ABEV3,14.09,14.26,14.01,14.08,15874,19154800,269637211.0
2025-06-05,ABEV3,14.1,14.11,13.83,13.87,19796,20132900,280260988.0
2025-06-06,ABEV3,13.97,14.1,13.82,14.08,24911,26970100,377974204.0
2025-06-09,ABEV3,13.99,14.06,13.81,13.96,21940,17173900,239519520.0
2025-06-10,ABEV3,14.07,14.1,13.73,13.8,22082,23640900,328303904.0
2025-06-11,ABEV3,13.73,13.92,13.63,13.91,19817,22849900,315637290.0
2025-06-12,ABEV3,13.75,13.89,13.74,13.8,17683,14788400,204057019.0
2025-06-13,ABEV3,13.68,13.79,13.58,13.64,32832,28243400,385830283.0
2025-06-16,ABEV3,13.66,13.85,13.59,13.68,24661,27978300,382440661.0
2025-06-17,ABEV3,13.73,13.75,13.4,13.47,27741,32452200,437574131.0
2025-06-18,ABEV3,13.38,13.55,13.35,13.49,25956,37567000,505788570.0
2025-06-20,ABEV3,13.41,13.55,13.37,13.53,20670,39451400,531013679.0
2025-06-23,ABEV3,13.5,13.65,13.47,13.56,27057,27562100,373586066.0
2025-06-24,ABEV3,13.58,13.65,13.43,13.51,21343,26798300,362772677.0
2025-06-25,ABEV3,13.4,13.47,13.1,13.15,32398,50901200,672704380.0
2025-06-26,ABEV3,13.2,13.37,13.12,13.32,23614,36177200,480685649.0
2025-06-27,ABEV3,13.22,13.22,13.01,13.15,24877,27309400,358418474.0
2025-06-30,ABEV3,13.09,13.34,13.04,13.32,28886,34532500,457066609.0
2025-07-01,ABEV3,13.36,13.41,13.17,13.38,18191,21493700,286587910.0
2025-07-02,ABEV3,13.49,13.78,13.36,13.65,46381,47073600,639088062.0
2025-07-03,ABEV3,13.67,13.73,13.48,13.48,24833,15694900,212914905.0
2025-07-04,ABEV3,13.41,13.63,13.4,13.52,15684,6452500,87442142.0
2025-07-07,ABEV3,13.51,13.54,13.3,13.4,28542,23165300,310311345.0
2025-07-08,ABEV3,13.42,13.49,13.27,13.38,27919,32803300,439220403.0
2025-07-09,ABEV3,13.45,13.45,13.23,13.31,28935,31299800,417251786.0
2025-07-10,ABEV3,13.22,13.38,13.15,13.23,23493,26865400,355687480.0
2025-07-11,ABEV3,13.19,13.38,13.08,13.3,16407,40854900,543118694.0
2025-07-14,ABEV3,13.26,13.57,13.26,13.29,17010,36420400,487056361.0
2025-07-15,ABEV3,13.37,13.52,13.23,13.27,19836,27675300,367999189.0
2025-07-16,ABEV3,13.38,13.73,13.31,13.68,27411,48903600,665263359.0
2025-07-17,ABEV3,13.67,13.69,13.44,13.46,23872,19213600,259683368.0
2025-07-18,ABEV3,13.33,13.49,13.29,13.32,17796,23902900,318943614.0
2025-07-21,ABEV3,13.35,13.45,13.26,13.42,16985,21355000,285548724.0
2025-07-22,ABEV3,13.43,13.53,13.4,13.4,21976,22285900,299714111.0
2025-07-23,ABEV3,13.41,13.66,13.4,13.59,15261,15345700,208868775.0
2025-07-24,ABEV3,13.54,13.59,13.41,13.5,12201,8292700,112033602.0
2025-07-25,ABEV3,13.58,13.6,13.45,13.47,13413,15436100,208544802.0
2025-07-28,ABEV3,13.47,13.49,13.03,13.06,34889,56671100,745913281.0
2025-07-29,ABEV3,13.15,13.23,13.02,13.19,32392,20942500,275557712.0
2025-07-30,ABEV3,13.2,13.39,13.08,13.15,36341,25805400,339907133.0
2025-07-31,ABEV3,12.33,12.61,12.2,12.46,65383,116074600,1443979255.0
2025-08-01,ABEV3,12.55,12.68,12.22,12.29,25921,34261200,422838081.0
2025-08-04,ABEV3,12.39,12.57,12.34,12.41,23100,16396200,203979735.0
2025-08-05,ABEV3,12.47,12.51,12.31,12.36,29998,33909800,420935018.0
2025-08-06,ABEV3,12.5,12.57,12.38,12.48,32681,43866000,547929928.0
2025-08-07,ABEV3,12.51,12.65,12.4,12.54,46348,34814900,437533188.0
2025-08-08,ABEV3,12.55,12.57,12.31,12.37,22330,24174500,299040090.0
2025-08-11,ABEV3,12.37,12.44,12.25,12.31,19538,50587800,623250160.0
2025-08-12,ABEV3,12.38,12.44,12.23,12.23,28559,21327300,263213246.0
2025-08-13,ABEV3,12.23,12.23,11.95,12.12,37639,42653700,515959978.0
2025-08-14,ABEV3,12.0,12.14,11.97,12.02,19211,21777500,262586122.0
2025-08-15,ABEV3,12.0,12.11,11.96,12.04,21744,22228600,267387970.0
2025-08-18,ABEV3,12.04,12.21,11.98,12.07,20857,18813900,228006425.0
2025-08-19,ABEV3,12.04,12.09,11.95,12.07,20685,29267000,352194131.0
2025-08-20,ABEV3,12.05,12.15,11.91,12.1,24387,21759200,263070503.0
2025-08-21,ABEV3,12.04,12.12,12.02,12.06,16811,17547700,211825665.0
2025-08-22,ABEV3,12.13,12.31,12.09,12.21,22890,16592500,202924281.0
2025-08-25,ABEV3,12.25,12.26,12.12,12.12,16440,10382300,126180671.0
2025-08-26,ABEV3,12.12,12.19,12.1,12.18,36533,27024300,328569609.0
2025-08-27,ABEV3,12.15,12.22,12.09,12.15,23974,23328100,283270490.0
2025-08-28,ABEV3,12.24,12.33,12.17,12.25,25391,25303600,310468614.0
2025-08-29,ABEV3,12.26,12.51,12.26,12.35,24793,22696900,281069414.0
2025-09-01,ABEV3,12.38,12.43,12.26,12.3,8206,8227400,101405996.0
2025-09-02,ABEV3,12.23,12.33,12.14,12.16,29952,18419800,224486872.0
2025-09-03,ABEV3,11.9,11.96,11.75,11.9,38257,57777400,685098837.0
2025-09-04,ABEV3,11.91,12.18,11.91,12.16,22094,25257600,306151339.0
2025-09-05,ABEV3,12.2,12.38,12.18,12.25,21833,17025600,208927307.0
2025-09-08,ABEV3,12.23,12.29,12.02,12.14,18067,43983300,533330443.0
2025-09-09,ABEV3,12.11,12.37,12.11,12.33,21945,47583700,585860274.0
2025-09-10,ABEV3,12.26,12.5,12.25,12.36,18759,40403300,502605434.0
2025-09-11,ABEV3,12.48,12.57,12.41,12.52,22393,28340200,354890953.0
2025-09-12,ABEV3,12.43,12.6,12.43,12.58,15111,24015800,301437390.0
2025-09-15,ABEV3,12.58,12.7,12.55,12.63,15419,37293700,471648083.0
2025-09-16,ABEV3,12.7,12.78,12.66,12.71,28005,40985200,521060795.0
2025-09-17,ABEV3,12.69,12.88,12.65,12.79,18816,26865600,344249062.0
2025-09-18,ABEV3,12.81,12.81,12.42,12.52,26803,59380000,747980464.0
2025-09-19,ABEV3,12.55,12.61,12.38,12.55,22324,35447300,443574658.0
2025-09-22,ABEV3,12.41,12.51,12.36,12.36,8542,14169100,175707093.0
2025-09-23,ABEV3,12.36,12.56,12.34,12.46,10231,14643300,182880537.0
2025-09-24,ABEV3,12.46,12.55,12.35,12.38,13625,18134100,225082586.0
2025-09-25,ABEV3,12.39,12.62,12.32,12.46,18352,25988200,325048690.0
2025-09-26,ABEV3,12.53,12.55,12.39,12.46,10173,12754600,159117265.0
2025-09-29,ABEV3,12.6,12.6,12.38,12.41,31574,21050900,262123996.0
2025-09-30,ABEV3,12.23,12.42,12.04,12.09,33050,52485900,638490503.0
2025-10-01,ABEV3,12.19,12.19,11.88,11.99,19924,28764000,344913076.0
2025-10-02,ABEV3,12.03,12.15,11.86,11.93,23018,25828200,308824410.0
2025-10-03,ABEV3,11.83,11.95,11.75,11.87,23913,21784900,259042102.0
2025-10-06,ABEV3,11.88,12.0,11.78,11.85,13908,14804500,175419871.0
2025-10-07,ABEV3,11.79,11.86,11.71,11.71,17069,18071700,212484106.0
2025-10-08,ABEV3,11.76,11.91,11.71,11.88,10082,14723700,174361128.0
2025-10-09,ABEV3,11.93,11.97,11.68,11.72,12130,28928400,339561421.0
2025-10-10,ABEV3,11.78,11.87,11.74,11.81,13574,21477200,253830189.0
2025-10-13,ABEV3,11.83,11.93,11.78,11.86,10460,11694900,138641901.0
2025-10-14,ABEV3,11.8,12.1,11.75,12.05,14545,29046500,349178950.0
2025-10-15,ABEV3,11.99,12.1,11.91,11.99,16232,28407100,340715917.0
2025-10-16,ABEV3,11.99,12.24,11.92,12.15,17365,26420200,321098295.0
2025-10-17,ABEV3,12.13,12.4,12.1,12.37,21486,23480500,289554819.0
2025-10-20,ABEV3,12.33,12.45,12.29,12.36,14752,18260900,226016057.0
2025-10-21,ABEV3,12.32,12.35,12.15,12.22,23654,26607400,325417131.0
2025-10-22,ABEV3,12.25,12.27,12.06,12.07,23872,29517800,358201946.0
2025-10-23,ABEV3,12.1,12.18,12.03,12.12,17316,25355600,306955223.0
2025-10-24,ABEV3,12.18,12.26,12.05,12.11,16552,21686700,262858615.0
2025-10-27,ABEV3,12.22,12.39,12.1,12.15,22377,40310400,491334058.0
2025-10-28,ABEV3,12.13,12.15,12.0,12.03,21044,29170400,351404461.0
2025-10-29,ABEV3,12.06,12.14,11.98,12.03,30219,38485900,463696275.0
2025-10-30,ABEV3,12.5,12.66,12.35,12.59,52854,91617100,1144260055.0
2025-10-31,ABEV3,12.51,12.92,12.51,12.71,28099,32111000,409847969.0
2025-11-03,ABEV3,12.89,12.94,12.73,12.91,30847,28265800,363912634.0
2025-11-04,ABEV3,12.89,13.16,12.83,13.16,17952,27058100,353659401.0
2025-11-05,ABEV3,13.15,13.29,13.11,13.18,21007,21380200,282473115.0
2025-11-06,ABEV3,13.24,13.24,13.08,13.08,18730,15494600,203716439.0
2025-11-07,ABEV3,13.08,13.29,13.05,13.12,29086,30234900,397844720.0
2025-11-10,ABEV3,13.25,13.26,13.09,13.18,26030,25239700,332658043.0
2025-11-11,ABEV3,13.29,13.65,13.24,13.59,31916,36404100,492228536.0
2025-11-12,ABEV3,13.59,13.66,13.55,13.62,26058,32756700,445668798.0
2025-11-13,ABEV3,13.64,13.75,13.51,13.63,21382,23794500,325085942.0
2025-11-14,ABEV3,13.68,13.84,13.65,13.69,18476,15533400,213436760.0
2025-11-17,ABEV3,13.64,13.83,13.63,13.76,28199,33654100,462867419.0
2025-11-18,ABEV3,13.69,13.9,13.67,13.74,24339,46389400,639025876.0
2025-11-19,ABEV3,13.74,13.86,13.41,13.41,41392,101108300,1380046905.0
2025-11-21,ABEV3,13.54,13.71,13.36,13.62,60345,35461400,481713930.0
2025-11-24,ABEV3,13.58,13.87,13.56,13.77,28392,43126600,593523941.0
2025-11-25,ABEV3,13.8,13.92,13.62,13.74,15094,20205700,277411610.0
2025-11-26,ABEV3,13.8,13.81,13.58,13.67,29292,33961700,463347741.0
2025-11-27,ABEV3,13.7,13.77,13.65,13.72,9562,8093600,111096538.0
2025-11-28,ABEV3,13.7,13.96,13.66,13.86,22340,23303600,322757539.0
2025-12-01,ABEV3,13.84,14.02,13.8,14.01,18786,15984500,222749923.0
2025-12-02,ABEV3,14.01,14.35,13.85,14.0,29815,36109000,506542779.0
2025-12-03,ABEV3,14.06,14.15,13.97,14.15,19575,15674100,220870335.0
2025-12-04,ABEV3,14.18,14.21,13.85,13.95,31822,37988200,529990263.0
2025-12-05,ABEV3,13.97,14.11,13.59,13.61,34251,61711200,852001082.0
2025-12-08,ABEV3,13.69,13.76,13.59,13.62,22698,19119600,261160659.0
2025-12-09,ABEV3,13.51,13.74,13.46,13.64,21575,38541700,524852817.0
2025-12-10,ABEV3,13.26,13.65,13.14,13.6,35803,91743100,1228519979.0
2025-12-11,ABEV3,13.53,13.84,13.42,13.78,23747,22635200,310691576.0
2025-12-12,ABEV3,13.84,14.05,13.8,14.04,18268,30167300,421662993.0
2025-12-15,ABEV3,14.04,14.35,14.03,14.28,20389,22268400,316579699.0
2025-12-16,ABEV3,14.06,14.28,14.01,14.16,28960,43020300,610423814.0
2025-12-17,ABEV3,13.99,14.13,13.9,14.02,26651,28631200,401243282.0
2025-12-18,ABEV3,13.95,14.16,13.92,13.92,46339,23928400,335630415.0
2025-12-19,ABEV3,13.18,13.32,13.14,13.28,20113,30354700,402288651.0
2025-12-22,ABEV3,13.28,13.3,13.0,13.12,16709,26993300,353116536.0
2025-12-23,ABEV3,13.17,13.57,13.14,13.47,25921,45087200,605378137.0
2025-12-26,ABEV3,13.4,13.82,13.4,13.72,39980,29118400,398004223.0
2025-12-29,ABEV3,13.68,13.87,13.54,13.87,17221,20303700,279166881.0
2025-12-30,ABEV3,13.9,14.09,13.86,13.86,17945,25304800,352882397.0
2026-01-02,ABEV3,13.88,14.02,13.56,13.65,19058,24557600,335477351.0
2026-01-05,ABEV3,13.63,13.76,13.57,13.71,15863,17543300,240199685.0
2026-01-06,ABEV3,13.8,13.85,13.63,13.7,25580,28548900,391433949.0
2026-01-07,ABEV3,13.65,13.72,13.6,13.7,23439,28605400,391229524.0
2026-01-08,ABEV3,13.68,13.8,13.34,13.64,20947,31130800,422089179.0
2026-01-09,ABEV3,13.62,13.96,13.61,13.9,14737,17408500,241513892.0
2026-01-12,ABEV3,13.81,14.04,13.77,13.9,16528,14562800,202810895.0
2026-01-13,ABEV3,13.86,14.1,13.77,13.91,62955,33777500,469484308.0
2026-01-14,ABEV3,13.93,14.24,13.93,14.2,21007,22198700,314063238.0
2026-01-15,ABEV3,14.28,14.28,14.0,14.04,15030,21374400,300894024.0
2026-01-16,ABEV3,14.1,14.14,14.0,14.1,21247,31536400,443563437.0
2026-01-19,ABEV3,14.06,14.17,13.98,14.09,10190,8040400,113138573.0
2026-01-20,ABEV3,14.08,14.21,14.0,14.07,22349,20664800,291660097.0
2026-01-21,ABEV3,14.25,14.34,14.09,14.31,31512,35138900,498178371.0
2026-01-22,ABEV3,14.36,14.8,14.32,14.59,42264,47662500,694671853.0
2026-01-23,ABEV3,14.68,15.11,14.54,14.9,37706,53554400,790073060.0
2026-01-26,ABEV3,14.97,15.14,14.73,15.05,21590,22156500,331174680.0
2026-01-27,ABEV3,15.23,15.25,14.87,14.87,24670,24248800,363463202.0
2026-01-28,ABEV3,15.0,15.12,14.81,14.95,22845,23714500,354287868.0
2026-01-29,ABEV3,15.01,15.06,14.6,14.76,26625,33726800,497396705.0
2026-01-30,ABEV3,14.76,14.97,14.75,14.85,23221,40080400,596158164.0
2026-02-02,ABEV3,14.98,15.18,14.84,15.06,19349,19323000,290887638.0
2026-02-03,ABEV3,15.14,15.39,15.08,15.38,27465,32249800,493607973.0
2026-02-04,ABEV3,15.28,15.43,15.21,15.3,27644,27049700,413977333.0
2026-02-05,ABEV3,15.4,15.52,15.18,15.48,24484,26311400,405813366.0
2026-02-06,ABEV3,15.52,15.57,15.33,15.42,36425,23510600,362148221.0
2026-02-09,ABEV3,15.46,15.5,15.15,15.39,24107,22980900,353177873.0
2026-02-10,ABEV3,15.34,15.79,15.3,15.66,22524,35103300,548494425.0
2026-02-11,ABEV3,15.77,15.95,15.63,15.77,27041,26718700,422192728.0
2026-02-12,ABEV3,15.91,16.77,15.9,16.52,48560,55037900,907262532.0
2026-02-13,ABEV3,16.12,16.41,16.1,16.35,21009,23236900,378072156.0
2026-02-18,ABEV3,16.31,16.49,16.01,16.13,23464,29705300,480643800.0
2026-02-19,ABEV3,16.19,16.28,16.05,16.17,19124,23244500,375369528.0
2026-02-20,ABEV3,16.06,16.1,15.71,16.03,35373,33875800,538335528.0
2026-02-23,ABEV3,15.93,16.33,15.82,16.19,36403,29917200,482662537.0
2026-02-24,ABEV3,16.23,16.58,16.23,16.58,42207,31221100,514909048.0
2026-02-25,ABEV3,16.61,16.64,16.26,16.44,19163,31178500,510839909.0
2026-02-26,ABEV3,16.42,16.6,16.36,16.41,18841,18040900,296339892.0
2026-02-27,ABEV3,16.32,16.52,16.25,16.27,24383,34463800,562454166.0
2026-03-02,ABEV3,15.97,16.2,15.87,15.91,21945,18638600,297507492.0
2026-03-03,ABEV3,15.35,15.58,15.15,15.57,36207,40085300,618119510.0
2026-03-04,ABEV3,15.7,15.84,15.4,15.6,21741,26249500,408557754.0
2026-03-05,ABEV3,15.49,15.56,15.26,15.29,21350,26954000,413995515.0
2026-03-06,ABEV3,15.3,15.34,14.96,15.23,18399,17914800,272202482.0
2026-03-09,ABEV3,15.2,15.56,15.13,15.41,25681,21901300,336287738.0
2026-03-10,ABEV3,15.43,15.72,15.39,15.45,18414,20894000,325061740.0
2026-03-11,ABEV3,15.31,15.55,15.2,15.43,18738,19594000,302022328.0
2026-03-12,ABEV3,15.22,15.25,14.87,14.95,31966,37546800,563536114.0
2026-03-13,ABEV3,14.87,15.23,14.87,15.0,22522,25418200,383913841.0
2026-03-16,ABEV3,15.2,15.32,15.1,15.1,18834,28906400,439572552.0
2026-03-17,ABEV3,15.15,15.19,14.95,15.02,31983,27499600,414495400.0
2026-03-18,ABEV3,14.95,15.06,14.74,14.74,21487,20403700,303309209.0
2026-03-19,ABEV3,14.52,14.77,14.44,14.77,24617,30848100,451865002.0
2026-03-20,ABEV3,14.69,14.75,14.33,14.47,33728,65690300,950693044.0
2026-03-23,ABEV3,14.68,14.83,14.53,14.66,18227,23231600,341951528.0
2026-03-24,ABEV3,14.66,14.76,14.49,14.7,12560,13573700,199151027.0
2026-03-25,ABEV3,14.89,15.12,14.79,15.01,28677,25296600,379226070.0
2026-03-26,ABEV3,14.88,15.05,14.81,14.83,16409,13324100,198513161.0
2026-03-27,ABEV3,14.79,15.0,14.74,14.76,14325,17884700,265372414.0
2026-03-30,ABEV3,14.85,14.92,14.73,14.84,13581,18158200,269458279.0
2026-03-31,ABEV3,15.0,15.26,14.94,15.25,26665,36180800,548525585.0
2026-04-01,ABEV3,15.27,15.48,15.18,15.36,20360,23927000,368141272.0
2026-04-02,ABEV3,15.15,15.41,15.1,15.28,23369,25947900,395390923.0
2026-04-06,ABEV3,15.3,15.56,15.3,15.45,14977,14919000,230396521.0
2026-04-07,ABEV3,15.37,15.48,15.22,15.48,16757,18339600,281453134.0
2026-04-08,ABEV3,15.96,16.04,15.65,15.86,34827,34907800,555460729.0
2026-04-09,ABEV3,15.99,16.25,15.85,16.06,38325,33451600,539574206.0
2026-04-10,ABEV3,16.3,16.34,16.04,16.12,26165,23124300,373210656.0
2026-04-13,ABEV3,16.12,16.19,15.85,15.93,27387,23073100,367832449.0
2026-04-14,ABEV3,15.97,16.02,15.83,15.89,27181,22292800,354932337.0
2026-04-15,ABEV3,15.84,15.94,15.74,15.83,28290,24739300,391397252.0
2026-04-16,ABEV3,15.4,15.58,15.3,15.43,45867,49811600,768746632.0
2026-04-17,ABEV3,15.64,15.77,15.31,15.33,34662,36656000,566842315.0
2026-04-20,ABEV3,15.34,15.47,15.28,15.31,22861,14954700,229908605.0
2026-04-22,ABEV3,15.32,15.41,15.0,15.0,24697,26157200,394989202.0
2026-04-23,ABEV3,15.0,15.0,14.74,14.74,23946,25435000,376850181.0
2026-04-24,ABEV3,14.72,14.73,14.46,14.5,23279,24151800,351129355.0
2026-04-27,ABEV3,14.62,14.71,14.5,14.54,17079,18935100,276275112.0
2026-04-28,ABEV3,14.41,14.63,14.4,14.58,21680,15614300,227172893.0
2026-04-29,ABEV3,14.51,14.56,14.32,14.33,29317,18123700,261019783.0
2026-04-30,ABEV3,14.36,14.64,14.36,14.51,21399,26546800,386329244.0
2026-05-04,ABEV3,14.57,14.62,14.43,14.44,26234,21318400,309234166.0
2026-05-05,ABEV3,15.56,16.84,15.56,16.65,64907,109952300,1806597485.0
2026-05-06,ABEV3,16.66,17.02,16.58,16.95,30926,31822900,537160128.0
2026-05-07,ABEV3,16.86,17.04,16.32,16.41,28743,30952400,511861815.0
2026-05-08,ABEV3,16.49,16.55,16.18,16.32,38137,41784100,683243612.0
2026-05-11,ABEV3,16.2,16.51,16.17,16.25,19645,19740000,321021133.0
2026-05-12,ABEV3,16.21,16.32,16.1,16.13,19835,19751300,319462412.0
2026-05-13,ABEV3,16.16,16.3,15.85,15.91,28869,28456100,456031391.0
2026-05-14,ABEV3,15.96,16.1,15.75,15.77,25799,22570000,358705820.0
2026-05-15,ABEV3,15.67,15.89,15.5,15.69,36676,31009400,487595780.0
2026-05-18,ABEV3,15.72,15.85,15.61,15.81,20443,20757200,327757759.0
2026-05-19,ABEV3,15.65,15.91,15.53,15.81,33446,25814600,408197470.0
2026-05-20,ABEV3,15.91,16.31,15.87,16.22,21825,24281300,393022219.0
2026-05-21,ABEV3,16.11,16.55,16.08,16.4,16994,20774700,340649786.0
2026-05-22,ABEV3,16.2,16.3,16.09,16.1,16851,24010300,387974483.0
2026-05-25,ABEV3,16.2,16.41,16.16,16.4,14140,14643100,239268997.0
2026-05-26,ABEV3,16.9,16.92,16.39,16.59,31070,35881800,594171688.0
2026-05-27,ABEV3,16.79,16.92,16.57,16.61,28579,37022600,617994530.0
2026-05-28,ABEV3,16.6,16.65,16.25,16.29,16783,24813300,408101895.0
2026-05-29,ABEV3,16.29,16.46,16.02,16.32,35985,86461700,1406324383.0
2026-06-01,ABEV3,16.39,16.57,16.14,16.43,26614,37464400,614959545.0
2026-06-02,ABEV3,16.49,16.63,16.42,16.45,14869,15806800,260839868.0
2026-06-03,ABEV3,16.22,16.32,16.05,16.07,28715,24645900,398228995.0
2026-06-05,ABEV3,16.04,16.26,15.95,16.17,20786,22959700,370813976.0
2026-06-08,ABEV3,16.11,16.23,15.95,16.08,20934,18008000,289138135.0
2026-06-09,ABEV3,16.22,16.35,16.13,16.21,17057,23741600,385136268.0
2026-06-10,ABEV3,16.13,16.28,16.13,16.28,17594,23080500,374413165.0
2026-06-11,ABEV3,16.22,16.64,16.19,16.64,24419,33555900,553033917.0
2026-06-12,ABEV3,16.5,16.77,16.44,16.61,20347,14291800,237287279.0
2026-06-15,ABEV3,16.77,16.82,16.56,16.57,19294,19463100,324217909.0
2026-06-16,ABEV3,16.48,16.56,16.35,16.44,15210,13495700,221586819.0
2026-06-17,ABEV3,16.36,16.71,16.11,16.19,26850,32858800,537720339.0
2026-06-18,ABEV3,16.13,16.34,16.1,16.22,22986,41278300,669266718.0
2026-06-19,ABEV3,16.17,16.31,16.05,16.05,16502,26900700,433439789.0
2026-06-22,ABEV3,16.16,16.38,16.07,16.17,20403,22020700,357903174.0
2026-06-23,ABEV3,16.05,16.43,16.05,16.37,20861,27581700,449943912.0
2026-06-24,ABEV3,16.29,16.52,16.25,16.38,22891,22826200,374718479.0
2026-06-25,ABEV3,16.4,16.49,16.23,16.39,13638,18193000,297968412.0
2026-06-26,ABEV3,16.43,16.76,16.38,16.73,14946,21690800,360997384.0
2026-06-29,ABEV3,16.79,16.85,16.52,16.59,19441,17657800,294038162.0
2026-06-30,ABEV3,16.46,16.5,16.24,16.29,22627,22299700,363962408.0
2026-07-01,ABEV3,16.13,16.39,16.09,16.2,24395,17744600,288546679.0
2026-07-02,ABEV3,16.38,16.48,16.22,16.3,12467,17656700,287742520.0
2026-07-03,ABEV3,16.45,16.45,16.15,16.29,8910,6915200,112521806.0
2026-07-06,ABEV3,16.09,16.1,15.69,15.88,27777,32014900,507900054.0
2026-07-07,ABEV3,15.84,16.12,15.56,15.61,22857,37381000,589883058.0
2026-07-08,ABEV3,15.53,15.74,15.52,15.62,17603,24227600,378636927.0
2026-07-09,ABEV3,15.73,15.79,15.64,15.72,13711,23964000,376749835.0
2026-07-10,ABEV3,15.95,15.99,15.72,15.82,21989,34757300,550426821.0
2026-07-13,ABEV3,15.81,16.03,15.7,15.83,21646,31167700,494471529.0
2026-07-14,ABEV3,15.94,16.0,15.78,15.81,21808,17907700,284151601.0
2026-07-15,ABEV3,15.59,15.73,15.35,15.57,18381,31466500,489833375.0
2026-07-16,ABEV3,15.49,15.71,15.46,15.6,22455,20772600,324643109.0
2026-07-17,ABEV3,15.59,15.75,15.51,15.63,19410,16137800,252179222.0
2026-07-20,ABEV3,15.65,15.83,15.58,15.79,22074,24319600,383370744.0
2026-07-21,ABEV3,15.74,15.9,15.74,15.8,16634,19628700,310667275.0
2026-07-22,ABEV3,15.85,16.14,15.74,16.13,23093,28818200,463215229.0
2026-07-23,ABEV3,16.04,16.11,15.84,15.92,13204,18873800,300636088.0
2026-07-24,ABEV3,15.79,15.9,15.61,15.64,15019,15224800,239171955.0
2026-07-27,ABEV3,15.74,15.89,15.56,15.86,24364,30052500,472721918.0
2026-07-28,ABEV3,16.2,16.37,16.01,16.1,26859,37458000,606562517.0
2026-07-29,ABEV3,16.05,16.23,15.9,15.9,20407,37839300,607004329.0
2026-07-30,ABEV3,15.22,15.96,15.12,15.96,47180,70813600,1105010261.0
2026-07-31,ABEV3,16.1,16.1,15.85,15.99,19324,38243300,611512781.0
2026-08-03,ABEV3,16.07,16.12,15.73,15.77,22102,34419100,545091118.0
2026-08-04,ABEV3,16.0,16.01,15.58,15.87,33026,28395700,449602271.0
2026-08-05,ABEV3,15.96,15.96,15.78,15.84,22363,35610400,564332944.0
2026-08-06,ABEV3,15.75,15.78,15.56,15.66,22002,27603100,432332664.0
2026-08-07,ABEV3,15.65,15.68,15.45,15.48,17857,23662500,367092704.0
2026-08-10,ABEV3,15.4,15.48,15.25,15.27,13365,20681500,316840040.0
2026-08-11,ABEV3,15.21,15.3,14.93,15.01,25083,33997000,510811729.0
2026-08-12,ABEV3,15.0,15.07,14.81,14.85,18581,26999400,402109288.0
2026-08-13,ABEV3,14.79,15.06,14.79,14.92,17304,21998800,328923139.0
2026-08-14,ABEV3,14.85,14.98,14.64,14.75,23758,33534300,494445160.0
2026-08-17,ABEV3,14.74,14.88,14.59,14.67,24322,34531700,506369061.0
2026-08-18,ABEV3,14.66,14.87,14.63,14.73,24430,19528000,288335179.0
2026-08-19,ABEV3,14.86,15.09,14.68,14.78,15585,23868700,353793398.0
2026-08-20,ABEV3,14.65,14.93,14.6,14.9,26822,41094500,605439270.0
2021-08-20,B3SA3,13.9,14.29,13.85,14.2,71149,31296800,442758589.0
2021-08-23,B3SA3,14.24,14.3,13.59,13.65,58075,36205000,498300020.0
2021-08-24,B3SA3,13.85,14.2,13.7,13.9,46654,33260300,464885501.0
2021-08-25,B3SA3,13.85,13.99,13.7,13.99,38086,20126000,278170600.0
2021-08-26,B3SA3,13.95,13.95,13.62,13.66,48681,28614800,392500281.0
2021-08-27,B3SA3,13.75,13.94,13.7,13.94,45427,23793100,328753338.0
2021-08-30,B3SA3,13.8,13.81,13.6,13.7,39359,22561400,308730576.0
2021-08-31,B3SA3,13.75,14.07,13.68,14.07,56984,48739900,680648715.0
2021-09-01,B3SA3,14.2,14.55,14.17,14.43,79300,52051300,748594869.0
2021-09-02,B3SA3,14.29,14.33,13.96,14.07,67411,47149900,666561867.0
2021-09-03,B3SA3,14.2,14.2,13.74,14.05,52456,51109700,713363364.0
2021-09-06,B3SA3,14.03,14.35,13.93,14.32,26784,14602300,207321666.0
2021-09-08,B3SA3,14.13,14.18,13.07,13.12,90435,63466700,852287915.0
2021-09-09,B3SA3,13.15,13.8,13.15,13.63,64490,58011400,777522251.0
2021-09-10,B3SA3,13.81,14.28,13.71,13.81,76689,60589600,848402348.0
2021-09-13,B3SA3,14.11,14.39,13.93,14.2,41424,36232300,515575542.0
2021-09-14,B3SA3,14.24,14.4,14.1,14.13,40696,28742600,410361533.0
2021-09-15,B3SA3,14.24,14.24,13.79,14.05,36062,26496700,370395592.0
2021-09-16,B3SA3,13.91,14.16,13.84,14.12,40531,42661400,598640582.0
2021-09-17,B3SA3,14.02,14.23,13.95,14.18,56723,70010200,985729909.0
2021-09-20,B3SA3,13.94,13.98,13.55,13.68,65884,45113100,617955032.0
2021-09-21,B3SA3,13.8,13.84,13.55,13.55,40366,67286600,920897142.0
2021-09-22,B3SA3,13.75,14.44,13.54,14.25,66218,108149000,1510337880.0
2021-09-23,B3SA3,14.2,14.23,13.74,13.91,48787,53091800,738864086.0
2021-09-24,B3SA3,13.75,13.89,13.64,13.88,51347,44537200,611970429.0
2021-09-27,B3SA3,13.9,13.99,13.47,13.68,60289,44348800,604718212.0
2021-09-28,B3SA3,13.65,13.65,12.89,12.94,53484,59678700,781239929.0
2021-09-29,B3SA3,12.92,13.02,12.66,12.75,49661,44155500,565804708.0
2021-09-30,B3SA3,12.67,13.0,12.56,12.74,50174,41870800,535084115.0
2021-10-01,B3SA3,12.81,13.39,12.8,13.23,49299,59150700,777444399.0
2021-10-04,B3SA3,13.11,13.12,12.33,12.4,56824,56757200,712577570.0
2021-10-05,B3SA3,12.57,12.58,12.15,12.15,44410,30677800,377640573.0
2021-10-06,B3SA3,11.9,12.26,11.72,12.22,76426,61558800,740230768.0
2021-10-07,B3SA3,12.24,12.54,12.17,12.26,50535,38495700,475531359.0
2021-10-08,B3SA3,12.25,12.85,12.25,12.49,51639,46120200,576882832.0
2021-10-11,B3SA3,12.43,12.55,11.95,12.13,50649,60596300,736076762.0
2021-10-13,B3SA3,12.2,12.97,12.1,12.85,77244,127162500,1613393976.0
2021-10-14,B3SA3,13.01,13.13,12.66,12.73,48939,46378200,595830436.0
2021-10-15,B3SA3,12.75,13.26,12.73,13.15,74815,65203700,853559748.0
2021-10-18,B3SA3,13.17,13.19,12.85,12.92,49954,40108700,520834426.0
2021-10-19,B3SA3,12.83,12.92,12.36,12.52,66255,82966200,1048715862.0
2021-10-20,B3SA3,12.72,13.27,12.67,13.11,29985,82492500,1075362471.0
2021-10-21,B3SA3,12.85,13.19,12.64,13.01,71203,90673900,1177830985.0
2021-10-22,B3SA3,12.95,12.95,12.21,12.62,18997,75684300,948758675.0
2021-10-25,B3SA3,12.65,13.05,12.6,12.89,61499,33953800,437379075.0
2021-10-26,B3SA3,12.65,12.71,12.14,12.15,72542,52824000,649472934.0
2021-10-27,B3SA3,12.15,12.43,12.05,12.12,51465,42613500,519831060.0
2021-10-28,B3SA3,12.0,12.28,11.8,12.04,56993,33972100,409282366.0
2021-10-29,B3SA3,12.2,12.31,11.85,11.91,41789,25194500,302805046.0
2021-11-01,B3SA3,11.95,12.15,11.87,11.98,38020,23616800,284164878.0
2021-11-03,B3SA3,11.96,12.15,11.63,12.0,59163,60895800,723408104.0
2021-11-04,B3SA3,11.92,12.02,11.77,11.94,38418,25384000,302143360.0
2021-11-05,B3SA3,12.08,12.48,12.02,12.37,45630,34580400,426986036.0
2021-11-08,B3SA3,12.26,12.3,12.07,12.24,40886,19849400,241865236.0
2021-11-09,B3SA3,12.28,12.8,12.22,12.64,52914,32675500,411867563.0
2021-11-10,B3SA3,12.56,12.88,12.5,12.67,53894,41159000,523379044.0
2021-11-11,B3SA3,12.85,13.21,12.83,13.15,64406,48066000,629722127.0
2021-11-12,B3SA3,13.19,13.29,12.89,13.05,49125,37965000,495516672.0
2021-11-16,B3SA3,12.96,13.39,12.67,12.75,50037,45374400,585212669.0
2021-11-17,B3SA3,12.87,13.02,12.4,12.66,56688,54681400,692760368.0
2021-11-18,B3SA3,12.76,12.86,12.31,12.47,54494,40061500,501462547.0
2021-11-19,B3SA3,12.56,12.75,12.36,12.47,51303,37670500,471669333.0
2021-11-22,B3SA3,12.53,12.69,12.03,12.1,35393,21141000,260914545.0
2021-11-23,B3SA3,12.15,12.19,11.71,11.98,74733,44404300,529868645.0
2021-11-24,B3SA3,11.82,12.27,11.68,12.19,46989,24597700,297085966.0
2021-11-25,B3SA3,12.19,12.47,12.17,12.37,33616,14066600,173787638.0
2021-11-26,B3SA3,12.0,12.06,11.7,11.78,39407,20776900,245262752.0
2021-11-29,B3SA3,11.85,11.88,11.21,11.5,72485,54291200,623547705.0
2021-11-30,B3SA3,11.43,11.49,10.96,11.11,62796,63350400,704838467.0
2021-12-01,B3SA3,11.29,11.51,10.99,11.01,62234,34282100,384216133.0
2021-12-02,B3SA3,11.28,11.61,11.17,11.46,51623,39238000,448136063.0
2021-12-03,B3SA3,11.45,11.88,11.42,11.63,53460,32305400,376603497.0
2021-12-06,B3SA3,11.75,12.02,11.64,11.78,62398,33061100,391073689.0
2021-12-07,B3SA3,12.01,12.32,11.91,12.05,59072,37919100,458207415.0
2021-12-08,B3SA3,12.07,12.27,11.94,12.12,68516,38567900,467178303.0
2021-12-09,B3SA3,12.03,12.09,11.62,11.71,55777,33872800,398574278.0
2021-12-10,B3SA3,12.0,12.62,11.95,12.38,55043,41867200,517266264.0
2021-12-13,B3SA3,12.44,12.48,12.15,12.15,44436,33946900,416230693.0
2021-12-14,B3SA3,12.33,12.44,12.03,12.1,38295,27329200,332430144.0
2021-12-15,B3SA3,12.24,12.24,11.88,12.06,82698,67091300,804296797.0
2021-12-16,B3SA3,12.12,12.54,11.99,12.07,71364,45439000,553818306.0
2021-12-17,B3SA3,11.95,12.4,11.9,12.31,53693,53507900,654273671.0
2021-12-20,B3SA3,12.06,12.12,11.65,11.88,39986,27057700,320624968.0
2021-12-21,B3SA3,11.83,11.86,11.28,11.37,37642,27019000,307952253.0
2021-12-22,B3SA3,11.39,11.67,11.33,11.5,46906,25447000,292538606.0
2021-12-23,B3SA3,11.51,11.53,11.3,11.38,40236,38242300,435575204.0
2021-12-27,B3SA3,11.5,11.55,11.19,11.31,34930,26053300,294582498.0
2021-12-28,B3SA3,11.33,11.33,11.1,11.16,24278,15521100,173526968.0
2021-12-29,B3SA3,11.18,11.24,10.99,11.08,26932,13617300,150879648.0
2021-12-30,B3SA3,11.15,11.29,11.05,11.14,23851,17778000,198375822.0
2022-01-03,B3SA3,11.19,11.41,10.71,10.72,59482,31212300,339279359.0
2022-01-04,B3SA3,10.76,11.01,10.62,10.95,46974,42526400,460938832.0
2022-01-05,B3SA3,10.87,10.93,10.62,10.72,43898,29393700,315784911.0
2022-01-06,B3SA3,10.6,10.98,10.58,10.98,72853,55641200,601491179.0
2022-01-07,B3SA3,10.91,11.26,10.88,11.24,49273,40712800,452815586.0
2022-01-10,B3SA3,11.1,11.25,10.97,11.18,34722,24753100,274518538.0
2022-01-11,B3SA3,11.03,11.21,10.85,11.21,45646,49955600,551637983.0
2022-01-12,B3SA3,11.27,11.64,11.14,11.61,58915,51902800,595338440.0
2022-01-13,B3SA3,11.47,11.73,11.46,11.59,45552,41573700,483475773.0
2022-01-14,B3SA3,11.63,12.29,11.56,12.22,61193,58924300,705787418.0
2022-01-17,B3SA3,12.2,12.59,12.11,12.36,46272,34504100,426956314.0
2022-01-18,B3SA3,12.35,12.4,12.04,12.31,44529,27785000,339956997.0
2022-01-19,B3SA3,12.44,12.49,12.25,12.26,37766,28462100,351238230.0
2022-01-20,B3SA3,12.33,13.32,12.28,13.25,90212,86698700,1126851687.0
2022-01-21,B3SA3,13.23,13.88,13.15,13.64,81859,80553900,1101028100.0
2022-01-24,B3SA3,13.49,13.53,12.84,13.06,85683,87684000,1146734888.0
2022-01-25,B3SA3,12.9,13.56,12.88,13.32,6641,71382800,946977450.0
2022-01-26,B3SA3,13.5,14.1,13.5,13.78,89171,71973700,998232738.0
2022-01-27,B3SA3,13.92,14.52,13.81,14.46,92412,83843000,1201850475.0
2022-01-28,B3SA3,14.29,14.77,14.06,14.74,84587,80767700,1169767911.0
2022-01-31,B3SA3,14.64,14.81,14.45,14.62,60365,52205200,763125466.0
2022-02-01,B3SA3,14.62,14.66,14.15,14.26,73897,35998000,514602248.0
2022-02-02,B3SA3,14.27,14.59,13.97,14.13,39861,26420000,375217742.0
2022-02-03,B3SA3,14.11,14.37,14.03,14.14,39122,24431600,345955765.0
2022-02-04,B3SA3,14.06,14.22,13.88,14.13,36318,22866500,321796400.0
2022-02-07,B3SA3,14.13,14.2,13.6,13.7,52709,32879200,451786875.0
2022-02-08,B3SA3,13.65,13.73,13.35,13.55,59885,44067800,597308165.0
2022-02-09,B3SA3,13.71,14.25,13.67,14.16,55911,39200100,552408179.0
2022-02-10,B3SA3,14.16,14.33,13.82,14.1,53826,31062500,437386032.0
2022-02-11,B3SA3,14.3,14.31,13.74,13.92,50976,36193800,508086504.0
2022-02-14,B3SA3,14.17,14.48,13.96,14.12,59594,37045800,526376657.0
2022-02-15,B3SA3,14.44,15.13,14.24,14.6,63230,43238600,633673045.0
2022-02-16,B3SA3,14.75,14.85,14.31,14.59,62956,30914200,449961198.0
2022-02-17,B3SA3,14.62,14.73,14.14,14.2,43422,39058000,564145910.0
2022-02-18,B3SA3,14.31,14.71,14.25,14.27,54808,36694100,531298956.0
2022-02-21,B3SA3,14.35,14.57,13.97,14.07,50530,21087500,300835897.0
2022-02-22,B3SA3,14.25,14.74,14.23,14.39,57796,37226200,539714022.0
2022-02-23,B3SA3,14.39,14.94,14.39,14.59,66895,44694100,655980329.0
2022-02-24,B3SA3,13.99,14.89,13.86,14.7,57384,44249600,640999657.0
2022-02-25,B3SA3,14.55,14.89,14.47,14.58,78595,57772500,843642509.0
2022-03-02,B3SA3,14.5,14.83,14.28,14.32,42564,44776400,646752318.0
2022-03-03,B3SA3,14.26,14.82,14.18,14.77,43512,24918400,365880030.0
2022-03-04,B3SA3,14.7,14.77,14.21,14.44,40233,30019500,431779264.0
2022-03-07,B3SA3,14.27,14.31,13.77,13.9,58576,39659300,556824019.0
2022-03-08,B3SA3,13.77,14.16,13.37,13.62,71657,76144000,1047798287.0
2022-03-09,B3SA3,13.81,14.07,13.7,13.8,67627,62423800,864075501.0
2022-03-10,B3SA3,13.72,13.72,13.14,13.31,54754,37166900,495666100.0
2022-03-11,B3SA3,13.43,13.6,13.14,13.26,45308,35109900,468719999.0
2022-03-14,B3SA3,13.27,13.52,13.12,13.26,32744,25198400,335724756.0
2022-03-15,B3SA3,13.21,13.51,13.17,13.3,48100,32409100,432264464.0
2022-03-16,B3SA3,13.35,13.79,13.31,13.6,48238,46566300,630860648.0
2022-03-17,B3SA3,13.72,13.93,13.45,13.9,58721,37616600,517015939.0
2022-03-18,B3SA3,13.83,14.23,12.8,14.11,78606,93450400,1285022007.0
2022-03-21,B3SA3,14.0,14.27,13.65,13.88,47207,29506800,410475081.0
2022-03-22,B3SA3,14.09,14.67,14.06,14.63,89054,48585100,703612579.0
2022-03-23,B3SA3,14.63,15.08,14.42,14.76,53629,35617600,526262851.0
2022-03-24,B3SA3,14.74,14.9,14.49,14.89,50130,32405300,478439190.0
2022-03-25,B3SA3,14.75,15.38,14.75,15.14,56999,43115300,655569475.0
2022-03-28,B3SA3,15.18,15.37,15.05,15.09,47052,36224300,549725614.0
2022-03-29,B3SA3,15.51,15.82,15.25,15.54,64196,39583800,616908016.0
2022-03-30,B3SA3,15.53,15.8,15.46,15.67,66251,44860300,702251547.0
2022-03-31,B3SA3,15.77,15.81,15.53,15.71,26590,27882200,437126739.0
2022-04-01,B3SA3,15.79,16.18,15.76,16.04,78236,32532800,519264483.0
2022-04-04,B3SA3,16.01,16.19,15.84,16.14,49393,35608100,572088785.0
2022-04-05,B3SA3,16.08,16.33,15.83,15.83,42786,107169600,1730262735.0
2022-04-06,B3SA3,15.7,16.1,15.46,15.87,54983,46479100,736611853.0
2022-04-07,B3SA3,15.7,16.01,15.6,15.85,39105,37641900,593381892.0
2022-04-08,B3SA3,15.65,15.83,15.5,15.6,47359,23854100,373387404.0
2022-04-11,B3SA3,15.44,15.55,14.75,14.88,79818,44122200,665434452.0
2022-04-12,B3SA3,15.13,15.23,14.22,14.35,96532,74508900,1080738963.0
2022-04-13,B3SA3,14.46,14.6,14.22,14.41,72365,50627300,727405079.0
2022-04-14,B3SA3,14.43,14.49,14.18,14.49,47966,32502300,467231551.0
2022-04-18,B3SA3,14.5,14.69,14.35,14.52,45826,18488500,268503434.0
2022-04-19,B3SA3,14.37,14.59,14.22,14.54,57281,27972000,402818538.0
2022-04-20,B3SA3,14.5,14.89,14.47,14.69,70001,24264800,356343480.0
2022-04-22,B3SA3,14.54,14.89,14.26,14.36,57512,31907300,460966846.0
2022-04-25,B3SA3,14.24,14.39,14.02,14.12,39763,30535100,432148639.0
2022-04-26,B3SA3,14.02,14.13,13.59,13.61,47939,45217300,621911086.0
2022-04-27,B3SA3,13.77,13.91,13.38,13.51,41352,55728100,755740160.0
2022-04-28,B3SA3,13.52,13.82,13.44,13.58,34624,30824100,418577893.0
2022-04-29,B3SA3,13.65,13.76,13.27,13.3,32924,36218200,487499612.0
2022-05-02,B3SA3,13.24,13.53,12.54,12.8,54652,67966900,873073831.0
2022-05-03,B3SA3,12.8,12.87,12.47,12.55,38351,26941300,339698431.0
2022-05-04,B3SA3,12.43,12.72,12.11,12.65,52769,44906500,554774574.0
2022-05-05,B3SA3,12.51,12.54,11.93,12.12,56698,37977600,460304528.0
2022-05-06,B3SA3,11.97,12.1,11.68,11.77,48064,35093000,415962311.0
2022-05-09,B3SA3,11.69,11.97,11.51,11.74,87238,28656000,337163060.0
2022-05-10,B3SA3,11.82,11.85,11.41,11.57,59510,32022300,371333627.0
2022-05-11,B3SA3,11.51,11.72,11.29,11.29,36084,28501400,326326697.0
2022-05-12,B3SA3,11.18,12.0,11.18,11.9,65377,57392200,669543412.0
2022-05-13,B3SA3,11.83,11.83,11.44,11.47,58054,62235900,721936880.0
2022-05-16,B3SA3,11.46,11.7,11.24,11.65,50764,33931500,390706699.0
2022-05-17,B3SA3,11.83,12.09,11.7,11.9,64826,36755200,436159920.0
2022-05-18,B3SA3,11.72,11.82,11.47,11.55,48810,45745200,531192301.0
2022-05-19,B3SA3,11.58,11.83,11.54,11.81,44599,41572300,487658137.0
2022-05-20,B3SA3,11.93,12.23,11.84,12.04,66305,70264100,844631057.0
2022-05-23,B3SA3,12.08,12.2,12.02,12.1,66171,36324700,440163438.0
2022-05-24,B3SA3,12.0,12.05,11.78,12.02,52870,36095300,431164020.0
2022-05-25,B3SA3,11.91,12.05,11.61,11.91,44019,41659600,490343483.0
2022-05-26,B3SA3,11.9,12.45,11.9,12.41,70752,59361700,726535955.0
2022-05-27,B3SA3,12.47,12.88,12.32,12.7,52718,42111400,534968319.0
2022-05-30,B3SA3,12.82,13.12,12.7,12.8,42404,26840000,345191338.0
2022-05-31,B3SA3,12.83,12.96,12.63,12.77,37508,123018500,1571241192.0
2022-06-01,B3SA3,12.77,12.83,12.49,12.5,32823,23587800,296961892.0
2022-06-02,B3SA3,12.59,12.99,12.59,12.89,37137,24931700,319571584.0
2022-06-03,B3SA3,12.85,12.92,12.59,12.67,33643,16458000,209380304.0
2022-06-06,B3SA3,12.77,12.79,12.22,12.28,25868,19795100,245141070.0
2022-06-07,B3SA3,12.17,12.25,11.81,11.89,41063,37891200,454106487.0
2022-06-08,B3SA3,11.8,12.05,11.74,11.79,41427,24974600,297268357.0
2022-06-09,B3SA3,11.78,12.16,11.76,11.95,41129,27231900,326914198.0
2022-06-10,B3SA3,11.8,11.94,11.65,11.66,34311,26284500,309133277.0
2022-06-13,B3SA3,11.49,11.68,11.31,11.54,46441,36960800,424711216.0
2022-06-14,B3SA3,11.53,11.62,11.38,11.49,43070,27288400,313652071.0
2022-06-15,B3SA3,11.71,11.8,11.45,11.61,41348,31751100,369606912.0
2022-06-17,B3SA3,11.4,11.49,11.17,11.45,43461,49425100,562977138.0
2022-06-20,B3SA3,11.46,11.62,11.29,11.55,17066,12751100,146754506.0
2022-06-21,B3SA3,11.6,11.77,11.4,11.49,35312,21414500,246918313.0
2022-06-22,B3SA3,11.48,11.67,11.35,11.65,25678,27175500,314057936.0
2022-06-23,B3SA3,11.63,11.9,11.55,11.58,26702,28228200,329424022.0
2022-06-24,B3SA3,11.74,11.82,11.54,11.6,28283,19104100,222180453.0
2022-06-27,B3SA3,11.68,11.76,11.51,11.6,26655,20702300,240448769.0
2022-06-28,B3SA3,11.64,11.82,11.18,11.27,33916,26200200,300523018.0
2022-06-29,B3SA3,11.28,11.3,10.89,10.95,34707,23510100,259856910.0
2022-06-30,B3SA3,10.63,11.08,10.62,10.96,39931,53291500,583211624.0
2022-07-01,B3SA3,10.75,11.31,10.73,11.19,31772,27211900,301980026.0
2022-07-04,B3SA3,11.11,11.35,11.02,11.08,20797,11748300,130843412.0
2022-07-05,B3SA3,11.0,11.34,10.94,11.27,43446,26123700,291846267.0
2022-07-06,B3SA3,11.23,11.43,10.91,11.11,38535,50471100,562587065.0
2022-07-07,B3SA3,11.29,11.42,11.16,11.36,31575,23833400,269676482.0
2022-07-08,B3SA3,11.39,11.53,11.32,11.44,30363,20410600,233015817.0
2022-07-11,B3SA3,11.21,11.22,10.69,10.77,50393,45053000,489441477.0
2022-07-12,B3SA3,10.82,10.82,10.42,10.54,61424,37587600,397545688.0
2022-07-13,B3SA3,10.42,10.61,10.23,10.28,41773,64624500,671936670.0
2022-07-14,B3SA3,10.07,10.36,9.71,10.28,45553,72406700,730198012.0
2022-07-15,B3SA3,10.21,10.33,9.98,10.03,45077,66586300,675332712.0
2022-07-18,B3SA3,10.09,10.44,10.02,10.27,40360,39197600,402967907.0
2022-07-19,B3SA3,10.27,10.5,10.13,10.21,71311,47346400,484826117.0
2022-07-20,B3SA3,10.19,10.59,10.14,10.54,53012,62025800,643883509.0
2022-07-21,B3SA3,10.56,11.07,10.51,11.01,49995,54553200,592156753.0
2022-07-22,B3SA3,11.08,11.18,10.62,10.72,40463,50276200,546035041.0
2022-07-25,B3SA3,10.79,10.79,10.49,10.73,28779,30968000,329545331.0
2022-07-26,B3SA3,10.72,10.85,10.65,10.73,54678,34753400,373340063.0
2022-07-27,B3SA3,10.87,10.93,10.62,10.88,35140,32123300,347245627.0
2022-07-28,B3SA3,10.75,11.37,10.74,11.26,31971,26345100,291015676.0
2022-07-29,B3SA3,11.36,11.36,11.05,11.09,26711,26771200,299397821.0
2022-08-01,B3SA3,11.02,11.12,10.71,10.87,35395,26237600,285698730.0
2022-08-02,B3SA3,10.9,10.99,10.67,10.8,22536,29130100,314747823.0
2022-08-03,B3SA3,10.79,11.2,10.68,11.16,25662,29172900,320545130.0
2022-08-04,B3SA3,11.25,12.0,11.25,11.9,58947,59880700,705231483.0
2022-08-05,B3SA3,11.94,12.19,11.62,12.07,45076,32183700,385976331.0
2022-08-08,B3SA3,12.16,12.6,12.03,12.45,63932,42688100,531454634.0
2022-08-09,B3SA3,12.52,12.68,12.17,12.25,52848,42042800,520519798.0
2022-08-10,B3SA3,12.63,12.7,12.27,12.37,40950,45312100,564589843.0
2022-08-11,B3SA3,12.44,12.53,11.99,12.15,40099,34195200,416540962.0
2022-08-12,B3SA3,12.42,13.1,12.33,13.1,43073,59351200,756307637.0
2022-08-15,B3SA3,13.1,13.28,12.83,13.2,32906,21740700,285007176.0
2022-08-16,B3SA3,13.13,13.21,12.89,13.12,31005,23841700,311214218.0
2022-08-17,B3SA3,13.0,13.16,12.81,12.87,46153,49940200,647947908.0
2022-08-18,B3SA3,12.87,12.93,12.63,12.85,21201,17097000,218289191.0
2022-08-19,B3SA3,12.7,12.84,12.27,12.51,53431,41620300,519299656.0
2022-08-22,B3SA3,12.45,12.52,12.27,12.3,42045,28907700,357962404.0
2022-08-23,B3SA3,12.3,12.48,12.08,12.43,56558,30905000,378891956.0
2022-08-24,B3SA3,12.4,12.69,12.28,12.46,37944,25584600,318969149.0
2022-08-25,B3SA3,12.57,12.82,12.48,12.77,23909,17673600,224075770.0
2022-08-26,B3SA3,12.82,12.85,12.39,12.43,26861,21823200,273057059.0
2022-08-29,B3SA3,12.46,12.59,12.28,12.34,27663,20187300,250408304.0
2022-08-30,B3SA3,12.47,12.57,12.01,12.19,33841,25350200,309773839.0
2022-08-31,B3SA3,12.17,12.32,11.85,11.85,32230,51605400,617723703.0
2022-09-01,B3SA3,11.76,12.11,11.66,12.1,40729,45098300,537148946.0
2022-09-02,B3SA3,12.12,12.98,12.08,12.64,60087,76178400,963733868.0
2022-09-05,B3SA3,12.64,12.96,12.57,12.85,28727,27073800,348000497.0
2022-09-06,B3SA3,12.6,12.62,12.24,12.39,44964,45033200,556983443.0
2022-09-08,B3SA3,12.4,13.04,12.33,13.0,51938,55191000,708320528.0
2022-09-09,B3SA3,13.05,13.22,12.88,12.95,45654,25300300,329681957.0
2022-09-12,B3SA3,12.95,13.33,12.94,13.24,30266,28719300,379524142.0
2022-09-13,B3SA3,13.0,13.19,12.78,12.88,41745,20298200,262603368.0
2022-09-14,B3SA3,12.82,13.02,12.7,12.78,33545,22001400,282264375.0
2022-09-15,B3SA3,12.75,12.88,12.45,12.56,31241,23504300,297053613.0
2022-09-16,B3SA3,12.44,12.65,12.19,12.38,48418,71825800,886120553.0
2022-09-19,B3SA3,12.2,13.35,12.04,13.22,51337,57616200,741425878.0
2022-09-20,B3SA3,13.21,13.82,13.2,13.64,60235,56083600,758729231.0
2022-09-21,B3SA3,13.7,13.73,13.27,13.32,48211,36774800,492696373.0
2022-09-22,B3SA3,13.45,13.6,13.12,13.44,56759,56032400,749666049.0
2022-09-23,B3SA3,13.03,13.39,13.01,13.39,36027,48607100,643583165.0
2022-09-26,B3SA3,13.23,13.27,12.72,12.74,68223,43806300,563318220.0
2022-09-27,B3SA3,12.9,13.05,12.57,12.75,43215,65114400,834090515.0
2022-09-28,B3SA3,12.76,12.94,12.45,12.85,48518,51750700,659266808.0
2022-09-29,B3SA3,12.55,12.69,12.22,12.6,34506,43982600,548876515.0
2022-09-30,B3SA3,12.38,13.18,12.36,13.05,38634,60495600,783361740.0
2022-10-03,B3SA3,14.09,14.28,13.63,13.88,94148,87509200,1212865252.0
2022-10-04,B3SA3,14.65,15.16,14.12,14.48,76091,71455800,1033217729.0
2022-10-05,B3SA3,14.3,14.97,14.01,14.73,76675,65316100,955804476.0
2022-10-06,B3SA3,14.8,14.99,14.56,14.83,46360,38746900,574334524.0
2022-10-07,B3SA3,14.82,14.95,14.64,14.8,31043,15926100,235136513.0
2022-10-10,B3SA3,14.89,14.92,14.62,14.84,50926,23633600,349421634.0
2022-10-11,B3SA3,14.8,14.81,14.21,14.35,51259,35328900,511989710.0
2022-10-13,B3SA3,14.0,14.26,13.66,13.9,70055,75195100,1051305713.0
2022-10-14,B3SA3,14.02,14.22,13.66,13.89,39252,61172000,858900206.0
2022-10-17,B3SA3,14.0,14.42,13.82,14.15,90664,32624700,464126029.0
2022-10-18,B3SA3,14.39,14.41,13.84,14.0,42229,48479200,679929424.0
2022-10-19,B3SA3,14.11,14.31,13.85,14.25,35344,31144700,441243798.0
2022-10-20,B3SA3,14.34,14.43,13.87,14.0,59761,68817500,966194800.0
2022-10-21,B3SA3,14.0,14.81,13.95,14.61,19382,76677800,1105836478.0
2022-10-24,B3SA3,14.4,14.52,13.94,14.04,46304,39162400,552046321.0
2022-10-25,B3SA3,13.88,14.24,13.77,13.85,42335,39314700,550435762.0
2022-10-26,B3SA3,13.66,13.81,13.11,13.18,67067,58938700,787938527.0
2022-10-27,B3SA3,13.31,14.43,13.15,13.88,50239,57273000,785834950.0
2022-10-28,B3SA3,13.78,14.25,13.61,14.18,61233,53816500,755256471.0
2022-10-31,B3SA3,14.13,15.13,13.89,15.04,208,93369800,1373528414.0
2022-11-01,B3SA3,15.02,15.44,14.7,15.12,72025,43955100,662986236.0
2022-11-03,B3SA3,14.95,15.5,14.83,15.38,55284,38761200,591847403.0
2022-11-04,B3SA3,15.5,15.98,15.43,15.6,47635,35021800,550837751.0
2022-11-07,B3SA3,15.41,15.6,15.2,15.3,81494,63757400,979325470.0
2022-11-08,B3SA3,15.26,15.66,15.17,15.33,48823,62326600,960442575.0
2022-11-09,B3SA3,15.2,15.49,14.83,15.24,97809,98960200,1503193384.0
2022-11-10,B3SA3,14.9,14.95,13.1,13.31,24820,131426800,1827723169.0
2022-11-11,B3SA3,12.8,13.22,12.32,12.58,42825,80262500,1027809299.0
2022-11-14,B3SA3,12.7,12.81,12.35,12.47,61407,46911100,587660342.0
2022-11-16,B3SA3,12.46,12.64,12.23,12.4,9580,98671500,1227578642.0
2022-11-17,B3SA3,12.03,12.11,11.28,11.65,15202,276369600,3185150169.0
2022-11-18,B3SA3,11.95,12.29,11.7,11.87,80345,94746800,1131262098.0
2022-11-21,B3SA3,12.04,12.42,11.85,12.03,61845,69352000,837280615.0
2022-11-22,B3SA3,12.06,12.33,11.64,11.99,63069,61014900,730846476.0
2022-11-23,B3SA3,11.7,12.3,11.65,11.99,37847,34017900,409834527.0
2022-11-24,B3SA3,12.14,12.83,12.11,12.66,48612,42778100,541148014.0
2022-11-25,B3SA3,12.35,12.45,11.91,12.05,51377,38771600,470527834.0
2022-11-28,B3SA3,12.1,12.29,11.98,12.08,32896,27142700,329511733.0
2022-11-29,B3SA3,12.37,12.94,12.15,12.55,74390,53449900,673598028.0
2022-11-30,B3SA3,12.49,12.83,12.3,12.73,55446,57073600,718662921.0
2022-12-01,B3SA3,12.53,12.66,12.18,12.41,66296,44924700,555167212.0
2022-12-02,B3SA3,12.48,13.05,12.44,12.7,67615,46834800,599263654.0
2022-12-05,B3SA3,12.46,12.67,12.02,12.15,50625,35793100,436521320.0
2022-12-06,B3SA3,12.25,12.31,11.98,12.18,69141,41261300,500450449.0
2022-12-07,B3SA3,12.1,12.48,12.06,12.25,34970,35864200,441753573.0
2022-12-08,B3SA3,12.12,12.3,11.56,11.74,70098,75114300,886609853.0
2022-12-09,B3SA3,11.84,12.02,11.61,11.74,56622,34385300,405843198.0
2022-12-12,B3SA3,11.71,11.89,10.98,11.45,52594,51820600,586777771.0
2022-12-13,B3SA3,11.59,12.03,11.28,11.39,62650,79422100,923254041.0
2022-12-14,B3SA3,11.34,11.95,11.03,11.78,89363,82829500,954385558.0
2022-12-15,B3SA3,11.49,12.02,11.4,11.53,58650,43791700,509370509.0
2022-12-16,B3SA3,11.5,11.64,11.2,11.36,49606,52477600,596143878.0
2022-12-19,B3SA3,11.41,12.21,11.39,12.09,45176,51014700,611405392.0
2022-12-20,B3SA3,11.96,12.81,11.91,12.62,95060,85870300,1079734058.0
2022-12-21,B3SA3,12.7,12.98,12.43,12.56,48729,33432500,421392728.0
2022-12-22,B3SA3,12.54,12.68,12.15,12.32,42653,28640400,353391603.0
2022-12-23,B3SA3,12.34,13.39,12.32,13.35,44034,55312400,723091290.0
2022-12-26,B3SA3,13.36,13.5,13.13,13.42,37441,26468100,352085915.0
2022-12-27,B3SA3,13.46,13.48,12.84,12.95,67019,51364200,667637563.0
2022-12-28,B3SA3,13.03,13.51,12.78,13.4,53582,46427100,612232909.0
2022-12-29,B3SA3,13.47,13.65,13.09,13.21,54916,54262600,721758005.0
2023-01-02,B3SA3,12.79,13.04,12.07,12.25,56490,36463300,448261036.0
2023-01-03,B3SA3,12.19,12.44,11.64,11.84,65994,55579600,672234113.0
2023-01-04,B3SA3,12.1,12.27,11.77,11.93,56916,46600300,558212620.0
2023-01-05,B3SA3,12.03,12.38,11.92,12.3,45030,42701200,522037019.0
2023-01-06,B3SA3,12.25,12.74,12.24,12.59,29807,18701800,234748128.0
2023-01-09,B3SA3,12.5,12.61,12.12,12.42,43742,29615300,367767537.0
2023-01-10,B3SA3,12.31,12.99,12.25,12.86,38296,37173200,472672555.0
2023-01-11,B3SA3,12.85,13.56,12.85,13.45,42623,45058400,595322571.0
2023-01-12,B3SA3,13.5,13.65,13.09,13.37,41534,42650900,570929242.0
2023-01-13,B3SA3,13.01,13.28,12.92,13.16,33366,34712800,455467427.0
2023-01-16,B3SA3,13.16,13.2,12.82,12.95,23471,23945400,310358205.0
2023-01-17,B3SA3,13.0,13.14,12.67,13.01,63293,55634500,718459452.0
2023-01-18,B3SA3,13.26,13.63,12.93,13.08,49387,58779100,778975770.0
2023-01-19,B3SA3,12.9,13.07,12.57,12.97,39229,37781400,486275321.0
2023-01-20,B3SA3,12.9,13.0,12.7,12.77,36598,37915700,486780643.0
2023-01-23,B3SA3,12.8,12.88,12.53,12.65,56635,28339700,358854600.0
2023-01-24,B3SA3,12.74,12.89,12.63,12.84,33935,21956100,280375303.0
2023-01-25,B3SA3,12.84,13.26,12.72,13.11,33587,22445500,293068785.0
2023-01-26,B3SA3,13.16,13.38,12.83,13.12,46617,23534800,309150871.0
2023-01-27,B3SA3,13.11,13.21,12.64,12.71,31839,28137500,360420670.0
2023-01-30,B3SA3,12.79,12.9,12.65,12.87,39219,29716000,379998872.0
2023-01-31,B3SA3,12.94,13.22,12.8,12.96,36203,34369400,447394451.0
2023-02-01,B3SA3,12.99,13.06,12.51,12.91,35166,42421600,540599701.0
2023-02-02,B3SA3,12.74,13.29,12.74,13.0,47106,37601000,492252896.0
2023-02-03,B3SA3,12.95,13.03,12.04,12.11,60849,75213900,929635685.0
2023-02-06,B3SA3,11.99,12.15,11.73,12.11,40094,30877600,369051278.0
2023-02-07,B3SA3,12.0,12.08,11.44,11.89,55673,59353900,698560270.0
2023-02-08,B3SA3,11.89,12.36,11.89,12.12,40909,36033200,437457966.0
2023-02-09,B3SA3,12.15,12.31,11.52,11.65,48786,42040900,493296944.0
2023-02-10,B3SA3,11.52,11.88,11.52,11.8,37701,34782700,407195308.0
2023-02-13,B3SA3,11.82,11.99,11.6,11.92,65325,39949600,473852576.0
2023-02-14,B3SA3,11.93,11.97,11.36,11.44,52055,48546800,562169415.0
2023-02-15,B3SA3,11.44,11.79,11.14,11.59,69458,68664200,796116028.0
2023-02-16,B3SA3,11.3,11.39,10.86,11.37,79595,75635800,842201716.0
2023-02-17,B3SA3,11.21,11.3,11.03,11.03,35535,37832300,421022853.0
2023-02-22,B3SA3,10.8,10.87,10.55,10.85,50307,34110900,367639693.0
2023-02-23,B3SA3,10.85,10.99,10.64,10.78,53603,66824000,719276464.0
2023-02-24,B3SA3,10.74,10.82,10.37,10.39,41269,36878600,388186233.0
2023-02-27,B3SA3,10.4,10.67,10.26,10.56,48465,41493800,435067001.0
2023-02-28,B3SA3,10.5,10.74,10.43,10.55,40907,41801300,443680900.0
2023-03-01,B3SA3,10.62,10.67,10.33,10.5,57276,45694100,477585967.0
2023-03-02,B3SA3,10.51,10.94,10.45,10.59,64791,74473100,800335661.0
2023-03-03,B3SA3,10.7,10.77,10.45,10.52,39134,47367600,504565942.0
2023-03-06,B3SA3,10.68,11.08,10.62,10.96,42190,38810600,425193194.0
2023-03-07,B3SA3,10.99,11.31,10.92,11.05,37378,39682500,439227093.0
2023-03-08,B3SA3,11.15,11.71,11.1,11.65,55047,74476900,860643222.0
2023-03-09,B3SA3,11.6,11.83,11.53,11.58,36119,51003900,594113382.0
2023-03-10,B3SA3,11.58,11.6,11.18,11.26,36829,49231100,557464191.0
2023-03-13,B3SA3,11.13,11.46,10.93,11.35,47072,49440600,556753072.0
2023-03-14,B3SA3,11.38,11.78,11.33,11.44,58859,50264800,579091407.0
2023-03-15,B3SA3,11.3,11.7,11.13,11.54,47303,50275800,573894372.0
2023-03-16,B3SA3,11.5,11.96,11.47,11.86,55472,66584200,785768944.0
2023-03-17,B3SA3,11.64,11.7,11.29,11.3,55038,80769000,918780178.0
2023-03-20,B3SA3,11.32,11.5,11.03,11.18,70833,34346700,384601296.0
2023-03-21,B3SA3,11.14,11.44,11.14,11.17,38561,42280200,477311720.0
2023-03-22,B3SA3,11.25,11.43,11.04,11.04,52297,64613000,722149971.0
2023-03-23,B3SA3,11.06,11.14,10.27,10.42,5298,83232200,883132401.0
2023-03-24,B3SA3,10.54,10.75,10.34,10.56,50824,44383700,469587007.0
2023-03-27,B3SA3,10.56,10.84,10.5,10.59,66150,69951100,745146752.0
2023-03-28,B3SA3,10.62,10.82,10.38,10.68,69776,97342300,1036938999.0
2023-03-29,B3SA3,10.7,10.72,10.22,10.53,54709,65619500,683274449.0
2023-03-30,B3SA3,10.75,11.07,10.65,10.8,71530,72194000,781824243.0
2023-03-31,B3SA3,10.81,10.85,10.13,10.35,70561,107873700,1117518182.0
2023-04-03,B3SA3,10.35,10.68,10.19,10.58,49649,50036600,524901845.0
2023-04-04,B3SA3,10.71,10.96,10.67,10.83,41088,36717700,397598675.0
2023-04-05,B3SA3,10.86,10.91,10.62,10.79,42219,37293000,400753164.0
2023-04-06,B3SA3,10.85,10.95,10.63,10.7,34921,29384200,314540578.0
2023-04-10,B3SA3,10.8,10.93,10.76,10.91,23590,34926800,378755028.0
2023-04-11,B3SA3,11.06,11.66,11.01,11.63,62710,69830300,798421777.0
2023-04-12,B3SA3,11.74,12.3,11.72,11.86,81731,91951300,1102709463.0
2023-04-13,B3SA3,11.8,11.83,11.33,11.74,45923,43949700,511176245.0
2023-04-14,B3SA3,11.56,12.01,11.5,11.97,41454,28644400,339964659.0
2023-04-17,B3SA3,12.0,12.08,11.88,12.02,23241,28178600,337760580.0
2023-04-18,B3SA3,12.08,12.1,11.74,11.89,47399,27824800,331491368.0
2023-04-19,B3SA3,11.73,11.83,11.52,11.59,39803,39349300,458794170.0
2023-04-20,B3SA3,11.65,11.75,11.46,11.66,36931,43532000,505491621.0
2023-04-24,B3SA3,11.73,11.98,11.53,11.76,28491,36709200,431814957.0
2023-04-25,B3SA3,11.6,11.88,11.5,11.8,30724,23753500,278508268.0
2023-04-26,B3SA3,11.8,11.82,11.21,11.25,37427,43132700,492140808.0
2023-04-27,B3SA3,11.27,11.52,11.15,11.48,26668,31864200,363999431.0
2023-04-28,B3SA3,11.5,11.77,11.35,11.68,26965,34079100,396124989.0
2023-05-02,B3SA3,11.64,11.64,11.25,11.33,32341,29412600,334732514.0
2023-05-03,B3SA3,11.3,11.64,11.28,11.51,33661,24304700,279084202.0
2023-05-04,B3SA3,11.61,12.04,11.49,11.83,43962,34923200,411151213.0
2023-05-05,B3SA3,11.96,12.69,11.96,12.49,41593,55158000,681996519.0
2023-05-08,B3SA3,12.61,12.78,12.35,12.44,33274,39099200,489779068.0
2023-05-09,B3SA3,12.37,12.72,12.3,12.56,28023,29485100,370739795.0
2023-05-10,B3SA3,12.49,12.73,12.48,12.55,26971,29982900,377536667.0
2023-05-11,B3SA3,12.44,12.84,12.36,12.78,37071,41535400,524201160.0
2023-05-12,B3SA3,13.1,13.32,12.75,12.83,38117,45257700,588442781.0
2023-05-15,B3SA3,12.91,13.09,12.77,13.0,41329,26238500,340528784.0
2023-05-16,B3SA3,13.0,13.26,12.75,12.81,42324,52790600,689709050.0
2023-05-17,B3SA3,12.95,13.42,12.92,13.32,33543,75038500,990209645.0
2023-05-18,B3SA3,13.27,13.59,13.2,13.49,35306,34511600,463488186.0
2023-05-19,B3SA3,13.6,13.83,13.35,13.56,31805,58036000,787432390.0
2023-05-22,B3SA3,13.52,13.83,13.31,13.39,38705,23668700,319343130.0
2023-05-23,B3SA3,13.47,13.52,13.04,13.21,50864,59858100,796939344.0
2023-05-24,B3SA3,13.04,13.09,12.72,12.86,40116,41907700,540220119.0
2023-05-25,B3SA3,13.13,13.54,12.97,13.18,38629,61049000,808143865.0
2023-05-26,B3SA3,13.5,13.78,13.35,13.66,34788,39033400,530964172.0
2023-05-29,B3SA3,13.65,13.71,13.45,13.53,18471,13634900,184988502.0
2023-05-30,B3SA3,13.7,13.79,13.29,13.35,30884,32065000,431657214.0
2023-05-31,B3SA3,13.37,13.58,13.13,13.32,29945,70207400,936215433.0
2023-06-01,B3SA3,13.45,14.42,13.38,14.3,52117,62415600,877165804.0
2023-06-02,B3SA3,14.5,14.69,14.26,14.42,48631,44298200,641295204.0
2023-06-05,B3SA3,14.46,14.56,14.16,14.46,35425,38760200,557409755.0
2023-06-06,B3SA3,14.51,14.7,14.26,14.41,54956,57545900,832421232.0
2023-06-07,B3SA3,14.6,14.94,14.46,14.74,49991,52360700,768121035.0
2023-06-09,B3SA3,14.95,15.23,14.69,14.7,65870,34786500,516628079.0
2023-06-12,B3SA3,14.71,15.03,14.71,14.9,29447,24345700,363015579.0
2023-06-13,B3SA3,14.91,14.93,14.48,14.61,69771,39692100,583087156.0
2023-06-14,B3SA3,14.7,15.26,14.61,15.22,56026,62913200,947875718.0
2023-06-15,B3SA3,15.14,15.34,14.67,14.71,53292,53533200,795985920.0
2023-06-16,B3SA3,14.61,14.86,14.52,14.62,48964,68326400,1002449853.0
2023-06-19,B3SA3,14.61,14.84,14.56,14.8,28001,42441300,623503326.0
2023-06-20,B3SA3,14.81,14.93,14.48,14.73,46964,47421200,699053479.0
2023-06-21,B3SA3,14.7,14.81,14.53,14.64,24152,30520800,448221471.0
2023-06-22,B3SA3,14.59,14.6,14.11,14.2,61907,49202600,700748324.0
2023-06-23,B3SA3,14.1,14.54,14.02,14.43,37945,31737600,454829591.0
2023-06-26,B3SA3,14.29,14.44,13.88,14.05,32538,29644200,416470291.0
2023-06-27,B3SA3,14.2,14.32,13.73,14.06,52606,35632400,498424260.0
2023-06-28,B3SA3,13.95,14.18,13.82,13.95,29032,22922900,321816989.0
2023-06-29,B3SA3,13.98,14.78,13.98,14.64,37146,42722400,621387652.0
2023-06-30,B3SA3,14.81,14.96,14.54,14.61,44092,38902400,574252878.0
2023-07-03,B3SA3,14.65,14.98,14.65,14.93,29422,22343500,332531345.0
2023-07-04,B3SA3,14.99,14.99,14.69,14.74,16667,10252000,151665860.0
2023-07-05,B3SA3,14.73,15.0,14.59,14.73,49655,39425800,580471570.0
2023-07-06,B3SA3,14.59,14.73,14.11,14.18,58782,43151400,615856173.0
2023-07-07,B3SA3,14.2,14.58,14.06,14.36,53485,47396100,683918453.0
2023-07-10,B3SA3,14.33,14.35,13.93,14.08,32228,25239000,354872635.0
2023-07-11,B3SA3,13.99,14.08,13.54,13.93,50574,32768300,452755265.0
2023-07-12,B3SA3,14.21,14.57,14.21,14.25,44774,37836700,544476091.0
2023-07-13,B3SA3,14.25,14.73,14.25,14.56,37533,25340200,369599033.0
2023-07-14,B3SA3,14.5,14.6,14.19,14.45,36038,32317300,466186873.0
2023-07-17,B3SA3,14.26,14.65,14.14,14.59,29073,16540300,239625361.0
2023-07-18,B3SA3,14.41,14.8,14.4,14.71,38081,22752800,333742122.0
2023-07-19,B3SA3,14.75,14.76,14.46,14.6,28636,22543400,329082718.0
2023-07-20,B3SA3,14.7,14.8,14.55,14.61,55051,27346100,400020190.0
2023-07-21,B3SA3,14.71,15.33,14.64,15.17,48304,36276800,549474558.0
2023-07-24,B3SA3,15.21,15.3,14.89,15.1,52071,35365600,533450294.0
2023-07-25,B3SA3,15.43,15.52,14.88,14.99,45517,33907800,514029358.0
2023-07-26,B3SA3,14.83,15.03,14.7,14.95,26322,16803100,250585517.0
2023-07-27,B3SA3,15.0,15.19,14.54,14.6,26617,18122100,266904405.0
2023-07-28,B3SA3,14.85,14.92,14.56,14.72,23251,20678900,304052106.0
2023-07-31,B3SA3,14.82,15.15,14.81,14.9,27826,20469500,306244464.0
2023-08-01,B3SA3,14.79,14.87,14.58,14.74,28658,29131900,428217914.0
2023-08-02,B3SA3,14.74,14.87,14.46,14.77,20253,14511700,213221805.0
2023-08-03,B3SA3,14.93,15.32,14.78,14.87,47227,32157800,484065825.0
2023-08-04,B3SA3,14.7,15.07,14.61,14.71,26542,18993900,281107255.0
2023-08-07,B3SA3,14.69,14.79,14.55,14.63,23245,17176300,251225591.0
2023-08-08,B3SA3,14.45,14.65,14.24,14.49,32042,25580600,370068666.0
2023-08-09,B3SA3,14.3,14.63,14.27,14.3,37924,37477400,540419504.0
2023-08-10,B3SA3,14.33,14.49,14.16,14.27,27376,31159500,446427032.0
2023-08-11,B3SA3,14.2,14.44,13.96,14.2,31995,29388400,415583498.0
2023-08-14,B3SA3,14.12,14.23,13.92,14.11,30866,30624900,431825984.0
2023-08-15,B3SA3,14.21,14.21,13.92,14.02,23485,27479400,386129012.0
2023-08-16,B3SA3,14.05,14.15,13.76,13.81,31949,25879800,360346547.0
2023-08-17,B3SA3,13.85,13.93,13.4,13.43,47061,32134200,435725578.0
2023-08-18,B3SA3,13.39,13.81,13.29,13.66,30740,25138300,343553769.0
2023-08-21,B3SA3,13.55,13.66,13.45,13.48,24334,16772100,226958469.0
2023-08-22,B3SA3,13.63,13.87,13.54,13.86,34022,20905700,288023688.0
2023-08-23,B3SA3,13.86,14.21,13.82,14.2,31523,30804700,435167841.0
2023-08-24,B3SA3,14.09,14.14,13.62,13.69,44161,30727700,423813727.0
2023-08-25,B3SA3,13.65,13.77,13.36,13.49,45522,28332000,382277066.0
2023-08-28,B3SA3,13.53,13.64,13.37,13.53,28433,25801600,348356211.0
2023-08-29,B3SA3,13.64,13.71,13.37,13.57,32429,40507700,547838770.0
2023-08-30,B3SA3,13.59,13.64,13.17,13.22,33654,30929000,412170135.0
2023-08-31,B3SA3,13.15,13.15,12.84,12.93,43837,42215000,547095877.0
2023-09-01,B3SA3,12.86,13.1,12.64,12.98,45647,52408300,674619039.0
2023-09-04,B3SA3,13.01,13.24,12.96,13.06,38069,19274900,252931809.0
2023-09-05,B3SA3,12.96,13.0,12.7,12.77,34042,34042400,436703738.0
2023-09-06,B3SA3,12.76,12.85,12.53,12.54,27806,27071200,341504920.0
2023-09-08,B3SA3,12.47,12.62,12.36,12.54,46475,31896700,398529990.0
2023-09-11,B3SA3,12.64,12.97,12.58,12.91,49056,32550700,416650016.0
2023-09-12,B3SA3,12.92,13.24,12.84,13.16,33972,29782800,391313431.0
2023-09-13,B3SA3,13.23,13.43,13.05,13.21,32375,28936200,383805625.0
2023-09-14,B3SA3,13.21,13.38,13.0,13.3,36139,27146800,359588315.0
2023-09-15,B3SA3,13.32,13.39,13.19,13.2,21945,36579300,484284550.0
2023-09-18,B3SA3,13.28,13.34,13.02,13.08,30539,15670500,205772985.0
2023-09-19,B3SA3,13.08,13.15,12.81,12.92,28392,21640500,279583720.0
2023-09-20,B3SA3,12.97,13.35,12.97,13.13,30307,30619100,404835392.0
2023-09-21,B3SA3,12.84,12.99,12.57,12.59,46840,40628500,516090125.0
2023-09-22,B3SA3,12.54,12.63,12.32,12.33,26597,29941600,371896002.0
2023-09-25,B3SA3,12.44,12.48,12.31,12.34,23903,30433600,377364973.0
2023-09-26,B3SA3,12.2,12.32,11.99,12.07,43335,51265700,622470860.0
2023-09-27,B3SA3,12.11,12.29,11.88,12.03,38166,44300700,532732200.0
2023-09-28,B3SA3,12.06,12.26,11.97,12.21,35942,31834700,386046034.0
2023-09-29,B3SA3,12.42,12.49,12.13,12.29,21933,23002700,283087483.0
2023-10-02,B3SA3,12.18,12.27,11.85,12.0,39639,26431000,317681385.0
2023-10-03,B3SA3,11.88,11.96,11.33,11.49,54791,51682100,597977308.0
2023-10-04,B3SA3,11.62,11.89,11.51,11.86,37114,32895300,386489121.0
2023-10-05,B3SA3,11.85,12.0,11.54,11.73,31399,25192200,294882490.0
2023-10-06,B3SA3,11.51,11.93,11.4,11.84,49368,52568200,614384054.0
2023-10-09,B3SA3,11.75,11.88,11.56,11.78,45529,34445400,403790632.0
2023-10-10,B3SA3,11.79,12.17,11.79,12.05,37340,43373800,522055864.0
2023-10-11,B3SA3,12.12,12.13,11.91,12.03,30588,25967000,312239292.0
2023-10-13,B3SA3,11.94,11.94,11.55,11.6,34685,31360700,367472039.0
2023-10-16,B3SA3,11.67,11.88,11.65,11.74,35907,18822000,221436584.0
2023-10-17,B3SA3,11.56,11.61,11.2,11.27,50911,78125700,892102176.0
2023-10-18,B3SA3,11.15,11.34,11.03,11.13,66776,71398700,798441387.0
2023-10-19,B3SA3,11.2,11.29,10.99,11.0,43412,45432400,506663746.0
2023-10-20,B3SA3,10.98,11.21,10.95,11.15,38168,40941100,454344324.0
2023-10-23,B3SA3,11.06,11.42,11.01,11.31,26704,29667800,334948096.0
2023-10-24,B3SA3,11.4,11.72,11.31,11.6,39577,54908300,635004335.0
2023-10-25,B3SA3,11.54,11.83,11.49,11.54,41896,71753900,837120183.0
2023-10-26,B3SA3,11.66,11.79,11.52,11.73,39959,45057800,525304880.0
2023-10-27,B3SA3,11.7,11.75,11.14,11.2,48565,39597000,448389062.0
2023-10-30,B3SA3,11.3,11.37,11.04,11.08,31364,39671100,441976144.0
2023-10-31,B3SA3,11.1,11.29,11.02,11.1,23964,37086000,413125427.0
2023-11-01,B3SA3,11.14,11.65,11.13,11.55,48125,44636800,513144206.0
2023-11-03,B3SA3,11.85,12.31,11.83,12.21,67805,66501900,804518708.0
2023-11-06,B3SA3,12.33,12.34,12.05,12.24,46849,33391600,406922034.0
2023-11-07,B3SA3,12.28,12.68,12.17,12.46,44613,48835200,611445228.0
2023-11-08,B3SA3,12.58,12.63,12.31,12.47,36636,28362600,352911179.0
2023-11-09,B3SA3,12.59,12.69,12.28,12.36,44545,25942900,323645239.0
2023-11-10,B3SA3,12.36,12.99,12.34,12.96,58977,36346300,465333468.0
2023-11-13,B3SA3,12.55,12.57,12.28,12.43,51338,42165300,524394961.0
2023-11-14,B3SA3,12.5,12.97,12.36,12.66,66339,45235100,574718621.0
2023-11-16,B3SA3,12.66,13.03,12.57,12.92,90528,39109300,504361610.0
2023-11-17,B3SA3,13.0,13.03,12.73,12.73,55498,44446600,571855319.0
2023-11-20,B3SA3,12.83,13.22,12.78,13.11,33460,23900400,312812000.0
2023-11-21,B3SA3,13.02,13.1,12.8,12.84,31676,25672000,331457994.0
2023-11-22,B3SA3,13.1,13.29,12.96,13.02,41507,33864800,443595641.0
2023-11-23,B3SA3,13.07,13.23,13.01,13.17,14795,7965100,104849570.0
2023-11-24,B3SA3,13.15,13.15,12.85,12.92,24749,20559200,266353267.0
2023-11-27,B3SA3,12.99,13.06,12.68,12.92,42317,27004700,346728231.0
2023-11-28,B3SA3,12.89,13.42,12.85,13.22,38166,35096600,465132600.0
2023-11-29,B3SA3,13.36,13.45,13.19,13.25,37884,57656100,768614490.0
2023-11-30,B3SA3,13.39,13.45,13.07,13.3,46778,43356300,575416696.0
2023-12-01,B3SA3,13.33,13.56,13.18,13.53,43989,28158700,378573185.0
2023-12-04,B3SA3,13.45,13.64,13.4,13.54,34371,45646100,616651096.0
2023-12-05,B3SA3,13.25,13.54,13.25,13.45,34345,40133100,538328479.0
2023-12-06,B3SA3,13.55,13.6,13.15,13.23,39436,41140900,545692565.0
2023-12-07,B3SA3,13.28,13.4,13.16,13.29,23348,19589400,259851824.0
2023-12-08,B3SA3,13.29,13.72,13.17,13.54,29879,31813900,427813647.0
2023-12-11,B3SA3,13.5,13.93,13.48,13.93,44632,39856100,550390011.0
2023-12-12,B3SA3,14.0,14.0,13.8,13.85,58086,44275900,614177395.0
2023-12-13,B3SA3,13.79,14.56,13.61,14.43,66287,64190500,900810894.0
2023-12-14,B3SA3,14.6,15.13,14.55,14.83,86249,69800000,1035334786.0
2023-12-15,B3SA3,14.9,14.95,14.5,14.67,39453,51585400,758215691.0
2023-12-18,B3SA3,14.66,14.95,14.61,14.74,29643,22756700,335948411.0
2023-12-19,B3SA3,14.75,14.91,14.52,14.55,35668,30892100,452428594.0
2023-12-20,B3SA3,14.51,14.65,14.16,14.17,31200,34277600,491717447.0
2023-12-21,B3SA3,14.48,14.57,14.3,14.49,30578,29293900,422756940.0
2023-12-22,B3SA3,14.49,14.65,14.38,14.51,29857,28239600,409412804.0
2023-12-26,B3SA3,14.58,14.74,14.52,14.66,18253,10881600,159726481.0
2023-12-27,B3SA3,14.61,14.73,14.47,14.58,17918,16243800,237052446.0
2023-12-28,B3SA3,14.52,14.67,14.45,14.55,26252,20491200,298087169.0
2024-01-02,B3SA3,14.31,14.4,14.02,14.17,43596,30729000,434561185.0
2024-01-03,B3SA3,14.18,14.28,13.98,14.13,45035,43928000,621240950.0
2024-01-04,B3SA3,14.11,14.12,13.67,13.72,43825,41789500,578660635.0
2024-01-05,B3SA3,13.67,14.07,13.64,13.97,30106,39270000,544825266.0
2024-01-08,B3SA3,13.86,14.31,13.85,14.28,40477,27469900,389951306.0
2024-01-09,B3SA3,14.07,14.14,13.93,14.06,28425,30342700,425640573.0
2024-01-10,B3SA3,14.05,14.18,13.9,13.92,34208,20165800,282179791.0
2024-01-11,B3SA3,13.94,14.05,13.66,13.95,32007,23289000,323189183.0
2024-01-12,B3SA3,14.0,14.24,13.96,14.1,36454,24421600,344029098.0
2024-01-15,B3SA3,14.1,14.15,13.99,14.13,15299,13922400,196249499.0
2024-01-16,B3SA3,14.0,14.17,13.9,13.98,43353,36138100,506882914.0
2024-01-17,B3SA3,13.97,14.0,13.71,13.73,39463,26273900,362150138.0
2024-01-18,B3SA3,13.87,13.94,13.7,13.85,42205,30560300,422628327.0
2024-01-19,B3SA3,13.85,13.96,13.54,13.79,27148,36616700,501919172.0
2024-01-22,B3SA3,13.79,13.85,13.37,13.48,28913,22740300,308131938.0
2024-01-23,B3SA3,13.58,13.82,13.5,13.73,39365,30925900,423005685.0
2024-01-24,B3SA3,13.93,14.04,13.63,13.63,28211,20000600,274932411.0
2024-01-25,B3SA3,13.63,13.75,13.42,13.43,33533,24605800,333741094.0
2024-01-26,B3SA3,13.24,13.42,13.18,13.22,34113,36744500,487279147.0
2024-01-29,B3SA3,13.25,13.32,13.09,13.21,44518,19832000,261490408.0
2024-01-30,B3SA3,13.26,13.26,12.93,13.0,32804,31869100,414961358.0
2024-01-31,B3SA3,13.02,13.36,13.01,13.09,42881,29470800,389048739.0
2024-02-01,B3SA3,13.11,13.29,12.98,13.29,33387,38297200,503251351.0
2024-02-02,B3SA3,13.26,13.37,12.98,13.17,48387,52712700,691271998.0
2024-02-05,B3SA3,13.17,13.26,12.96,13.07,46924,23037300,300898198.0
2024-02-06,B3SA3,13.1,13.38,13.08,13.21,49910,39654300,525442106.0
2024-02-07,B3SA3,13.21,13.43,13.04,13.43,35793,31385600,416822350.0
2024-02-08,B3SA3,13.49,13.5,13.12,13.16,27895,30911000,408924237.0
2024-02-09,B3SA3,13.11,13.33,13.07,13.24,44892,76234800,1007485135.0
2024-02-14,B3SA3,13.1,13.19,12.83,12.86,33556,37596000,486344229.0
2024-02-15,B3SA3,12.97,12.97,12.66,12.69,34830,44655800,569264319.0
2024-02-16,B3SA3,12.75,12.79,12.6,12.73,35369,66926100,849971031.0
2024-02-19,B3SA3,12.71,12.77,12.57,12.69,19691,14486700,183504684.0
2024-02-20,B3SA3,12.61,12.99,12.61,12.94,32518,47432000,609977870.0
2024-02-21,B3SA3,12.9,12.94,12.74,12.81,32322,36621400,469944115.0
2024-02-22,B3SA3,12.93,12.93,12.64,12.65,36454,27702400,352904623.0
2024-02-23,B3SA3,12.61,12.73,12.11,12.45,71683,62078100,768433978.0
2024-02-26,B3SA3,12.45,12.58,12.43,12.48,20624,31223700,390167753.0
2024-02-27,B3SA3,12.67,12.81,12.57,12.75,38060,42297000,538617237.0
2024-02-28,B3SA3,12.59,12.65,12.37,12.58,37185,25756200,322831071.0
2024-02-29,B3SA3,12.56,12.89,12.49,12.83,41865,68497700,875750498.0
2024-03-01,B3SA3,12.52,12.76,12.42,12.42,56039,69625400,872892213.0
2024-03-04,B3SA3,12.42,12.44,12.26,12.3,33720,32530100,401725026.0
2024-03-05,B3SA3,12.39,12.41,12.11,12.19,34416,41616100,509968866.0
2024-03-06,B3SA3,12.28,12.36,12.14,12.25,35187,64366000,788700604.0
2024-03-07,B3SA3,12.24,12.4,12.11,12.32,35004,43360500,531802434.0
2024-03-08,B3SA3,12.23,12.57,12.18,12.46,31565,62540000,778345813.0
2024-03-11,B3SA3,12.36,12.72,12.36,12.58,29606,34745900,436456573.0
2024-03-12,B3SA3,12.74,12.9,12.64,12.82,37413,44590800,569205595.0
2024-03-13,B3SA3,12.74,12.96,12.73,12.76,40549,32177000,412784847.0
2024-03-14,B3SA3,12.71,12.76,12.41,12.51,51043,39623100,495824351.0
2024-03-15,B3SA3,12.47,12.59,12.31,12.33,22673,46396300,574322953.0
2024-03-18,B3SA3,12.37,12.49,12.24,12.36,19819,17929500,221086596.0
2024-03-19,B3SA3,12.4,12.46,12.18,12.31,28403,21266300,261575572.0
2024-03-20,B3SA3,12.31,12.83,12.28,12.75,36202,30160800,379783846.0
2024-03-21,B3SA3,12.77,12.78,12.4,12.4,36168,34768100,434224701.0
2024-03-22,B3SA3,12.24,12.33,12.0,12.0,41472,60128400,725982465.0
2024-03-25,B3SA3,11.98,12.11,11.9,11.9,39660,43172300,516257671.0
2024-03-26,B3SA3,11.9,12.08,11.83,11.9,32343,54494400,650509054.0
2024-03-27,B3SA3,11.82,12.02,11.78,12.02,30923,22829000,272463396.0
2024-03-28,B3SA3,11.98,12.13,11.93,11.99,21855,20303900,244160007.0
2024-04-01,B3SA3,12.06,12.11,11.73,11.77,43751,48653200,575610416.0
2024-04-02,B3SA3,11.82,11.85,11.62,11.73,37901,61624700,721297498.0
2024-04-03,B3SA3,11.76,11.78,11.51,11.7,30407,61062600,710553483.0
2024-04-04,B3SA3,11.99,12.24,11.91,11.96,52996,72579200,875114758.0
2024-04-05,B3SA3,12.13,12.2,11.91,12.0,27253,45683100,550210397.0
2024-04-08,B3SA3,12.15,12.2,12.0,12.13,35383,33474500,404841183.0
2024-04-09,B3SA3,12.13,12.41,11.98,12.39,32256,37588600,462380312.0
2024-04-10,B3SA3,12.29,12.32,11.9,11.96,50992,50523500,607803020.0
2024-04-11,B3SA3,11.94,12.06,11.83,11.98,30248,37532200,448604319.0
2024-04-12,B3SA3,11.91,11.99,11.71,11.71,31453,38488800,454584235.0
2024-04-15,B3SA3,11.72,11.77,11.34,11.48,65035,51176300,587472320.0
2024-04-16,B3SA3,11.34,11.46,11.15,11.33,78383,49107500,556646242.0
2024-04-17,B3SA3,11.37,11.49,11.14,11.24,40970,48295800,543565091.0
2024-04-18,B3SA3,11.2,11.38,11.05,11.14,35005,39453700,441348621.0
2024-04-19,B3SA3,11.14,11.33,11.12,11.18,44401,39338300,441197348.0
2024-04-22,B3SA3,11.2,11.34,11.17,11.27,39492,31325900,352651195.0
2024-04-23,B3SA3,11.15,11.24,11.04,11.09,27616,44050500,490750771.0
2024-04-24,B3SA3,11.08,11.1,10.89,10.94,25229,45024900,493206678.0
2024-04-25,B3SA3,10.91,10.94,10.75,10.83,17217,32548600,352843777.0
2024-04-26,B3SA3,10.97,11.27,10.87,11.22,53916,60635700,674844831.0
2024-04-29,B3SA3,11.2,11.31,11.09,11.14,31225,43235700,482415294.0
2024-04-30,B3SA3,11.08,11.08,10.57,10.79,85557,84850200,909544006.0
2024-05-02,B3SA3,10.98,11.12,10.8,11.06,40784,45228600,498029080.0
2024-05-03,B3SA3,11.34,11.61,11.25,11.39,60712,90899800,1042223257.0
2024-05-06,B3SA3,11.36,11.58,11.34,11.51,29597,42966900,495044693.0
2024-05-07,B3SA3,11.73,11.77,11.58,11.58,24611,34889000,407124256.0
2024-05-08,B3SA3,11.52,11.71,11.47,11.67,18085,31077900,360527517.0
2024-05-09,B3SA3,11.46,11.51,11.08,11.21,40428,68966400,775001259.0
2024-05-10,B3SA3,11.15,11.44,10.92,10.94,49557,118753300,1310785267.0
2024-05-13,B3SA3,10.95,11.29,10.92,11.23,51722,77187400,862257560.0
2024-05-14,B3SA3,11.3,11.6,11.29,11.47,41106,67138300,772309852.0
2024-05-15,B3SA3,11.5,11.72,11.47,11.51,35982,41176000,476721720.0
2024-05-16,B3SA3,11.6,11.67,11.45,11.6,27311,32598300,377552204.0
2024-05-17,B3SA3,11.52,11.61,11.31,11.42,28419,40678200,465306616.0
2024-05-20,B3SA3,11.27,11.5,11.17,11.43,21184,44273000,504769797.0
2024-05-21,B3SA3,11.28,11.5,11.28,11.41,23042,33561200,382928331.0
2024-05-22,B3SA3,11.29,11.38,11.05,11.06,56114,57305300,638689058.0
2024-05-23,B3SA3,11.05,11.26,10.93,11.11,32105,54028500,599143824.0
2024-05-24,B3SA3,11.08,11.22,11.01,11.14,21051,26333000,293289908.0
2024-05-27,B3SA3,11.15,11.24,11.02,11.1,18113,14463100,160964882.0
2024-05-28,B3SA3,11.21,11.26,11.03,11.07,68433,39515600,438567356.0
2024-05-29,B3SA3,10.99,11.14,10.85,10.88,44527,61738900,679045317.0
2024-05-31,B3SA3,10.88,10.88,10.7,10.7,59611,74010400,796294308.0
2024-06-03,B3SA3,10.74,10.85,10.66,10.69,30043,38467100,413671139.0
2024-06-04,B3SA3,10.7,10.82,10.64,10.71,29920,23975600,257412742.0
2024-06-05,B3SA3,10.71,10.81,10.65,10.74,34760,33540500,359577920.0
2024-06-06,B3SA3,10.74,11.15,10.72,11.08,26471,37945300,418735205.0
2024-06-07,B3SA3,10.9,10.99,10.73,10.75,30690,29202500,317048389.0
2024-06-10,B3SA3,10.75,10.77,10.49,10.49,42160,31506500,334105375.0
2024-06-11,B3SA3,10.58,10.65,10.5,10.55,27553,46968400,496914362.0
2024-06-12,B3SA3,10.7,10.73,10.27,10.4,44566,53011400,551730709.0
2024-06-13,B3SA3,10.31,10.39,10.05,10.08,34820,80030000,811106270.0
2024-06-14,B3SA3,10.1,10.42,10.05,10.37,26863,33368300,343082076.0
2024-06-17,B3SA3,10.3,10.57,10.29,10.56,30559,36269600,380404832.0
2024-06-18,B3SA3,10.5,10.71,10.46,10.61,37419,39203100,415407772.0
2024-06-19,B3SA3,10.44,10.54,10.29,10.46,29355,31571600,328935268.0
2024-06-20,B3SA3,10.61,10.65,10.3,10.32,34831,35005600,365330744.0
2024-06-21,B3SA3,10.33,10.44,10.28,10.39,52574,52259900,542203263.0
2024-06-24,B3SA3,10.47,10.67,10.38,10.51,26193,25130500,265166153.0
2024-06-25,B3SA3,10.47,10.48,10.28,10.32,27999,33772800,349739573.0
2024-06-26,B3SA3,10.14,10.28,10.07,10.22,50259,47855200,486404649.0
2024-06-27,B3SA3,10.23,10.43,10.19,10.4,32479,24010200,247630827.0
2024-06-28,B3SA3,10.39,10.43,10.14,10.24,42356,25537700,261875867.0
2024-07-01,B3SA3,10.23,10.52,10.19,10.47,45996,48451600,505849208.0
2024-07-02,B3SA3,10.49,10.55,10.41,10.45,31265,44061200,461643095.0
2024-07-03,B3SA3,10.59,10.63,10.42,10.43,44968,53846200,566118512.0
2024-07-04,B3SA3,10.49,10.65,10.46,10.58,39117,42220000,446330519.0
2024-07-05,B3SA3,10.64,10.64,10.4,10.52,30441,24797300,260314962.0
2024-07-08,B3SA3,10.43,10.76,10.43,10.69,36450,45874000,488316373.0
2024-07-09,B3SA3,10.68,10.74,10.56,10.62,26665,23203400,247191336.0
2024-07-10,B3SA3,10.7,10.73,10.63,10.73,44519,44543000,476092629.0
2024-07-11,B3SA3,10.84,11.11,10.73,11.05,48807,60570000,666271980.0
2024-07-12,B3SA3,11.05,11.52,11.03,11.51,72618,69549900,793133588.0
2024-07-15,B3SA3,11.5,11.56,11.43,11.46,26714,25362600,291115678.0
2024-07-16,B3SA3,11.45,11.69,11.45,11.48,40066,27642600,319635636.0
2024-07-17,B3SA3,11.51,11.56,11.4,11.49,38083,32806900,376404723.0
2024-07-18,B3SA3,11.42,11.51,11.13,11.17,43620,46897800,529978040.0
2024-07-19,B3SA3,11.22,11.36,11.15,11.17,23522,25877800,290616832.0
2024-07-22,B3SA3,11.18,11.44,11.13,11.29,18725,17799800,201095695.0
2024-07-23,B3SA3,11.29,11.32,11.17,11.18,21699,20302200,228334965.0
2024-07-24,B3SA3,11.11,11.16,11.03,11.03,26658,18716400,207421305.0
2024-07-25,B3SA3,10.97,11.06,10.82,10.9,20664,16615700,181184782.0
2024-07-26,B3SA3,10.88,11.04,10.81,10.95,18629,19124000,209474450.0
2024-07-29,B3SA3,10.95,10.98,10.82,10.85,22416,16649600,180957473.0
2024-07-30,B3SA3,10.78,10.84,10.68,10.76,26587,21917500,235796073.0
2024-07-31,B3SA3,10.78,10.86,10.67,10.85,26209,32559100,351499030.0
2024-08-01,B3SA3,10.87,11.26,10.77,10.87,44124,46829600,514962725.0
2024-08-02,B3SA3,10.9,11.08,10.76,10.86,29684,51921800,564384633.0
2024-08-05,B3SA3,10.47,10.87,10.43,10.86,41342,39632900,423223987.0
2024-08-06,B3SA3,10.98,11.07,10.61,10.89,35808,31887700,344821794.0
2024-08-07,B3SA3,10.98,11.17,10.92,11.14,45151,26401800,292612756.0
2024-08-08,B3SA3,11.15,11.36,11.09,11.35,33477,25036600,282042579.0
2024-08-09,B3SA3,11.71,12.13,11.61,12.02,56488,57151900,679652474.0
2024-08-12,B3SA3,12.09,12.29,12.04,12.2,38903,43079700,525231762.0
2024-08-13,B3SA3,12.29,12.64,12.24,12.64,47567,42332500,530252928.0
2024-08-14,B3SA3,12.65,12.8,12.52,12.7,55155,44443400,563932894.0
2024-08-15,B3SA3,12.7,12.83,12.61,12.71,34860,25924400,330131826.0
2024-08-16,B3SA3,12.8,12.92,12.41,12.49,41417,32001400,402899929.0
2024-08-19,B3SA3,12.61,12.91,12.55,12.79,62174,31024400,396565362.0
2024-08-20,B3SA3,12.77,13.02,12.76,12.9,47389,47554300,614117391.0
2024-08-21,B3SA3,12.96,12.96,12.83,12.96,39404,55896700,722415334.0
2024-08-22,B3SA3,12.89,12.96,12.5,12.54,37286,43486300,550258509.0
2024-08-23,B3SA3,12.65,12.85,12.54,12.74,44440,58243700,741592909.0
2024-08-26,B3SA3,12.8,12.85,12.7,12.8,26011,29501300,376795582.0
2024-08-27,B3SA3,12.8,12.83,12.62,12.65,26788,39600600,503256457.0
2024-08-28,B3SA3,12.57,12.76,12.56,12.7,41070,30210200,383521626.0
2024-08-29,B3SA3,12.6,12.67,12.43,12.54,45748,39235500,491208755.0
2024-08-30,B3SA3,12.43,12.7,12.37,12.68,52744,118454800,1495392009.0
2024-09-02,B3SA3,12.59,12.64,12.37,12.43,29435,15680500,195288172.0
2024-09-03,B3SA3,12.45,12.52,12.12,12.15,40699,38221000,468322392.0
2024-09-04,B3SA3,12.12,12.77,12.12,12.55,38133,44741500,562524559.0
2024-09-05,B3SA3,12.53,12.6,12.43,12.59,23709,18944700,237632220.0
2024-09-06,B3SA3,12.51,12.55,12.22,12.23,35136,27784200,342274665.0
2024-09-09,B3SA3,12.23,12.33,12.21,12.3,20259,13782900,169183767.0
2024-09-10,B3SA3,12.22,12.46,12.17,12.44,26458,70072700,864636554.0
2024-09-11,B3SA3,12.19,12.25,11.84,12.13,45836,62897400,757409770.0
2024-09-12,B3SA3,12.15,12.28,11.94,12.05,29260,47159100,568806736.0
2024-09-13,B3SA3,12.15,12.38,12.09,12.13,32103,64866300,794222866.0
2024-09-16,B3SA3,12.2,12.24,12.1,12.16,19576,24753700,301025186.0
2024-09-17,B3SA3,12.13,12.26,12.03,12.26,20334,18077800,220199539.0
2024-09-18,B3SA3,12.18,12.38,12.09,12.13,23032,42205300,514762252.0
2024-09-19,B3SA3,12.22,12.26,12.0,12.0,29304,51993800,627899395.0
2024-09-20,B3SA3,12.0,12.06,11.57,11.6,42594,55535700,647800952.0
2024-09-23,B3SA3,11.55,11.55,11.19,11.2,58475,58376700,659935180.0
2024-09-24,B3SA3,11.36,11.42,11.17,11.25,40780,84784300,959806652.0
2024-09-25,B3SA3,11.18,11.25,10.73,10.79,48585,117931300,1281217652.0
2024-09-26,B3SA3,10.86,10.97,10.76,10.85,43018,167073900,1809626413.0
2024-09-27,B3SA3,10.84,10.95,10.68,10.73,39978,64574600,696127286.0
2024-09-30,B3SA3,10.68,10.8,10.59,10.71,31726,60955500,651674556.0
2024-10-01,B3SA3,10.86,10.93,10.71,10.71,33378,38491000,415048239.0
2024-10-02,B3SA3,10.9,10.98,10.78,10.94,42195,61962200,672640369.0
2024-10-03,B3SA3,10.79,10.84,10.67,10.72,44038,41875600,449497158.0
2024-10-04,B3SA3,10.7,10.76,10.65,10.75,29056,42986300,460868556.0
2024-10-07,B3SA3,10.8,10.81,10.46,10.55,29526,50239800,530572982.0
2024-10-08,B3SA3,10.49,10.78,10.39,10.7,32486,46497200,493909295.0
2024-10-09,B3SA3,10.61,10.74,10.58,10.68,28891,45895200,490180083.0
2024-10-10,B3SA3,10.71,10.83,10.7,10.75,37474,37701700,405144890.0
2024-10-11,B3SA3,10.72,10.75,10.54,10.69,18335,25477300,271087260.0
2024-10-14,B3SA3,10.69,10.98,10.66,10.88,25810,35854800,388252044.0
2024-10-15,B3SA3,10.9,11.0,10.79,10.84,32889,30199500,328013744.0
2024-10-16,B3SA3,10.85,11.01,10.75,10.98,28390,41240600,449897515.0
2024-10-17,B3SA3,10.84,10.88,10.63,10.72,33436,23156000,248090229.0
2024-10-18,B3SA3,10.78,10.82,10.59,10.65,23915,30999400,330887901.0
2024-10-21,B3SA3,10.67,10.85,10.67,10.85,36708,26633900,286922027.0
2024-10-22,B3SA3,10.74,10.81,10.55,10.61,25664,29304400,311381212.0
2024-10-23,B3SA3,10.52,10.62,10.46,10.62,31513,39674300,419025739.0
2024-10-24,B3SA3,10.62,10.78,10.51,10.78,27106,34038300,361701996.0
2024-10-25,B3SA3,10.75,10.8,10.63,10.71,26979,26409700,282325382.0
2024-10-28,B3SA3,10.78,10.95,10.77,10.89,30295,29203800,317721505.0
2024-10-29,B3SA3,10.88,10.92,10.77,10.83,26111,26229700,284372311.0
2024-10-30,B3SA3,10.85,10.87,10.72,10.78,20923,26539600,285961132.0
2024-10-31,B3SA3,10.74,10.75,10.57,10.62,23462,28075100,298314349.0
2024-11-01,B3SA3,10.65,10.65,10.33,10.42,27750,33123200,345330666.0
2024-11-04,B3SA3,10.53,10.88,10.51,10.86,26086,39785000,427907373.0
2024-11-05,B3SA3,10.72,10.98,10.62,10.97,26951,28896400,313888539.0
2024-11-06,B3SA3,10.71,10.76,10.53,10.65,34893,37995800,405407129.0
2024-11-07,B3SA3,10.6,11.01,10.49,10.71,40063,55293600,589637367.0
2024-11-08,B3SA3,10.48,10.55,10.21,10.31,49238,58628700,604891972.0
2024-11-11,B3SA3,10.25,10.27,10.07,10.16,29662,66093200,671086237.0
2024-11-12,B3SA3,10.15,10.35,10.07,10.31,44579,55851700,570465304.0
2024-11-13,B3SA3,10.33,10.36,10.08,10.23,40449,73712300,750540964.0
2024-11-14,B3SA3,10.19,10.32,10.08,10.27,40563,86410000,884959601.0
2024-11-18,B3SA3,10.13,10.18,9.94,10.0,79621,88368100,885839768.0
2024-11-19,B3SA3,10.01,10.09,9.97,10.02,31182,53425300,536041527.0
2024-11-21,B3SA3,9.89,9.92,9.8,9.82,47332,67659300,667095165.0
2024-11-22,B3SA3,9.96,10.02,9.83,10.02,40725,59121500,586749804.0
2024-11-25,B3SA3,10.04,10.19,9.97,10.14,46480,85622700,865759316.0
2024-11-26,B3SA3,10.19,10.25,10.03,10.18,26280,52418300,532906241.0
2024-11-27,B3SA3,10.13,10.19,9.76,9.76,46840,57603000,570107782.0
2024-11-28,B3SA3,9.77,9.82,9.15,9.15,63096,65340600,616545338.0
2024-11-29,B3SA3,9.2,9.34,8.99,9.26,74326,81893900,753250025.0
2024-12-02,B3SA3,9.2,9.42,9.14,9.37,57633,78340300,729751147.0
2024-12-03,B3SA3,9.4,9.49,9.31,9.46,44823,39449100,371534300.0
2024-12-04,B3SA3,9.41,9.64,9.4,9.57,35923,35039100,334982475.0
2024-12-05,B3SA3,9.71,9.85,9.67,9.78,29745,54294600,530865690.0
2024-12-06,B3SA3,9.89,10.2,9.8,9.93,66705,128233000,1278753048.0
2024-12-09,B3SA3,9.92,10.11,9.9,10.0,50897,59942400,600249449.0
2024-12-10,B3SA3,10.1,10.16,9.97,10.16,45838,73907300,745012883.0
2024-12-11,B3SA3,10.15,10.62,10.04,10.39,51571,90179100,929831257.0
2024-12-12,B3SA3,10.26,10.35,10.1,10.28,66584,97737700,1000280522.0
2024-12-13,B3SA3,10.25,10.47,10.17,10.22,75203,149191600,1552880093.0
2024-12-16,B3SA3,10.29,10.5,10.1,10.12,58700,89670800,923852838.0
2024-12-17,B3SA3,10.12,10.29,10.0,10.12,77938,67956300,689234504.0
2024-12-18,B3SA3,10.01,10.06,9.79,9.86,66074,83174900,824407360.0
2024-12-19,B3SA3,9.87,10.11,9.8,9.98,48417,58258000,583649924.0
2024-12-20,B3SA3,9.98,10.36,9.94,10.27,38006,63696600,651566349.0
2024-12-23,B3SA3,10.16,10.36,10.14,10.26,41180,37011600,379316443.0
2024-12-26,B3SA3,10.19,10.4,10.16,10.33,40250,30737700,317740029.0
2024-12-27,B3SA3,10.4,10.5,10.34,10.36,37161,44270400,460004729.0
2024-12-30,B3SA3,10.35,10.4,10.22,10.32,29398,38408700,396638888.0
2025-01-02,B3SA3,10.32,10.33,10.15,10.2,62422,29510200,302053949.0
2025-01-03,B3SA3,10.16,10.28,10.04,10.1,38306,42764500,433162349.0
2025-01-06,B3SA3,10.25,10.44,10.16,10.38,48936,39587600,409460587.0
2025-01-07,B3SA3,10.42,10.56,10.28,10.31,41809,60452900,628539711.0
2025-01-08,B3SA3,10.23,10.36,10.21,10.3,48935,38515300,396467485.0
2025-01-09,B3SA3,10.21,10.3,9.94,10.2,42228,54212100,551748555.0
2025-01-10,B3SA3,10.16,10.19,9.8,9.8,51413,36793100,364991306.0
2025-01-13,B3SA3,9.81,9.89,9.73,9.79,37033,30436900,298622512.0
2025-01-14,B3SA3,9.79,9.93,9.71,9.84,38240,39132200,385330576.0
2025-01-15,B3SA3,9.97,10.51,9.93,10.5,44960,53092400,546306277.0
2025-01-16,B3SA3,10.46,10.48,10.18,10.27,26517,26640800,273516607.0
2025-01-17,B3SA3,10.29,10.42,10.18,10.35,21649,30748300,317401812.0
2025-01-20,B3SA3,10.2,10.46,10.2,10.32,16476,11418100,118012887.0
2025-01-21,B3SA3,10.33,10.48,10.2,10.37,28093,25403800,263653272.0
2025-01-22,B3SA3,10.48,10.5,10.33,10.43,37410,47319900,493800006.0
2025-01-23,B3SA3,10.43,10.5,10.29,10.35,30532,36718200,381492131.0
2025-01-24,B3SA3,10.35,10.4,10.26,10.37,27822,45091300,465913645.0
2025-01-27,B3SA3,10.34,10.56,10.29,10.56,48402,52771300,553285609.0
2025-01-28,B3SA3,10.56,10.61,10.43,10.55,43886,45701800,481803040.0
2025-01-29,B3SA3,10.61,10.62,10.5,10.55,33651,43636900,460681222.0
2025-01-30,B3SA3,10.56,11.17,10.56,11.09,33288,98412200,1061435592.0
2025-01-31,B3SA3,11.09,11.31,11.04,11.19,42719,60632400,678565094.0
2025-02-03,B3SA3,11.2,11.38,11.07,11.16,51797,42468600,477017887.0
2025-02-04,B3SA3,11.18,11.25,11.01,11.07,47477,40751400,452738987.0
2025-02-05,B3SA3,11.08,11.09,10.89,10.99,40389,36082500,396261906.0
2025-02-06,B3SA3,10.94,11.26,10.92,11.22,22644,26547400,296010644.0
2025-02-07,B3SA3,11.21,11.26,10.91,10.96,25608,34977500,385342755.0
2025-02-10,B3SA3,11.08,11.18,10.98,11.1,23767,25229800,280098112.0
2025-02-11,B3SA3,11.2,11.33,11.11,11.18,25739,29425200,330911447.0
2025-02-12,B3SA3,11.01,11.11,10.91,11.04,43509,43189900,475497364.0
2025-02-13,B3SA3,10.99,11.24,10.98,11.17,22052,21988200,244454710.0
2025-02-14,B3SA3,11.3,11.65,11.27,11.59,35252,46583100,535888166.0
2025-02-17,B3SA3,11.65,11.71,11.51,11.58,49550,36112100,419302749.0
2025-02-18,B3SA3,11.59,11.73,11.4,11.52,36766,58285600,672167859.0
2025-02-19,B3SA3,11.4,11.44,11.25,11.37,38618,38104400,431375406.0
2025-02-20,B3SA3,11.37,11.43,11.16,11.29,33520,44076800,496744853.0
2025-02-21,B3SA3,11.04,11.3,10.94,11.22,46274,94029400,1046989480.0
2025-02-24,B3SA3,11.23,11.25,10.8,10.84,48815,58518400,640390189.0
2025-02-25,B3SA3,10.88,10.94,10.73,10.8,40540,76158600,822754340.0
2025-02-26,B3SA3,10.85,10.87,10.61,10.64,27597,40355500,432065941.0
2025-02-27,B3SA3,10.64,10.87,10.63,10.7,29208,32846300,353598307.0
2025-02-28,B3SA3,10.62,10.67,10.34,10.4,40591,57805500,604592087.0
2025-03-05,B3SA3,10.23,10.58,10.17,10.53,37805,46942500,492106404.0
2025-03-06,B3SA3,10.5,10.69,10.44,10.64,33898,39802700,421509096.0
2025-03-07,B3SA3,10.6,10.84,10.52,10.7,59883,41638200,445822435.0
2025-03-10,B3SA3,10.55,10.59,10.37,10.47,33820,33483600,350725146.0
2025-03-11,B3SA3,10.49,10.51,10.34,10.4,40997,26354600,273793104.0
2025-03-12,B3SA3,10.4,10.52,10.35,10.5,28112,39894000,415858867.0
2025-03-13,B3SA3,10.98,11.63,10.93,11.6,54789,111595000,1265192996.0
2025-03-14,B3SA3,11.73,12.9,11.7,12.87,72254,126021900,1561010409.0
2025-03-17,B3SA3,12.87,12.87,12.41,12.42,57934,89758000,1132659828.0
2025-03-18,B3SA3,12.38,12.41,11.91,12.04,59154,112067000,1350019549.0
2025-03-19,B3SA3,12.18,12.44,12.0,12.35,56149,41690500,513498392.0
2025-03-20,B3SA3,12.3,12.49,12.24,12.4,40282,42754900,529489406.0
2025-03-21,B3SA3,12.52,12.57,12.33,12.56,36135,46789800,584839393.0
2025-03-24,B3SA3,12.56,12.56,12.32,12.4,31900,40560200,503612149.0
2025-03-25,B3SA3,12.47,12.6,12.31,12.39,41962,25375500,315711441.0
2025-03-26,B3SA3,12.4,12.61,12.32,12.38,42071,22029800,273917143.0
2025-03-27,B3SA3,12.41,12.48,12.31,12.39,31237,27455400,340126476.0
2025-03-28,B3SA3,12.3,12.45,12.07,12.24,18975,20197500,247046653.0
2025-03-31,B3SA3,12.14,12.29,12.0,12.14,25177,29378400,357102869.0
2025-04-01,B3SA3,12.01,12.34,11.99,12.26,22117,22267700,272225743.0
2025-04-02,B3SA3,12.27,12.44,12.19,12.42,25280,20422100,251768719.0
2025-04-03,B3SA3,12.36,12.87,12.36,12.73,38695,57239000,724330481.0
2025-04-04,B3SA3,12.42,12.5,12.04,12.05,30325,38448700,468767966.0
2025-04-07,B3SA3,11.86,12.25,11.62,11.95,51783,50560500,599906515.0
2025-04-08,B3SA3,12.02,12.17,11.65,11.74,28198,35507800,420295181.0
2025-04-09,B3SA3,11.62,12.25,11.6,12.17,72999,71372100,850901479.0
2025-04-10,B3SA3,12.16,12.17,11.75,11.86,26717,37053200,441142991.0
2025-04-11,B3SA3,11.95,12.0,11.71,11.94,41428,46094000,546783936.0
2025-04-14,B3SA3,12.23,12.25,11.94,12.17,35771,35402500,429410923.0
2025-04-15,B3SA3,12.08,12.35,12.06,12.26,30148,30452400,372828899.0
2025-04-16,B3SA3,12.15,12.22,12.0,12.06,61738,48582300,586615593.0
2025-04-17,B3SA3,12.01,12.25,11.96,12.18,29651,16597800,201550061.0
2025-04-22,B3SA3,12.1,12.49,12.09,12.42,23977,24950100,307864038.0
2025-04-23,B3SA3,12.53,12.84,12.53,12.65,47380,34484400,438732271.0
2025-04-24,B3SA3,12.7,13.3,12.68,13.27,82544,57242400,753861600.0
2025-04-25,B3SA3,13.11,13.44,13.04,13.39,43011,37609700,500468440.0
2025-04-28,B3SA3,13.43,13.68,13.36,13.42,36217,34401500,463739268.0
2025-04-29,B3SA3,13.32,13.59,13.23,13.23,32002,46192900,617058660.0
2025-04-30,B3SA3,13.18,13.49,13.13,13.49,40121,60556100,805540762.0
2025-05-02,B3SA3,13.41,13.48,13.26,13.31,27511,35156600,468830479.0
2025-05-05,B3SA3,13.3,13.33,13.15,13.21,21185,21723000,286858426.0
2025-05-06,B3SA3,13.2,13.22,13.07,13.16,20098,38505300,505885624.0
2025-05-07,B3SA3,13.24,13.25,12.95,13.15,29990,32650800,426944319.0
2025-05-08,B3SA3,13.48,14.53,13.46,14.25,64230,206214600,2876025734.0
2025-05-09,B3SA3,14.3,14.62,14.2,14.53,45035,87134400,1257907109.0
2025-05-12,B3SA3,14.51,14.59,14.26,14.36,38894,71564100,1033415787.0
2025-05-13,B3SA3,14.71,15.01,14.65,14.95,39743,58164100,865148650.0
2025-05-14,B3SA3,14.89,15.11,14.48,14.65,38093,47283900,696086043.0
2025-05-15,B3SA3,14.64,14.87,14.54,14.77,29594,43622900,640951596.0
2025-05-16,B3SA3,14.64,14.9,14.61,14.77,24905,24311300,359706928.0
2025-05-19,B3SA3,14.77,14.86,14.66,14.82,28496,20967500,310575249.0
2025-05-20,B3SA3,14.83,14.95,14.65,14.95,40579,23985800,355900399.0
2025-05-21,B3SA3,14.87,14.9,14.45,14.5,36916,39859700,581616485.0
2025-05-22,B3SA3,14.57,14.62,14.21,14.34,47894,42796000,617516299.0
2025-05-23,B3SA3,14.06,14.39,13.83,14.39,34490,32278300,456128204.0
2025-05-26,B3SA3,14.47,14.47,14.2,14.33,26767,12763500,183069959.0
2025-05-27,B3SA3,14.61,14.61,14.38,14.38,31343,30670400,444500030.0
2025-05-28,B3SA3,14.39,14.44,14.15,14.3,35958,31459400,450056432.0
2025-05-29,B3SA3,14.1,14.24,13.9,14.1,50628,48897400,688852583.0
2025-05-30,B3SA3,14.15,14.19,13.76,13.95,36500,82246300,1145349541.0
2025-06-02,B3SA3,14.16,14.17,13.54,13.71,39798,45794000,626685889.0
2025-06-03,B3SA3,13.65,14.19,13.65,14.18,39765,44178300,618414930.0
2025-06-04,B3SA3,13.9,14.17,13.88,13.95,48150,32415100,454285553.0
2025-06-05,B3SA3,13.82,13.95,13.5,13.58,51255,44559500,610501815.0
2025-06-06,B3SA3,13.53,13.66,13.53,13.57,31853,24936300,339010414.0
2025-06-09,B3SA3,13.2,13.37,13.07,13.16,42413,80451800,1063244663.0
2025-06-10,B3SA3,13.3,13.4,13.05,13.14,30217,32255300,425635293.0
2025-06-11,B3SA3,13.07,13.43,12.9,13.24,33482,61925500,818305781.0
2025-06-12,B3SA3,12.87,13.09,12.8,12.98,49951,66355600,862793977.0
2025-06-13,B3SA3,12.75,13.1,12.7,13.05,45520,52654100,680540029.0
2025-06-16,B3SA3,13.3,13.62,13.28,13.47,45753,31235100,422213171.0
2025-06-17,B3SA3,13.59,13.63,13.45,13.53,34609,29313700,396097352.0
2025-06-18,B3SA3,13.49,13.8,13.45,13.79,46942,55485100,757720366.0
2025-06-20,B3SA3,13.6,13.7,13.44,13.62,27893,52205800,709721670.0
2025-06-23,B3SA3,13.62,13.63,13.28,13.4,36827,32994200,442927091.0
2025-06-24,B3SA3,13.48,13.68,13.36,13.52,30110,23573800,319632557.0
2025-06-25,B3SA3,13.41,13.67,13.4,13.61,32223,20218100,274923659.0
2025-06-26,B3SA3,13.72,14.2,13.6,14.1,30752,33383200,468069590.0
2025-06-27,B3SA3,13.98,14.25,13.95,14.12,17170,20421900,288626477.0
2025-06-30,B3SA3,14.06,14.6,14.04,14.58,38465,34139300,493870114.0
2025-07-01,B3SA3,14.63,14.73,14.37,14.5,33029,29418200,426672056.0
2025-07-02,B3SA3,14.49,14.66,14.19,14.45,50366,43698400,628586199.0
2025-07-03,B3SA3,14.47,14.83,14.46,14.62,29211,28673500,421893986.0
2025-07-04,B3SA3,14.51,14.85,14.51,14.71,15410,7653700,112947829.0
2025-07-07,B3SA3,14.74,14.79,14.55,14.65,22649,60133400,880788958.0
2025-07-08,B3SA3,14.61,14.64,14.43,14.59,44060,32968400,478884096.0
2025-07-09,B3SA3,14.49,14.55,14.33,14.48,33479,43324400,627239852.0
2025-07-10,B3SA3,14.27,14.3,13.84,14.07,35751,54593600,768587679.0
2025-07-11,B3SA3,13.99,14.05,13.52,13.73,26311,24752800,339488554.0
2025-07-14,B3SA3,13.67,13.67,13.41,13.61,22434,16998500,230570182.0
2025-07-15,B3SA3,13.74,13.85,13.49,13.73,24579,28427600,388698408.0
2025-07-16,B3SA3,13.77,13.81,13.57,13.68,21992,21195700,290001055.0
2025-07-17,B3SA3,13.68,13.75,13.54,13.74,20965,19252700,263251816.0
2025-07-18,B3SA3,13.39,13.57,12.95,12.97,31042,110000500,1466615113.0
2025-07-21,B3SA3,13.05,13.2,12.97,13.1,44593,27833400,364356634.0
2025-07-22,B3SA3,13.15,13.24,13.03,13.07,23845,17304600,226868475.0
2025-07-23,B3SA3,13.07,13.5,13.06,13.39,36094,20683700,276383102.0
2025-07-24,B3SA3,13.22,13.25,13.05,13.12,19548,20520300,269762957.0
2025-07-25,B3SA3,13.06,13.22,13.06,13.07,23658,20299800,266519038.0
2025-07-28,B3SA3,13.14,13.19,12.58,12.7,25365,22762200,289385167.0
2025-07-29,B3SA3,12.7,12.8,12.59,12.71,27427,17195600,218379023.0
2025-07-30,B3SA3,12.59,12.87,12.52,12.75,23480,22210300,281999661.0
2025-07-31,B3SA3,12.55,12.75,12.49,12.58,18415,24010500,302450718.0
2025-08-01,B3SA3,12.71,12.91,12.42,12.59,24273,22196200,279509975.0
2025-08-04,B3SA3,12.8,12.91,12.61,12.68,19566,29274800,373784797.0
2025-08-05,B3SA3,12.71,12.81,12.56,12.58,30305,16600500,210000258.0
2025-08-06,B3SA3,12.74,12.84,12.57,12.72,18948,21662300,275214849.0
2025-08-07,B3SA3,12.7,12.99,12.6,12.91,27902,43471800,560754239.0
2025-08-08,B3SA3,12.9,13.06,12.77,12.88,38580,30491200,394136541.0
2025-08-11,B3SA3,12.93,12.94,12.67,12.76,39359,21690500,278560501.0
2025-08-12,B3SA3,12.76,12.93,12.63,12.65,35408,34054800,433748537.0
2025-08-13,B3SA3,12.64,12.78,12.57,12.7,44159,34558200,438958575.0
2025-08-14,B3SA3,12.58,13.15,12.58,12.85,22639,25411600,328369949.0
2025-08-15,B3SA3,12.77,13.16,12.77,13.15,20734,25829500,337547014.0
2025-08-18,B3SA3,13.15,13.38,13.14,13.16,25500,17580500,233094757.0
2025-08-19,B3SA3,13.05,13.08,12.48,12.53,60127,37944900,480004890.0
2025-08-20,B3SA3,12.53,12.57,12.22,12.33,41910,45171200,559302602.0
2025-08-21,B3SA3,12.15,12.39,12.12,12.25,37686,26879900,330033038.0
2025-08-22,B3SA3,12.35,12.68,12.27,12.56,39829,34681400,435114651.0
2025-08-25,B3SA3,12.6,12.78,12.51,12.55,25667,21521500,270557809.0
2025-08-26,B3SA3,12.55,12.57,12.38,12.44,19432,18756700,233274507.0
2025-08-27,B3SA3,12.45,12.67,12.39,12.67,18039,23148600,290471867.0
2025-08-28,B3SA3,12.78,13.3,12.67,13.03,44820,44836800,588961287.0
2025-08-29,B3SA3,13.18,13.27,12.97,12.98,35493,27571700,360763480.0
2025-09-01,B3SA3,12.95,13.17,12.89,12.98,17661,13726300,178527792.0
2025-09-02,B3SA3,12.82,12.91,12.63,12.75,23040,15369600,196546827.0
2025-09-03,B3SA3,12.74,13.14,12.65,12.95,32780,28385800,367326739.0
2025-09-04,B3SA3,12.96,13.16,12.92,13.09,26919,19819200,258748730.0
2025-09-05,B3SA3,13.33,13.64,13.32,13.38,32657,24940300,334950682.0
2025-09-08,B3SA3,13.38,13.43,13.11,13.14,29217,16580600,218633112.0
2025-09-09,B3SA3,13.12,13.21,12.97,13.01,27389,17176500,223940069.0
2025-09-10,B3SA3,12.96,13.24,12.95,12.97,35050,27909700,364275352.0
2025-09-11,B3SA3,13.08,13.33,12.99,13.12,41895,28319200,373226411.0
2025-09-12,B3SA3,13.0,13.16,12.88,12.95,29278,25529000,331710957.0
2025-09-15,B3SA3,13.09,13.55,13.03,13.37,25501,29161000,390418142.0
2025-09-16,B3SA3,13.46,13.53,13.38,13.48,26169,19723200,265609811.0
2025-09-17,B3SA3,13.45,14.04,13.43,13.72,29326,39739900,549045273.0
2025-09-18,B3SA3,13.65,13.77,13.55,13.73,23354,33594400,459825865.0
2025-09-19,B3SA3,13.73,13.96,13.66,13.66,29246,41802900,574946201.0
2025-09-22,B3SA3,13.59,13.67,13.36,13.5,33691,52882400,713205098.0
2025-09-23,B3SA3,13.54,13.62,13.31,13.34,26621,41427400,557073475.0
2025-09-24,B3SA3,13.34,13.34,13.09,13.17,43946,37274300,491371401.0
2025-09-25,B3SA3,13.14,13.19,12.89,12.95,27404,33539200,436339182.0
2025-09-26,B3SA3,13.01,13.29,12.93,13.22,45422,37061500,487629494.0
2025-09-29,B3SA3,13.4,13.56,13.31,13.4,23071,27585100,370607645.0
2025-09-30,B3SA3,13.54,13.57,13.26,13.4,27863,31215100,417724914.0
2025-10-01,B3SA3,13.55,13.56,13.09,13.09,28465,32626800,433969393.0
2025-10-02,B3SA3,13.06,13.18,12.84,12.84,20711,28021800,362297742.0
2025-10-03,B3SA3,12.85,12.93,12.69,12.75,17226,14804900,189104036.0
2025-10-06,B3SA3,12.78,12.83,12.58,12.64,15083,13687600,173361610.0
2025-10-07,B3SA3,12.52,12.58,12.16,12.24,32010,33534000,411162458.0
2025-10-08,B3SA3,12.28,12.69,12.26,12.66,33761,43464100,547298587.0
2025-10-09,B3SA3,12.67,13.04,12.67,12.79,37175,28855700,370293684.0
2025-10-10,B3SA3,12.85,12.88,12.44,12.6,29235,27120200,341991250.0
2025-10-13,B3SA3,12.77,12.81,12.64,12.71,22007,19134300,243742638.0
2025-10-14,B3SA3,12.66,12.73,12.52,12.55,21335,21740700,273381233.0
2025-10-15,B3SA3,12.38,12.88,12.33,12.64,37459,44926600,567131608.0
2025-10-16,B3SA3,12.57,12.73,12.42,12.6,30649,33516100,422601969.0
2025-10-17,B3SA3,12.55,12.71,12.5,12.56,20803,38343900,483607518.0
2025-10-20,B3SA3,12.64,12.8,12.54,12.66,19107,19391000,246029620.0
2025-10-21,B3SA3,12.6,12.63,12.33,12.33,15226,17862400,222029658.0
2025-10-22,B3SA3,12.4,12.63,12.3,12.45,26928,42120000,525597082.0
2025-10-23,B3SA3,12.55,12.69,12.46,12.59,27848,25108500,315899764.0
2025-10-24,B3SA3,12.77,12.98,12.5,12.5,25003,26018400,329689198.0
2025-10-27,B3SA3,12.63,12.78,12.48,12.53,29187,15181600,190883138.0
2025-10-28,B3SA3,12.49,12.76,12.45,12.63,29603,20963800,265566129.0
2025-10-29,B3SA3,12.7,12.79,12.55,12.64,27701,20173700,255818907.0
2025-10-30,B3SA3,12.5,12.75,12.41,12.6,23557,14072300,177709771.0
2025-10-31,B3SA3,12.73,12.76,12.64,12.66,18218,17872900,226631069.0
2025-11-03,B3SA3,12.79,12.94,12.68,12.84,39369,27192300,348528218.0
2025-11-04,B3SA3,12.8,12.91,12.55,12.84,22918,38086200,487109688.0
2025-11-05,B3SA3,12.84,13.25,12.79,13.2,33861,32733500,428795054.0
2025-11-06,B3SA3,13.25,13.25,13.03,13.1,29038,33002800,433318604.0
2025-11-07,B3SA3,13.08,13.15,12.93,12.98,21678,21686300,282418964.0
2025-11-10,B3SA3,13.03,13.12,12.88,13.12,27321,37328100,486338476.0
2025-11-11,B3SA3,13.23,13.65,13.17,13.53,42966,66621000,900977623.0
2025-11-12,B3SA3,13.62,14.22,13.58,14.12,77341,73999300,1039711813.0
2025-11-13,B3SA3,14.06,14.56,14.05,14.47,42629,66538000,961318086.0
2025-11-14,B3SA3,14.45,14.6,14.33,14.44,31970,34126300,493602640.0
2025-11-17,B3SA3,14.38,14.58,14.02,14.16,38378,39319600,559856942.0
2025-11-18,B3SA3,14.07,14.29,13.99,14.05,41880,56692100,799534583.0
2025-11-19,B3SA3,14.05,14.06,13.78,13.85,45330,34599400,480171977.0
2025-11-21,B3SA3,13.81,13.89,13.59,13.89,30519,28295500,389715739.0
2025-11-24,B3SA3,13.88,14.1,13.85,13.98,24747,39046200,546191726.0
2025-11-25,B3SA3,13.97,14.22,13.9,14.17,30380,21263100,300174485.0
2025-11-26,B3SA3,14.17,14.72,14.16,14.71,37527,35623400,520779538.0
2025-11-27,B3SA3,14.61,14.78,14.54,14.73,13476,30241300,444186849.0
2025-11-28,B3SA3,14.72,15.11,14.72,14.96,31957,31840700,477779742.0
2025-12-01,B3SA3,14.94,15.05,14.78,14.89,24794,25552400,380232046.0
2025-12-02,B3SA3,14.91,15.17,14.7,15.1,64907,56471500,845936951.0
2025-12-03,B3SA3,15.2,15.22,14.72,14.79,41298,33323800,495806771.0
2025-12-04,B3SA3,14.89,15.14,14.84,15.02,37878,41656800,624683140.0
2025-12-05,B3SA3,15.02,15.08,13.84,14.01,49103,63304300,908431981.0
2025-12-08,B3SA3,14.12,14.5,14.08,14.35,40762,42127300,602955743.0
2025-12-09,B3SA3,14.13,14.24,13.89,14.12,27676,29507300,415576711.0
2025-12-10,B3SA3,14.17,14.32,14.01,14.21,23124,23459000,331710397.0
2025-12-11,B3SA3,14.14,14.55,14.06,14.3,28651,23197900,334075939.0
2025-12-12,B3SA3,14.37,14.66,14.23,14.33,32412,30556900,440129929.0
2025-12-15,B3SA3,14.54,14.61,14.41,14.41,44413,38100400,552320852.0
2025-12-16,B3SA3,14.3,14.3,13.67,13.72,35671,60275300,835866400.0
2025-12-17,B3SA3,13.7,13.72,13.07,13.25,78943,132381000,1760326085.0
2025-12-18,B3SA3,13.16,13.4,13.13,13.3,32239,38525400,512534156.0
2025-12-19,B3SA3,13.22,13.45,13.21,13.39,24168,39355800,526810054.0
2025-12-22,B3SA3,13.39,13.45,13.19,13.24,24770,25118500,333083008.0
2025-12-23,B3SA3,13.28,13.63,13.24,13.53,17610,26819000,361478243.0
2025-12-26,B3SA3,13.53,13.83,13.41,13.72,15766,24322100,331634514.0
2025-12-29,B3SA3,13.59,13.83,13.59,13.79,16194,24699600,339719991.0
2025-12-30,B3SA3,13.83,14.04,13.82,13.89,27372,24758000,345220780.0
2026-01-02,B3SA3,13.59,13.72,13.35,13.43,33595,25030000,337072526.0
2026-01-05,B3SA3,13.5,14.04,13.49,13.95,24847,26006500,360517547.0
2026-01-06,B3SA3,14.05,14.57,14.02,14.5,45360,31323200,452197871.0
2026-01-07,B3SA3,14.49,14.61,14.1,14.28,27323,28359300,404871937.0
2026-01-08,B3SA3,14.36,14.43,14.12,14.38,32846,74915400,1072927648.0
2026-01-09,B3SA3,14.4,14.81,14.35,14.46,55507,51883500,757950632.0
2026-01-12,B3SA3,14.44,14.64,14.29,14.49,26953,30178100,437317207.0
2026-01-13,B3SA3,14.36,14.45,14.23,14.31,24289,26056900,373620193.0
2026-01-14,B3SA3,14.42,14.78,14.31,14.73,35186,43356400,634307695.0
2026-01-15,B3SA3,14.79,15.2,14.63,15.12,42608,51505100,775481336.0
2026-01-16,B3SA3,15.0,15.31,15.0,15.24,37484,46183300,702214185.0
2026-01-19,B3SA3,15.18,15.27,14.93,15.1,16710,17187300,259145899.0
2026-01-20,B3SA3,15.06,15.22,14.44,14.67,56994,126606100,1872186405.0
2026-01-21,B3SA3,15.0,15.66,14.86,15.5,68281,81358100,1241125892.0
2026-01-22,B3SA3,15.6,15.99,15.29,15.62,91625,56650300,885947715.0
2026-01-23,B3SA3,15.66,16.14,15.33,15.82,59157,46608800,731866514.0
2026-01-26,B3SA3,15.87,15.91,15.35,15.68,49979,41590300,651566748.0
2026-01-27,B3SA3,15.85,16.25,15.79,16.16,45913,53353100,858819999.0
2026-01-28,B3SA3,16.24,16.6,16.06,16.51,56872,48570900,795214601.0
2026-01-29,B3SA3,16.64,16.82,16.22,16.68,51116,118557100,1968785131.0
2026-01-30,B3SA3,16.68,16.9,16.04,16.15,58938,55378700,906459466.0
2026-02-02,B3SA3,16.26,16.61,16.24,16.35,45179,35903500,589179978.0
2026-02-03,B3SA3,16.59,16.78,16.25,16.45,62687,42608900,702932127.0
2026-02-04,B3SA3,16.32,16.44,15.65,15.77,44094,35678700,566749635.0
2026-02-05,B3SA3,15.9,16.28,15.82,16.26,39980,53976900,870089594.0
2026-02-06,B3SA3,16.45,17.09,16.38,17.04,58437,62485500,1057359955.0
2026-02-09,B3SA3,17.05,17.7,16.92,17.62,29967,24451100,426124431.0
2026-02-10,B3SA3,17.32,17.63,17.08,17.45,42809,55278200,962711327.0
2026-02-11,B3SA3,17.6,17.68,17.14,17.29,43314,46554700,806950969.0
2026-02-12,B3SA3,17.19,17.49,17.11,17.36,32980,39912500,690821832.0
2026-02-13,B3SA3,17.18,17.61,17.08,17.46,32328,38407000,667161111.0
2026-02-18,B3SA3,17.48,17.75,17.46,17.61,30480,38351500,674044555.0
2026-02-19,B3SA3,17.6,17.95,17.49,17.75,27903,33377000,592603021.0
2026-02-20,B3SA3,17.54,18.19,17.45,18.08,37978,28265400,505102943.0
2026-02-23,B3SA3,17.85,17.98,17.66,17.86,27565,33070600,590249398.0
2026-02-24,B3SA3,17.87,18.32,17.8,18.22,49836,33547600,609238012.0
2026-02-25,B3SA3,18.22,18.54,18.07,18.14,32148,29596100,538482556.0
2026-02-26,B3SA3,18.15,18.36,17.84,17.95,41504,24570400,442519793.0
2026-02-27,B3SA3,18.05,18.36,17.83,17.9,39881,50947300,917612015.0
2026-03-02,B3SA3,17.57,18.63,17.49,18.49,45279,33357000,609635177.0
2026-03-03,B3SA3,17.76,17.87,17.13,17.54,74066,70126200,1224348754.0
2026-03-04,B3SA3,17.9,18.28,17.74,18.16,30517,36341300,655756816.0
2026-03-05,B3SA3,18.15,18.27,17.43,17.56,49546,71248600,1255785472.0
2026-03-06,B3SA3,17.45,17.5,16.88,17.24,44959,38256800,654238782.0
2026-03-09,B3SA3,17.24,17.54,16.58,17.32,46466,37855700,645879499.0
2026-03-10,B3SA3,17.59,18.58,17.37,18.11,37750,53328400,966203655.0
2026-03-11,B3SA3,17.9,18.42,17.8,17.99,38854,23407700,421175900.0
2026-03-12,B3SA3,17.79,17.79,17.0,17.14,44045,42337300,727954510.0
2026-03-13,B3SA3,17.34,17.6,16.85,16.88,35328,19621800,336450132.0
2026-03-16,B3SA3,17.55,17.6,17.11,17.35,25837,23771800,411270286.0
2026-03-17,B3SA3,17.27,18.1,17.22,17.6,42847,30507800,542024037.0
2026-03-18,B3SA3,17.26,17.58,17.11,17.12,31478,23216900,401385428.0
2026-03-19,B3SA3,16.59,17.15,16.38,16.92,51395,59021100,989679937.0
2026-03-20,B3SA3,16.7,16.77,15.95,16.19,40148,46585700,756836341.0
2026-03-23,B3SA3,16.77,17.43,16.66,17.26,55177,38247900,655373381.0
2026-03-24,B3SA3,16.97,17.38,16.86,17.38,36146,21699800,373269698.0
2026-03-25,B3SA3,17.85,18.31,17.78,18.0,51645,44334400,802782869.0
2026-03-26,B3SA3,17.68,18.25,17.58,17.77,31664,23557400,422875963.0
2026-03-27,B3SA3,17.61,17.82,17.21,17.21,43979,42460500,739486322.0
2026-03-30,B3SA3,17.44,17.6,16.9,17.04,38916,38391500,659569567.0
2026-03-31,B3SA3,17.52,18.49,17.32,18.4,51293,54051300,976709336.0
2026-04-01,B3SA3,18.54,19.0,18.35,18.52,66178,47320500,883613532.0
2026-04-02,B3SA3,17.98,18.72,17.76,18.59,45411,27826400,511787527.0
2026-04-06,B3SA3,18.61,18.74,18.35,18.43,30185,21583600,399331415.0
2026-04-07,B3SA3,18.24,18.31,17.79,18.05,45952,42624300,766695269.0
2026-04-08,B3SA3,19.19,19.31,18.7,18.71,73059,60763700,1153018524.0
2026-04-09,B3SA3,18.86,19.28,18.67,19.16,42966,40108400,765144257.0
2026-04-10,B3SA3,19.39,19.74,19.21,19.51,47893,37802100,735467057.0
2026-04-13,B3SA3,19.4,19.41,18.81,19.26,48503,67037700,1282934163.0
2026-04-14,B3SA3,19.3,19.74,19.08,19.68,51781,35228400,689973845.0
2026-04-15,B3SA3,19.68,19.87,19.55,19.84,46347,39081700,771664367.0
2026-04-16,B3SA3,19.91,20.12,19.46,19.78,34153,35870100,707819756.0
2026-04-17,B3SA3,20.2,20.33,19.41,19.43,58482,45139000,889423832.0
2026-04-20,B3SA3,19.36,19.47,19.11,19.25,37408,41040100,790830387.0
2026-04-22,B3SA3,19.15,19.18,18.9,19.07,32374,24812000,471881086.0
2026-04-23,B3SA3,19.08,19.19,18.65,19.03,20043,18613800,352950646.0
2026-04-24,B3SA3,19.07,19.07,18.65,18.98,44005,41679200,783888354.0
2026-04-27,B3SA3,18.94,19.04,18.68,18.72,22220,18924800,356112485.0
2026-04-28,B3SA3,18.4,18.54,18.07,18.53,29307,24781800,454315022.0
2026-04-29,B3SA3,18.25,18.54,17.74,17.88,37147,43626800,791254365.0
2026-04-30,B3SA3,18.12,18.27,17.88,18.03,36526,23750100,429242448.0
2026-05-04,B3SA3,17.99,18.22,17.73,17.87,27403,29385800,527995165.0
2026-05-05,B3SA3,17.92,18.06,17.73,18.01,26405,20019200,359283595.0
2026-05-06,B3SA3,18.37,18.59,18.13,18.36,26389,34599300,636840716.0
2026-05-07,B3SA3,18.31,18.49,17.71,17.78,25074,26262200,472582459.0
2026-05-08,B3SA3,18.21,18.36,17.87,17.93,39695,28496100,513481895.0
2026-05-11,B3SA3,17.71,18.05,17.43,17.59,39578,28393600,502421573.0
2026-05-12,B3SA3,17.38,17.67,17.22,17.3,25974,19014600,330140401.0
2026-05-13,B3SA3,17.21,17.35,16.46,16.64,46690,70172800,1188323172.0
2026-05-14,B3SA3,16.95,16.96,16.58,16.93,38872,30947500,520294810.0
2026-05-15,B3SA3,16.53,16.84,16.45,16.7,29990,23688100,394996745.0
2026-05-18,B3SA3,16.7,16.92,16.5,16.72,29391,31340200,522318648.0
2026-05-19,B3SA3,16.29,16.29,15.81,15.89,69396,63506400,1013695851.0
2026-05-20,B3SA3,16.07,17.08,15.97,16.79,47003,57502900,962369647.0
2026-05-21,B3SA3,16.6,17.15,16.51,17.02,30632,26356400,445809826.0
2026-05-22,B3SA3,17.0,17.04,16.56,16.66,33111,31892100,533067495.0
2026-05-25,B3SA3,16.92,17.43,16.78,17.26,32023,16994700,292350283.0
2026-05-26,B3SA3,17.26,17.26,16.79,16.94,41187,38370900,651015737.0
2026-05-27,B3SA3,17.15,17.28,16.48,16.48,23050,22460000,374769217.0
2026-05-28,B3SA3,16.55,16.68,16.11,16.5,25412,21661300,357254085.0
2026-05-29,B3SA3,16.53,16.64,16.22,16.5,30106,48012500,790872656.0
2026-06-01,B3SA3,16.4,16.47,16.0,16.25,27251,49561100,804476346.0
2026-06-02,B3SA3,16.42,16.66,16.28,16.28,33058,38626900,635869786.0
2026-06-03,B3SA3,15.86,16.16,15.46,15.52,49801,41255400,646670369.0
2026-06-05,B3SA3,15.43,15.68,15.26,15.41,40369,30091600,464043853.0
2026-06-08,B3SA3,15.4,15.4,15.07,15.22,35499,42510200,646979355.0
2026-06-09,B3SA3,15.34,15.53,15.14,15.39,35156,48003700,736865072.0
2026-06-10,B3SA3,15.21,15.28,14.9,15.12,42672,66313600,1000651962.0
2026-06-11,B3SA3,15.08,15.52,14.95,15.44,47868,76637700,1164039667.0
2026-06-12,B3SA3,15.2,15.58,15.13,15.23,31183,46559300,713076121.0
2026-06-15,B3SA3,15.56,15.78,15.11,15.14,40054,38898400,598057741.0
2026-06-16,B3SA3,15.02,15.18,14.86,15.04,41130,26364300,395619452.0
2026-06-17,B3SA3,15.25,15.25,14.5,14.61,38922,48934200,727455580.0
2026-06-18,B3SA3,14.63,14.72,14.21,14.33,55889,39787400,571850375.0
2026-06-19,B3SA3,14.32,14.56,14.26,14.41,30478,70356800,1015683079.0
2026-06-22,B3SA3,14.57,14.86,14.53,14.7,26834,86034900,1263936425.0
2026-06-23,B3SA3,14.44,14.99,14.44,14.72,25909,65885100,977072304.0
2026-06-24,B3SA3,14.6,15.11,14.6,14.97,38457,57903500,866134584.0
2026-06-25,B3SA3,14.94,15.07,14.61,14.61,38299,47483000,702370976.0
2026-06-26,B3SA3,14.57,15.05,14.4,14.92,31675,58177000,861260078.0
2026-06-29,B3SA3,14.92,14.99,14.67,14.71,20495,27533600,406438819.0
2026-06-30,B3SA3,14.6,14.63,14.3,14.53,31670,28205900,409638074.0
2026-07-01,B3SA3,14.41,14.59,14.2,14.4,22308,38024600,550327934.0
2026-07-02,B3SA3,14.64,14.74,14.44,14.61,39063,36634600,533974613.0
2026-07-03,B3SA3,14.75,14.99,14.66,14.76,13595,14040900,208557708.0
2026-07-06,B3SA3,14.64,14.69,14.46,14.58,19709,15650100,228195008.0
2026-07-07,B3SA3,14.59,14.88,14.46,14.53,28910,23315900,339977978.0
2026-07-08,B3SA3,14.46,14.46,14.12,14.24,31178,30287600,431969631.0
2026-07-09,B3SA3,14.4,14.8,14.36,14.79,21416,22115500,325039460.0
2026-07-10,B3SA3,15.21,15.53,15.19,15.42,38655,41457700,638120783.0
2026-07-13,B3SA3,15.29,15.43,14.93,15.12,26864,24758100,374739842.0
2026-07-14,B3SA3,15.2,15.49,15.15,15.33,32256,35943900,551263976.0
2026-07-15,B3SA3,15.46,15.85,15.42,15.69,37086,36697700,576265187.0
2026-07-16,B3SA3,15.6,15.72,15.24,15.39,30784,31046100,477978072.0
2026-07-17,B3SA3,15.31,15.37,15.17,15.2,26666,48879800,746313987.0
2026-07-20,B3SA3,15.28,15.43,15.14,15.26,19646,16308000,249494616.0
2026-07-21,B3SA3,15.17,15.32,14.95,15.17,34833,29244400,441660096.0
2026-07-22,B3SA3,15.25,15.92,15.21,15.9,56616,46053200,721468707.0
2026-07-23,B3SA3,15.79,15.82,15.48,15.65,34203,41089800,642774142.0
2026-07-24,B3SA3,15.45,15.67,15.43,15.44,24369,35227200,547304710.0
2026-07-27,B3SA3,15.64,15.85,15.56,15.72,25143,23929400,375922744.0
2026-07-28,B3SA3,16.09,16.22,15.86,16.0,21136,19864600,318559123.0
2026-07-29,B3SA3,15.91,15.97,15.32,15.32,23860,51816200,804830367.0
2026-07-30,B3SA3,15.4,15.63,15.31,15.63,23754,42168300,652709888.0
2026-07-31,B3SA3,15.9,15.9,15.52,15.73,19790,24490400,385709469.0
2026-08-03,B3SA3,15.73,15.73,15.44,15.62,22479,30632200,479676715.0
2026-08-04,B3SA3,16.0,16.14,15.58,15.7,20772,38027600,598128221.0
2026-08-05,B3SA3,15.76,16.15,15.48,15.55,16983,37288600,587184664.0
2026-08-06,B3SA3,15.45,15.52,15.24,15.36,14582,24253700,372740463.0
2026-08-07,B3SA3,15.43,15.5,14.84,14.95,16864,26676900,401935621.0
2026-08-10,B3SA3,14.91,15.0,14.66,14.67,25007,21473400,316600523.0
2026-08-11,B3SA3,14.65,14.75,14.23,14.29,28892,41817200,599806549.0
2026-08-12,B3SA3,14.47,14.47,14.11,14.24,36916,52257500,743831621.0
2026-08-13,B3SA3,14.18,14.85,14.16,14.8,40783,61419200,901503645.0
2026-08-14,B3SA3,14.73,14.96,14.35,14.67,48181,47158200,685206428.0
2026-08-17,B3SA3,14.6,14.94,14.41,14.41,24187,35182900,511442045.0
2026-08-18,B3SA3,14.31,14.7,14.3,14.3,25934,18478700,266778724.0
2026-08-19,B3SA3,14.67,14.93,14.35,14.42,29632,32229200,470626385.0
2026-08-20,B3SA3,14.25,14.57,14.24,14.34,32827,23844200,343273006.0
2021-08-20,BBSE3,19.7,19.94,19.56,19.86,18423,5037700,99812460.0
2021-08-23,BBSE3,19.96,20.02,19.5,19.5,19733,5936000,116623589.0
2021-08-24,BBSE3,19.73,20.07,19.61,19.96,12895,4857000,96846945.0
2021-08-25,BBSE3,20.08,20.26,19.9,20.19,17451,4637000,93021184.0
2021-08-26,BBSE3,20.15,20.22,19.62,19.62,14622,5068800,100461100.0
2021-08-27,BBSE3,19.76,19.88,19.57,19.73,19955,4459300,88067074.0
2021-08-30,BBSE3,19.78,19.78,19.29,19.29,18770,4897700,95129160.0
2021-08-31,BBSE3,19.31,19.48,18.86,19.06,27507,11949300,227657021.0
2021-09-01,BBSE3,19.1,19.77,18.99,19.34,22756,8142200,157909812.0
2021-09-02,BBSE3,19.21,19.21,18.68,18.69,23644,9178500,173051622.0
2021-09-03,BBSE3,18.9,19.18,18.81,19.18,15967,9393500,178770294.0
2021-09-06,BBSE3,19.14,19.3,19.1,19.27,7387,2152700,41333243.0
2021-09-08,BBSE3,19.19,19.19,18.4,18.4,25618,7641400,142391804.0
2021-09-09,BBSE3,18.5,19.0,18.28,18.82,25429,7399100,136956530.0
2021-09-10,BBSE3,19.07,19.36,18.89,19.06,26051,7874800,150107664.0
2021-09-13,BBSE3,19.31,19.82,19.13,19.57,21518,6297400,123114581.0
2021-09-14,BBSE3,19.63,19.84,19.54,19.62,18409,4130700,81362081.0
2021-09-15,BBSE3,19.61,19.67,19.15,19.22,20747,4397500,84993532.0
2021-09-16,BBSE3,19.19,19.54,19.06,19.4,14255,4065700,78715603.0
2021-09-17,BBSE3,19.38,19.38,19.05,19.33,19614,6946200,133730727.0
2021-09-20,BBSE3,19.0,19.17,18.75,18.91,19767,4508700,85196195.0
2021-09-21,BBSE3,19.01,19.4,18.88,19.22,13551,2981300,57231184.0
2021-09-22,BBSE3,19.41,19.58,19.25,19.38,14189,3196300,62055140.0
2021-09-23,BBSE3,19.45,19.84,19.32,19.51,19243,5932100,116104169.0
2021-09-24,BBSE3,19.39,20.04,19.32,19.96,20589,5855600,116053209.0
2021-09-27,BBSE3,20.07,20.5,19.98,20.25,21987,5882800,118627364.0
2021-09-28,BBSE3,20.22,20.55,20.1,20.22,28668,9803900,199555773.0
2021-09-29,BBSE3,20.35,20.65,20.25,20.33,32746,10865300,221932912.0
2021-09-30,BBSE3,20.34,20.35,19.78,19.95,22180,7396500,147822193.0
2021-10-01,BBSE3,19.99,20.47,19.83,20.39,19924,3987100,80578350.0
2021-10-04,BBSE3,20.35,20.36,19.75,19.84,19912,6951100,138172809.0
2021-10-05,BBSE3,19.93,20.34,19.78,19.98,17977,6462600,129447620.0
2021-10-06,BBSE3,19.76,20.02,19.43,19.76,25631,8951300,176679316.0
2021-10-07,BBSE3,19.84,20.21,19.69,19.74,19566,6771000,133904126.0
2021-10-08,BBSE3,19.84,20.25,19.83,20.06,21697,5314100,106643267.0
2021-10-11,BBSE3,20.0,20.55,20.0,20.42,16000,4407200,89822804.0
2021-10-13,BBSE3,20.45,21.12,20.43,20.96,33781,7657600,160495806.0
2021-10-14,BBSE3,21.05,21.76,21.04,21.31,31983,7013600,149826574.0
2021-10-15,BBSE3,21.33,21.71,21.08,21.68,14833,4630300,99856831.0
2021-10-18,BBSE3,21.58,21.9,21.21,21.68,20268,4367800,94651410.0
2021-10-19,BBSE3,21.53,21.62,21.12,21.26,25380,5938100,126697567.0
2021-10-20,BBSE3,21.35,21.75,21.27,21.33,16959,4302000,92580934.0
2021-10-21,BBSE3,20.99,21.62,20.94,21.5,34082,12391000,264511517.0
2021-10-22,BBSE3,21.33,21.96,20.81,21.67,36048,13063100,279046434.0
2021-10-25,BBSE3,21.8,22.65,21.78,22.44,37331,10325000,230787207.0
2021-10-26,BBSE3,22.17,22.41,22.02,22.17,22793,5159700,114517543.0
2021-10-27,BBSE3,22.28,22.87,22.15,22.5,22786,5737100,129845640.0
2021-10-28,BBSE3,22.35,22.62,22.12,22.17,18963,4222500,94211213.0
2021-10-29,BBSE3,22.3,22.48,22.01,22.09,27280,6367900,141569142.0
2021-11-01,BBSE3,22.39,22.46,22.02,22.05,16506,3743100,82943979.0
2021-11-03,BBSE3,22.0,22.69,22.0,22.61,29434,7400100,165736329.0
2021-11-04,BBSE3,22.6,22.85,22.3,22.64,18460,4141900,93349063.0
2021-11-05,BBSE3,22.8,22.85,22.48,22.84,20232,3727100,84562944.0
2021-11-08,BBSE3,22.63,22.99,22.24,22.82,18069,5001700,113491705.0
2021-11-09,BBSE3,22.78,23.46,22.72,23.44,22801,6207900,144262823.0
2021-11-10,BBSE3,23.38,23.49,23.05,23.12,15141,3668700,85262279.0
2021-11-11,BBSE3,23.35,23.38,23.05,23.29,16771,4000500,92935417.0
2021-11-12,BBSE3,23.21,23.55,23.07,23.08,13654,3203000,74362789.0
2021-11-16,BBSE3,22.92,23.26,22.85,23.16,13497,2882000,66514947.0
2021-11-17,BBSE3,23.2,23.49,22.54,22.67,23568,4703500,107395046.0
2021-11-18,BBSE3,22.75,23.04,22.63,22.73,11666,2552900,58151649.0
2021-11-19,BBSE3,22.73,22.87,22.12,22.23,17064,5657500,126650348.0
2021-11-22,BBSE3,22.07,22.39,21.82,21.82,16118,3923300,86584352.0
2021-11-23,BBSE3,21.69,21.83,21.27,21.52,23824,5311400,114135899.0
2021-11-24,BBSE3,21.5,21.96,21.32,21.63,16864,4065100,88064501.0
2021-11-25,BBSE3,21.66,22.33,21.66,22.13,15881,3820600,84746380.0
2021-11-26,BBSE3,21.79,21.91,21.48,21.53,14863,3493300,75449113.0
2021-11-29,BBSE3,21.8,21.85,21.26,21.4,17089,3568900,76939518.0
2021-11-30,BBSE3,21.39,21.39,20.76,20.88,20469,8465200,177203118.0
2021-12-01,BBSE3,21.12,21.12,20.41,20.43,25729,5615900,115952730.0
2021-12-02,BBSE3,20.6,21.09,20.51,21.05,16607,4028300,84291334.0
2021-12-03,BBSE3,21.09,21.65,21.06,21.18,19001,5251900,112105969.0
2021-12-06,BBSE3,21.19,21.5,21.17,21.29,10902,5211400,111004118.0
2021-12-07,BBSE3,21.49,21.7,21.2,21.22,12176,5143200,109734197.0
2021-12-08,BBSE3,21.37,21.77,21.11,21.66,15497,10585700,227926343.0
2021-12-09,BBSE3,21.65,21.9,21.0,21.11,14843,4570800,97048625.0
2021-12-10,BBSE3,21.2,21.35,21.08,21.15,11963,2970000,62891255.0
2021-12-13,BBSE3,21.2,21.33,20.89,20.89,12424,4810100,101331407.0
2021-12-14,BBSE3,21.01,21.26,20.66,20.77,14924,3644700,76007905.0
2021-12-15,BBSE3,20.88,21.24,20.7,21.03,22332,4291000,90311372.0
2021-12-16,BBSE3,21.12,21.2,20.9,20.93,14613,4245500,89124841.0
2021-12-17,BBSE3,20.89,20.89,20.54,20.54,14317,5522800,114084136.0
2021-12-20,BBSE3,20.52,20.52,20.16,20.38,11183,3031500,61658037.0
2021-12-21,BBSE3,20.4,20.55,20.1,20.52,15241,4070200,82946558.0
2021-12-22,BBSE3,20.56,20.65,20.3,20.51,7362,2236800,45781084.0
2021-12-23,BBSE3,20.58,20.93,20.47,20.62,9990,2563800,53138161.0
2021-12-27,BBSE3,20.6,20.85,20.57,20.75,8025,2133600,44301383.0
2021-12-28,BBSE3,20.75,20.9,20.59,20.79,11815,2635700,54608573.0
2021-12-29,BBSE3,20.79,20.84,20.48,20.67,6753,1518800,31358255.0
2021-12-30,BBSE3,20.7,21.05,20.58,20.75,11043,7155000,148800460.0
2022-01-03,BBSE3,20.92,21.12,20.5,20.6,17496,3011900,62207628.0
2022-01-04,BBSE3,20.61,20.79,20.5,20.55,11923,2643100,54525160.0
2022-01-05,BBSE3,20.53,20.75,20.25,20.3,15807,3999600,81707626.0
2022-01-06,BBSE3,20.3,20.65,20.2,20.44,15486,4131100,84480370.0
2022-01-07,BBSE3,20.45,20.45,19.78,19.8,19450,7375900,146888801.0
2022-01-10,BBSE3,19.76,19.76,19.01,19.31,25551,7088100,136844061.0
2022-01-11,BBSE3,19.4,19.45,19.18,19.33,14334,3407200,65700460.0
2022-01-12,BBSE3,19.34,19.47,19.02,19.15,21632,9216500,176741129.0
2022-01-13,BBSE3,19.15,19.41,19.06,19.18,17479,5266200,101142754.0
2022-01-14,BBSE3,19.2,19.45,19.15,19.45,11293,3327700,64367205.0
2022-01-17,BBSE3,19.45,19.94,19.3,19.67,15716,4170200,81982856.0
2022-01-18,BBSE3,19.67,20.34,19.41,20.31,29160,8928100,177865713.0
2022-01-19,BBSE3,20.48,20.75,20.25,20.68,24202,6863400,140969244.0
2022-01-20,BBSE3,20.7,20.76,20.32,20.55,14618,5461400,112111075.0
2022-01-21,BBSE3,20.46,20.74,20.27,20.62,13297,3051700,62759574.0
2022-01-24,BBSE3,20.74,21.11,20.38,20.93,21761,6644200,137694695.0
2022-01-25,BBSE3,20.85,21.21,20.6,21.13,13515,4714600,98640037.0
2022-01-26,BBSE3,21.13,21.37,21.02,21.14,20200,9341100,197777419.0
2022-01-27,BBSE3,21.12,22.66,21.12,22.39,21933,8741000,190889510.0
2022-01-28,BBSE3,22.18,22.76,22.14,22.68,20088,5963300,133777537.0
2022-01-31,BBSE3,22.64,23.25,22.59,23.14,17823,6267200,144332034.0
2022-02-01,BBSE3,23.1,23.43,22.91,23.09,17563,4570000,105623375.0
2022-02-02,BBSE3,23.05,23.19,22.8,22.8,12031,4189900,96081988.0
2022-02-03,BBSE3,22.8,23.07,22.58,22.93,16259,3403700,77576884.0
2022-02-04,BBSE3,22.93,22.94,22.53,22.83,9621,2502100,56954005.0
2022-02-07,BBSE3,23.29,24.23,23.2,24.14,30574,10674900,254559650.0
2022-02-08,BBSE3,24.2,24.69,23.92,24.1,18750,6656300,160556530.0
2022-02-09,BBSE3,24.1,24.48,24.05,24.27,20153,8916500,216839340.0
2022-02-10,BBSE3,24.37,24.57,23.99,24.36,26697,11822200,287021619.0
2022-02-11,BBSE3,23.0,23.14,22.47,22.76,37292,14612700,334021458.0
2022-02-14,BBSE3,22.78,23.44,22.71,23.37,26458,8748500,202073767.0
2022-02-15,BBSE3,23.5,23.66,23.1,23.14,15381,5177700,120453316.0
2022-02-16,BBSE3,23.1,23.19,22.63,23.08,22651,5447400,125529450.0
2022-02-17,BBSE3,23.01,23.29,22.84,23.17,12849,4590500,106067583.0
2022-02-18,BBSE3,23.26,23.35,23.15,23.18,9720,3050900,70827602.0
2022-02-21,BBSE3,23.14,23.43,23.05,23.12,11854,2911500,67671156.0
2022-02-22,BBSE3,23.17,23.43,23.11,23.16,14649,4225000,98095160.0
2022-02-23,BBSE3,23.13,23.48,23.01,23.01,20030,5604400,129757704.0
2022-02-24,BBSE3,22.54,23.12,22.05,22.9,16956,5232500,118782409.0
2022-02-25,BBSE3,22.76,23.06,22.67,23.04,19533,7368100,169033520.0
2022-03-02,BBSE3,22.3,23.19,21.86,23.09,21868,5290400,121133887.0
2022-03-03,BBSE3,23.07,23.22,22.7,23.07,13663,4580200,105464868.0
2022-03-04,BBSE3,23.07,23.17,22.32,22.54,18255,5842700,131954401.0
2022-03-07,BBSE3,22.12,22.45,22.0,22.1,16795,5304200,117690835.0
2022-03-08,BBSE3,22.1,22.2,21.78,21.88,17211,4815900,105715197.0
2022-03-09,BBSE3,21.88,22.5,21.84,22.39,30995,6722400,149922949.0
2022-03-10,BBSE3,22.2,22.67,22.08,22.57,13691,3823700,86074941.0
2022-03-11,BBSE3,22.7,22.74,22.36,22.5,10320,2268900,51153690.0
2022-03-14,BBSE3,22.59,22.81,22.29,22.47,9609,2388400,53753963.0
2022-03-15,BBSE3,22.45,22.68,22.36,22.46,16894,4535100,102068827.0
2022-03-16,BBSE3,22.51,22.83,22.45,22.8,16741,4648700,105332354.0
2022-03-17,BBSE3,22.85,23.3,22.66,23.3,15528,5510000,127267514.0
2022-03-18,BBSE3,23.1,23.55,23.08,23.34,22935,14140900,329946765.0
2022-03-21,BBSE3,23.34,23.68,23.33,23.64,12066,3847600,90589887.0
2022-03-22,BBSE3,23.72,24.21,23.72,24.08,21367,5488300,132029016.0
2022-03-23,BBSE3,24.03,24.14,23.81,24.05,22000,8180500,196055313.0
2022-03-24,BBSE3,24.0,24.4,23.9,24.4,16847,4080900,99163641.0
2022-03-25,BBSE3,24.38,24.78,24.34,24.45,14936,4252300,104164502.0
2022-03-28,BBSE3,24.45,24.7,24.36,24.59,13193,3616300,88765931.0
2022-03-29,BBSE3,24.64,24.89,24.61,24.8,11820,3392300,83998748.0
2022-03-30,BBSE3,24.87,24.95,24.7,24.9,8399,2636200,65463043.0
2022-03-31,BBSE3,24.87,25.69,24.87,25.56,22560,9565900,243503728.0
2022-04-01,BBSE3,25.68,25.97,25.33,25.91,30722,9673400,248170310.0
2022-04-04,BBSE3,25.89,26.0,25.68,25.8,10080,2872300,74058884.0
2022-04-05,BBSE3,25.77,25.92,25.43,25.52,16415,3960500,101604718.0
2022-04-06,BBSE3,25.52,25.98,25.27,25.76,21046,5784500,148675271.0
2022-04-07,BBSE3,25.8,26.46,25.63,26.0,22660,9574800,251087866.0
2022-04-08,BBSE3,26.09,26.36,25.9,26.2,19008,7122900,186579249.0
2022-04-11,BBSE3,26.24,26.45,25.9,25.93,13076,3019900,78654262.0
2022-04-12,BBSE3,26.03,26.67,25.63,25.71,17654,5188800,134576419.0
2022-04-13,BBSE3,25.78,26.07,25.57,25.94,24023,6199800,160566577.0
2022-04-14,BBSE3,25.9,26.3,25.76,26.16,16072,3801900,99449691.0
2022-04-18,BBSE3,26.08,26.78,26.08,26.78,19303,6443200,171205673.0
2022-04-19,BBSE3,26.77,26.95,25.96,26.02,25358,7309100,192632240.0
2022-04-20,BBSE3,26.0,26.84,25.99,26.76,22190,8194600,218370755.0
2022-04-22,BBSE3,26.74,26.99,26.17,26.39,24303,9760600,258691893.0
2022-04-25,BBSE3,26.11,26.49,25.77,26.37,17933,5830000,153236773.0
2022-04-26,BBSE3,26.2,26.44,25.82,26.07,22903,6557700,170601035.0
2022-04-27,BBSE3,26.25,26.3,25.77,26.08,11287,3069300,79748606.0
2022-04-28,BBSE3,26.01,26.1,25.45,25.89,14300,4375500,112795980.0
2022-04-29,BBSE3,26.0,26.02,25.13,25.43,20040,7376300,188382771.0
2022-05-02,BBSE3,25.21,25.51,24.46,24.95,21456,6585600,163590572.0
2022-05-03,BBSE3,24.76,25.12,24.71,25.12,14872,4374900,109118801.0
2022-05-04,BBSE3,25.1,25.62,24.73,25.62,14230,5211900,131427791.0
2022-05-05,BBSE3,25.53,25.53,24.7,25.03,19740,5424200,135630140.0
2022-05-06,BBSE3,24.95,25.05,24.63,25.03,12754,3399300,84678896.0
2022-05-09,BBSE3,24.84,25.41,24.5,25.38,16998,4297300,108196979.0
2022-05-10,BBSE3,25.5,25.93,24.85,24.98,16142,5153800,129597168.0
2022-05-11,BBSE3,24.93,25.01,24.58,24.79,13107,3685400,91181161.0
2022-05-12,BBSE3,24.65,25.39,24.65,25.39,12881,3934500,99085636.0
2022-05-13,BBSE3,25.42,25.82,25.21,25.78,10656,3021300,77528628.0
2022-05-16,BBSE3,25.78,25.98,25.29,25.52,13742,4226900,107884528.0
2022-05-17,BBSE3,25.67,25.9,25.58,25.81,15568,3700100,95425366.0
2022-05-18,BBSE3,25.79,25.88,25.27,25.41,15329,4359900,111365341.0
2022-05-19,BBSE3,25.41,25.5,25.16,25.4,9386,2177600,55247490.0
2022-05-20,BBSE3,25.62,25.71,25.28,25.47,12784,3482500,88605695.0
2022-05-23,BBSE3,25.33,25.71,25.1,25.58,22334,4954400,126567180.0
2022-05-24,BBSE3,25.36,25.89,25.32,25.84,16699,4181100,107249885.0
2022-05-25,BBSE3,25.65,25.81,25.45,25.65,11523,2896600,74267610.0
2022-05-26,BBSE3,25.65,25.73,25.43,25.57,12405,3041600,77775993.0
2022-05-27,BBSE3,25.6,26.4,25.6,25.93,18354,4883900,127411134.0
2022-05-30,BBSE3,25.95,26.64,25.85,26.61,16649,5147800,135719621.0
2022-05-31,BBSE3,26.66,26.94,26.42,26.88,15324,9850900,263777518.0
2022-06-01,BBSE3,26.89,26.91,26.48,26.72,14839,3236600,86430502.0
2022-06-02,BBSE3,26.9,26.9,26.21,26.72,11700,3244900,86538118.0
2022-06-03,BBSE3,26.61,26.62,25.85,25.88,18516,5908600,154257323.0
2022-06-06,BBSE3,25.89,26.19,25.62,25.67,8901,2381200,61404887.0
2022-06-07,BBSE3,25.5,25.7,25.33,25.42,14178,3826700,97526111.0
2022-06-08,BBSE3,25.19,25.82,25.02,25.32,12088,4568400,116285045.0
2022-06-09,BBSE3,25.15,25.4,24.89,25.16,14527,3988400,100492752.0
2022-06-10,BBSE3,24.94,25.05,24.53,24.6,15181,3836500,94894542.0
2022-06-13,BBSE3,24.36,24.91,24.19,24.54,25408,7904500,194070956.0
2022-06-14,BBSE3,24.7,24.82,24.37,24.52,17840,4480900,110207127.0
2022-06-15,BBSE3,24.73,25.21,24.53,24.91,18373,4752700,118448683.0
2022-06-17,BBSE3,24.58,24.95,24.43,24.87,15217,6341000,157125581.0
2022-06-20,BBSE3,24.88,25.4,24.75,25.22,12654,2905000,73173608.0
2022-06-21,BBSE3,25.22,25.46,24.88,25.31,17158,7875700,197836641.0
2022-06-22,BBSE3,25.25,25.31,24.52,25.03,12834,4482900,111732383.0
2022-06-23,BBSE3,24.97,25.5,24.9,25.12,11922,4316400,108921352.0
2022-06-24,BBSE3,25.33,25.43,24.75,24.75,9626,3868100,96428527.0
2022-06-27,BBSE3,24.69,25.2,24.59,24.92,9322,3385000,84469316.0
2022-06-28,BBSE3,25.41,25.77,25.14,25.45,13503,4885100,124311543.0
2022-06-29,BBSE3,25.51,26.1,25.44,25.48,17141,5616100,144434439.0
2022-06-30,BBSE3,25.2,26.09,25.11,25.96,27870,9766800,252027921.0
2022-07-01,BBSE3,25.99,26.22,25.52,26.05,16813,4823100,125396356.0
2022-07-04,BBSE3,26.06,26.14,25.27,25.4,10985,3388100,86606872.0
2022-07-05,BBSE3,25.4,25.46,25.08,25.2,15148,4781500,120792161.0
2022-07-06,BBSE3,25.02,25.35,24.86,25.2,14845,4194700,105355791.0
2022-07-07,BBSE3,25.46,25.62,25.25,25.46,11376,3600800,91699984.0
2022-07-08,BBSE3,25.66,25.69,25.28,25.34,11141,2855400,72645306.0
2022-07-11,BBSE3,25.14,25.45,25.01,25.14,12615,3138000,79122233.0
2022-07-12,BBSE3,25.14,25.35,24.89,25.21,12056,2475900,62406154.0
2022-07-13,BBSE3,25.03,25.68,25.02,25.3,19697,5872100,149152220.0
2022-07-14,BBSE3,25.3,26.44,25.3,26.39,30564,10987900,287658405.0
2022-07-15,BBSE3,26.52,27.77,26.52,27.5,32854,9477600,258944340.0
2022-07-18,BBSE3,27.58,27.79,26.85,26.87,19093,4943900,134389156.0
2022-07-19,BBSE3,27.0,27.11,26.6,27.01,11898,3371400,90784902.0
2022-07-20,BBSE3,26.96,27.44,26.95,27.34,13791,3843300,104905508.0
2022-07-21,BBSE3,27.34,27.69,27.13,27.62,16398,4367800,119920762.0
2022-07-22,BBSE3,27.65,28.04,27.4,27.88,18926,4442100,123541989.0
2022-07-25,BBSE3,27.98,28.29,27.86,28.23,12860,4344200,122284370.0
2022-07-26,BBSE3,28.3,28.77,28.19,28.41,15522,5176900,147236987.0
2022-07-27,BBSE3,28.41,28.86,28.41,28.8,22279,4854600,139602510.0
2022-07-28,BBSE3,28.8,28.96,28.47,28.87,13898,2882300,82790608.0
2022-07-29,BBSE3,28.87,29.12,28.77,28.99,14411,4891500,141711206.0
2022-08-01,BBSE3,28.99,29.24,28.73,28.94,13520,4437100,128450101.0
2022-08-02,BBSE3,28.9,29.37,28.81,29.25,13925,4486300,130990144.0
2022-08-03,BBSE3,29.22,29.39,28.4,28.56,21940,6784300,195114176.0
2022-08-04,BBSE3,28.65,28.95,28.05,28.21,23911,9814900,277809252.0
2022-08-05,BBSE3,28.19,28.56,28.02,28.48,24424,6380100,180627682.0
2022-08-08,BBSE3,28.96,29.65,28.75,29.49,25574,7515000,220419988.0
2022-08-09,BBSE3,29.82,30.38,29.67,29.79,18373,5178900,154709941.0
2022-08-10,BBSE3,30.0,30.0,29.35,29.45,14299,4139100,122363256.0
2022-08-11,BBSE3,29.8,30.49,29.66,30.29,17718,5764500,173500762.0
2022-08-12,BBSE3,30.49,30.68,30.03,30.58,12547,3747900,114155743.0
2022-08-15,BBSE3,30.53,30.94,30.46,30.75,15961,4778100,147173395.0
2022-08-16,BBSE3,30.75,30.96,30.03,30.49,16798,4563000,138524385.0
2022-08-17,BBSE3,30.6,30.7,29.91,30.22,24357,6990500,210961696.0
2022-08-18,BBSE3,29.22,29.39,28.65,28.67,19763,5852100,169307622.0
2022-08-19,BBSE3,28.51,29.01,28.21,28.5,18379,4996500,142381694.0
2022-08-22,BBSE3,28.25,28.75,28.18,28.56,9651,2782600,79297509.0
2022-08-23,BBSE3,28.6,28.64,28.33,28.5,11346,3533700,100643241.0
2022-08-24,BBSE3,28.5,28.82,28.5,28.5,10821,3153600,90167945.0
2022-08-25,BBSE3,28.5,28.58,27.78,28.15,16855,5896200,165604437.0
2022-08-26,BBSE3,28.23,28.54,28.12,28.4,11082,2894100,81952926.0
2022-08-29,BBSE3,28.32,28.5,28.19,28.22,9208,2534200,71844950.0
2022-08-30,BBSE3,28.22,28.36,28.03,28.23,12698,3673800,103580521.0
2022-08-31,BBSE3,28.23,28.68,28.14,28.28,15778,5826400,165477944.0
2022-09-01,BBSE3,28.5,28.93,28.39,28.79,15312,5612400,160837466.0
2022-09-02,BBSE3,28.9,29.13,28.26,28.46,23175,7345100,209276724.0
2022-09-05,BBSE3,28.5,28.79,28.4,28.68,12950,3165300,90496002.0
2022-09-06,BBSE3,28.59,28.88,28.44,28.8,15770,4339000,124573179.0
2022-09-08,BBSE3,28.91,29.0,28.4,28.58,17657,7571800,216451500.0
2022-09-09,BBSE3,28.6,28.81,28.53,28.56,12024,3419300,97907383.0
2022-09-12,BBSE3,28.65,28.83,28.12,28.18,12654,4634400,131448871.0
2022-09-13,BBSE3,28.14,28.77,28.07,28.37,19651,6475100,183923167.0
2022-09-14,BBSE3,28.3,28.38,27.95,28.12,22908,4424500,124429961.0
2022-09-15,BBSE3,28.13,28.36,27.79,28.33,14234,3916800,110028697.0
2022-09-16,BBSE3,28.33,29.47,28.21,29.47,24520,12579500,367536858.0
2022-09-19,BBSE3,29.38,29.94,29.23,29.81,17074,5217000,154825884.0
2022-09-20,BBSE3,29.88,30.22,29.5,30.22,22623,6651800,199309292.0
2022-09-21,BBSE3,30.23,30.37,29.96,30.08,19666,5815100,175391960.0
2022-09-22,BBSE3,30.23,30.23,29.21,29.64,23877,7760200,229153209.0
2022-09-23,BBSE3,29.38,29.62,29.14,29.61,14941,4639800,136720689.0
2022-09-26,BBSE3,29.33,29.38,28.83,28.97,16663,4159100,120658845.0
2022-09-27,BBSE3,29.17,29.24,28.57,28.62,14883,4794700,137890367.0
2022-09-28,BBSE3,28.56,28.6,27.3,27.39,26993,9425500,260613325.0
2022-09-29,BBSE3,26.92,26.94,25.9,26.56,35748,16394200,433252176.0
2022-09-30,BBSE3,26.56,26.75,26.12,26.57,27958,9819800,260331856.0
2022-10-03,BBSE3,26.78,27.45,26.72,27.36,34076,11309600,308066946.0
2022-10-04,BBSE3,27.69,27.93,26.65,26.86,21901,7051700,191249600.0
2022-10-05,BBSE3,27.01,27.91,26.57,27.57,26272,11967700,329504222.0
2022-10-06,BBSE3,27.6,27.85,27.37,27.78,19304,5984000,165809348.0
2022-10-07,BBSE3,27.79,28.2,27.74,28.16,18931,6026200,168736623.0
2022-10-10,BBSE3,27.85,28.34,27.8,28.23,19919,4546100,127715616.0
2022-10-11,BBSE3,28.14,28.28,27.42,27.44,21785,5384800,149687307.0
2022-10-13,BBSE3,27.09,28.68,27.06,28.17,35156,12286700,346176428.0
2022-10-14,BBSE3,28.29,28.29,27.41,27.5,20998,6942000,192711625.0
2022-10-17,BBSE3,27.8,28.37,27.57,28.04,18207,4900700,137716488.0
2022-10-18,BBSE3,28.24,28.81,28.06,28.81,24453,6672900,190716214.0
2022-10-19,BBSE3,28.86,29.15,28.81,28.99,21912,5954300,172528902.0
2022-10-20,BBSE3,29.12,29.55,29.02,29.42,23760,7374900,216676361.0
2022-10-21,BBSE3,29.52,29.8,29.16,29.16,53222,11944600,350719084.0
2022-10-24,BBSE3,28.96,29.18,28.64,28.69,20660,6216800,179422990.0
2022-10-25,BBSE3,28.64,28.73,27.94,28.24,19525,5385600,151972605.0
2022-10-26,BBSE3,28.01,28.55,27.83,28.04,25568,7834200,220810052.0
2022-10-27,BBSE3,28.25,29.41,28.07,29.18,22915,6082400,176074003.0
2022-10-28,BBSE3,28.8,29.5,28.78,29.32,17723,5770800,169105305.0
2022-10-31,BBSE3,28.25,29.8,28.2,29.69,25687,6245000,183265905.0
2022-11-01,BBSE3,29.58,30.04,29.34,29.7,27841,9246000,274885697.0
2022-11-03,BBSE3,29.31,29.95,29.07,29.59,22562,6398500,189602941.0
2022-11-04,BBSE3,29.83,30.03,29.47,29.78,19903,5016900,149120657.0
2022-11-07,BBSE3,29.98,30.89,29.86,30.09,36822,12792700,386961382.0
2022-11-08,BBSE3,30.02,30.54,29.9,30.36,23679,8157900,246223309.0
2022-11-09,BBSE3,30.71,32.25,30.63,31.25,39415,11389700,359611912.0
2022-11-10,BBSE3,31.05,31.22,29.67,29.95,47248,14049600,428406119.0
2022-11-11,BBSE3,29.95,30.8,29.59,30.38,30924,11365800,345570310.0
2022-11-14,BBSE3,30.82,31.31,30.47,30.99,24471,6003500,185285794.0
2022-11-16,BBSE3,30.9,31.07,29.92,30.04,26782,7976500,241463956.0
2022-11-17,BBSE3,29.98,30.17,29.43,29.94,32057,9689500,289030550.0
2022-11-18,BBSE3,30.17,30.74,29.89,30.16,40912,9416600,285681845.0
2022-11-21,BBSE3,30.46,30.57,29.91,30.46,22905,7547100,228485728.0
2022-11-22,BBSE3,30.5,30.65,29.98,30.27,20853,9655800,292555708.0
2022-11-23,BBSE3,30.1,31.0,29.99,31.0,26167,7851200,240332695.0
2022-11-24,BBSE3,31.1,31.96,30.9,31.71,20292,4297600,135997268.0
2022-11-25,BBSE3,31.4,31.7,30.65,30.7,18843,4881100,150825691.0
2022-11-28,BBSE3,30.66,30.89,30.34,30.55,13297,3960600,120915173.0
2022-11-29,BBSE3,30.7,31.12,30.42,30.89,22639,4822700,148909695.0
2022-11-30,BBSE3,30.73,31.32,30.73,31.32,24658,9179900,286306259.0
2022-12-01,BBSE3,31.1,32.2,31.1,32.05,30627,8900000,281941123.0
2022-12-02,BBSE3,32.01,32.76,31.54,32.56,24944,6335200,205037810.0
2022-12-05,BBSE3,32.13,32.2,31.65,31.83,13553,3242400,103179419.0
2022-12-06,BBSE3,32.0,32.34,31.78,32.02,18956,4892800,156831192.0
2022-12-07,BBSE3,32.0,32.13,31.51,31.66,21394,4684900,149056112.0
2022-12-08,BBSE3,31.54,31.84,31.32,31.47,14932,8687100,273615470.0
2022-12-09,BBSE3,31.47,31.83,30.89,31.72,17031,4063100,128237166.0
2022-12-12,BBSE3,31.56,31.86,30.97,31.25,29572,6759600,211306193.0
2022-12-13,BBSE3,31.25,32.04,31.01,31.01,30223,8372200,263331919.0
2022-12-14,BBSE3,30.81,31.76,30.01,31.51,37103,12959100,405886137.0
2022-12-15,BBSE3,31.45,32.75,31.22,32.21,32068,7925800,255534823.0
2022-12-16,BBSE3,32.1,32.46,31.98,32.33,17035,7317600,236018216.0
2022-12-19,BBSE3,32.33,32.6,32.26,32.35,16795,3668200,118912487.0
2022-12-20,BBSE3,32.04,32.83,32.04,32.66,28536,7516000,244515715.0
2022-12-21,BBSE3,32.69,33.75,32.67,33.46,24431,6192500,207115160.0
2022-12-22,BBSE3,33.52,34.0,33.37,33.99,15323,4304500,145386100.0
2022-12-23,BBSE3,34.01,34.08,33.34,33.59,16798,3803300,127742168.0
2022-12-26,BBSE3,33.29,33.65,33.13,33.25,7488,1793300,59806322.0
2022-12-27,BBSE3,33.25,33.37,33.01,33.2,15524,3087100,102391669.0
2022-12-28,BBSE3,33.2,33.66,33.1,33.63,14033,3069900,102566637.0
2022-12-29,BBSE3,33.75,34.34,33.59,33.71,13409,4684100,158639103.0
2023-01-02,BBSE3,33.35,33.78,33.03,33.39,13799,2509400,83980943.0
2023-01-03,BBSE3,33.3,33.63,32.07,32.35,22606,5148200,168883003.0
2023-01-04,BBSE3,32.63,33.18,32.33,32.51,25895,5921800,193245247.0
2023-01-05,BBSE3,32.68,33.14,32.25,32.58,27914,6885300,224240475.0
2023-01-06,BBSE3,32.58,33.54,32.44,33.53,16406,3722200,123808074.0
2023-01-09,BBSE3,33.47,33.69,33.03,33.69,15522,4164200,139395458.0
2023-01-10,BBSE3,33.5,34.29,33.33,34.2,18952,3877300,131471960.0
2023-01-11,BBSE3,34.2,34.6,33.89,34.4,18913,4659800,159881263.0
2023-01-12,BBSE3,34.4,34.54,33.78,34.29,23377,5833100,199314834.0
2023-01-13,BBSE3,33.94,34.4,33.93,34.2,16369,3498800,119744145.0
2023-01-16,BBSE3,34.2,34.32,33.58,33.88,13743,3133400,106175752.0
2023-01-17,BBSE3,33.96,34.44,33.82,34.38,14975,4239000,145065999.0
2023-01-18,BBSE3,34.5,34.75,34.26,34.66,22454,5993300,206956808.0
2023-01-19,BBSE3,34.55,35.06,34.28,35.04,18280,5872300,204145085.0
2023-01-20,BBSE3,35.01,35.56,34.92,35.04,25885,6979700,245700023.0
2023-01-23,BBSE3,35.04,35.82,34.9,35.32,25077,7132800,253567453.0
2023-01-24,BBSE3,35.46,35.97,35.28,35.7,19314,5242800,186761197.0
2023-01-25,BBSE3,35.64,37.26,35.6,37.18,38729,9531400,349132268.0
2023-01-26,BBSE3,37.17,37.31,36.57,37.06,30113,8013600,296068850.0
2023-01-27,BBSE3,36.98,37.44,36.95,37.27,19602,5447100,202874834.0
2023-01-30,BBSE3,37.35,38.03,37.26,37.9,20167,6674000,252390257.0
2023-01-31,BBSE3,37.96,38.27,37.67,37.78,21159,8279800,313953459.0
2023-02-01,BBSE3,37.78,37.94,36.55,36.63,28988,7670300,283518145.0
2023-02-02,BBSE3,36.55,37.2,36.19,36.5,23580,5810900,212917485.0
2023-02-03,BBSE3,36.62,36.71,36.05,36.4,21578,5689100,206706915.0
2023-02-06,BBSE3,36.4,36.88,36.09,36.58,22934,5085300,185770172.0
2023-02-07,BBSE3,36.61,36.95,36.45,36.82,20615,5188800,190337421.0
2023-02-08,BBSE3,37.0,37.42,36.72,37.05,20495,5537800,205375742.0
2023-02-09,BBSE3,37.0,37.01,34.96,35.11,40708,13496100,479042411.0
2023-02-10,BBSE3,35.42,36.14,35.42,35.95,31450,9826200,353094301.0
2023-02-13,BBSE3,36.1,36.79,35.82,36.35,26978,8944600,324454460.0
2023-02-14,BBSE3,36.56,36.7,36.24,36.57,22820,7013700,255696113.0
2023-02-15,BBSE3,34.53,35.18,33.88,34.94,31089,9471900,328921484.0
2023-02-16,BBSE3,34.71,35.55,34.71,35.37,19480,5867600,206903482.0
2023-02-17,BBSE3,35.36,35.72,35.34,35.53,12035,3240600,115246594.0
2023-02-22,BBSE3,34.9,35.42,34.7,35.36,16904,4632400,163065611.0
2023-02-23,BBSE3,35.36,35.78,34.92,35.16,18753,5931600,209176555.0
2023-02-24,BBSE3,34.66,34.99,34.02,34.1,21196,7697600,263662132.0
2023-02-27,BBSE3,34.1,34.58,34.05,34.29,13322,3236800,111268117.0
2023-02-28,BBSE3,34.15,34.56,34.08,34.21,15655,6809400,233556316.0
2023-03-01,BBSE3,34.21,34.43,33.68,34.01,19911,4632400,157704326.0
2023-03-02,BBSE3,34.0,34.77,33.82,34.57,18109,6388500,220497628.0
2023-03-03,BBSE3,34.57,34.66,33.85,34.07,15761,4753100,162377140.0
2023-03-06,BBSE3,34.32,35.35,34.23,34.88,28846,7881900,274721460.0
2023-03-07,BBSE3,34.88,35.0,34.62,34.87,17504,4998600,174290606.0
2023-03-08,BBSE3,34.86,35.14,34.31,34.86,23176,8157900,282950120.0
2023-03-09,BBSE3,34.83,35.13,34.45,34.58,16312,4743500,164706781.0
2023-03-10,BBSE3,34.54,34.62,33.64,34.01,14546,4270600,145393706.0
2023-03-13,BBSE3,33.65,33.77,33.1,33.24,27221,6132000,204644892.0
2023-03-14,BBSE3,33.29,33.43,32.98,33.25,16990,4546900,150943528.0
2023-03-15,BBSE3,33.02,33.08,32.68,32.85,18910,4898700,160964817.0
2023-03-16,BBSE3,32.85,33.13,32.68,33.0,16862,4193500,137944173.0
2023-03-17,BBSE3,32.71,32.89,32.28,32.42,15637,7599900,246683169.0
2023-03-20,BBSE3,32.42,32.5,31.97,32.25,18457,4805800,154724312.0
2023-03-21,BBSE3,32.25,32.46,32.08,32.31,16002,3982400,128519635.0
2023-03-22,BBSE3,32.39,32.69,32.33,32.4,12453,3938800,127912571.0
2023-03-23,BBSE3,32.64,33.69,32.43,32.65,16073,5288500,174449292.0
2023-03-24,BBSE3,32.7,33.3,32.5,33.07,16695,4379700,144770507.0
2023-03-27,BBSE3,33.32,33.38,32.66,32.79,12218,2686800,88495914.0
2023-03-28,BBSE3,32.88,33.84,32.87,33.36,16556,5650900,189124622.0
2023-03-29,BBSE3,33.5,33.58,32.37,32.82,19082,4994000,163852960.0
2023-03-30,BBSE3,33.02,33.14,32.31,32.57,14760,3790600,123310967.0
2023-03-31,BBSE3,32.79,32.85,32.11,32.51,26979,6921100,224668966.0
2023-04-03,BBSE3,32.51,32.69,31.9,32.21,15247,3748500,120457568.0
2023-04-04,BBSE3,32.31,33.35,32.2,33.14,15592,6186400,204629177.0
2023-04-05,BBSE3,33.2,33.37,32.4,32.65,10660,3903900,127459024.0
2023-04-06,BBSE3,32.47,34.22,32.47,34.05,26875,8315300,281140709.0
2023-04-10,BBSE3,34.05,34.85,34.05,34.61,15226,4181400,144557073.0
2023-04-11,BBSE3,34.69,35.54,34.69,34.97,22985,6279900,220201408.0
2023-04-12,BBSE3,35.14,35.81,34.6,35.37,26659,7295000,257933802.0
2023-04-13,BBSE3,35.5,35.54,34.61,34.93,19058,6117200,213460092.0
2023-04-14,BBSE3,34.78,34.97,34.56,34.9,12687,3349600,116615025.0
2023-04-17,BBSE3,34.87,35.06,34.36,34.6,12006,3964900,137438475.0
2023-04-18,BBSE3,34.6,34.63,34.13,34.61,15402,4486800,154351197.0
2023-04-19,BBSE3,34.64,35.05,34.34,34.58,23513,7548300,261542274.0
2023-04-20,BBSE3,34.7,34.95,34.47,34.76,11700,3870500,134131088.0
2023-04-24,BBSE3,34.77,35.15,34.36,34.55,14799,5059600,175035362.0
2023-04-25,BBSE3,34.54,34.8,34.43,34.75,11650,5705500,197551761.0
2023-04-26,BBSE3,34.59,34.79,34.32,34.77,8880,2534100,87773824.0
2023-04-27,BBSE3,34.8,34.88,34.24,34.36,8422,2974900,102427792.0
2023-04-28,BBSE3,34.34,34.73,33.94,34.31,14982,5494500,188575968.0
2023-05-02,BBSE3,34.18,34.55,33.97,34.22,18080,4428000,151397381.0
2023-05-03,BBSE3,34.12,34.21,33.45,33.52,15293,3655300,123107856.0
2023-05-04,BBSE3,33.53,33.66,32.35,33.12,33388,7014600,230786546.0
2023-05-05,BBSE3,33.1,33.55,32.82,33.48,16686,4741600,157695420.0
2023-05-08,BBSE3,33.37,33.92,33.15,33.43,15411,5183800,173249172.0
2023-05-09,BBSE3,33.39,33.71,33.31,33.71,11906,3529300,118526451.0
2023-05-10,BBSE3,33.54,33.92,33.43,33.8,13439,2779500,93800401.0
2023-05-11,BBSE3,33.7,34.21,33.58,33.97,14240,4019300,136133745.0
2023-05-12,BBSE3,33.8,34.3,33.65,34.16,13822,2543800,86642919.0
2023-05-15,BBSE3,33.93,33.94,32.05,32.14,45782,18878700,613491133.0
2023-05-16,BBSE3,32.23,32.77,32.14,32.15,18537,4927400,159500330.0
2023-05-17,BBSE3,32.31,32.45,31.68,31.97,20809,5352700,170911937.0
2023-05-18,BBSE3,31.97,32.04,31.21,31.32,23291,6986300,219679130.0
2023-05-19,BBSE3,31.18,31.18,30.29,30.9,35496,12457500,382180710.0
2023-05-22,BBSE3,30.91,31.2,30.65,30.93,19004,5056200,156294246.0
2023-05-23,BBSE3,31.02,31.07,30.41,30.77,32122,10944500,336628462.0
2023-05-24,BBSE3,30.8,31.45,30.55,31.37,24019,8996100,278465278.0
2023-05-25,BBSE3,31.5,31.95,31.32,31.81,32125,8948000,283729653.0
2023-05-26,BBSE3,32.0,32.14,31.68,31.9,18498,5442300,173766359.0
2023-05-29,BBSE3,31.99,32.32,31.84,32.09,9403,2422900,77735173.0
2023-05-30,BBSE3,32.25,32.28,31.6,31.69,15655,4771100,151752946.0
2023-05-31,BBSE3,31.6,31.6,30.91,30.93,18250,9085800,282133395.0
2023-06-01,BBSE3,31.01,31.05,30.47,30.52,28525,7900500,242681434.0
2023-06-02,BBSE3,30.65,31.19,30.36,30.99,32865,8483500,260683649.0
2023-06-05,BBSE3,30.99,31.43,30.93,31.04,15988,4121900,128286880.0
2023-06-06,BBSE3,31.05,31.28,30.79,30.99,21674,5119100,158807884.0
2023-06-07,BBSE3,31.02,31.26,30.84,30.99,20043,8230500,255607862.0
2023-06-09,BBSE3,31.18,31.41,31.07,31.07,34821,8207600,256108560.0
2023-06-12,BBSE3,31.2,31.28,30.83,30.83,18242,5648200,175023547.0
2023-06-13,BBSE3,30.92,30.96,30.46,30.61,21336,6751800,206806506.0
2023-06-14,BBSE3,30.68,30.69,30.3,30.53,29694,10726700,326848178.0
2023-06-15,BBSE3,30.53,30.94,30.41,30.58,25977,6792100,208509022.0
2023-06-16,BBSE3,30.6,30.8,30.33,30.45,26751,10257400,312597980.0
2023-06-19,BBSE3,30.45,30.61,30.08,30.25,23089,6607300,200145941.0
2023-06-20,BBSE3,30.25,30.35,29.85,30.23,27976,8021600,241625518.0
2023-06-21,BBSE3,30.26,30.54,29.98,30.34,18855,8328200,252539555.0
2023-06-22,BBSE3,30.33,30.5,30.23,30.39,13709,4131400,125585289.0
2023-06-23,BBSE3,30.46,30.72,30.36,30.59,12461,3495300,106860344.0
2023-06-26,BBSE3,30.1,30.18,29.21,29.7,33083,12352500,365381887.0
2023-06-27,BBSE3,29.76,30.38,29.76,30.11,29752,9185000,276897693.0
2023-06-28,BBSE3,30.11,30.68,30.11,30.54,21406,7334500,223760707.0
2023-06-29,BBSE3,30.6,31.01,30.6,30.78,18668,7317500,225504191.0
2023-06-30,BBSE3,30.85,31.08,30.63,30.77,15638,6872200,212011275.0
2023-07-03,BBSE3,31.1,31.51,30.82,31.51,19882,9527800,297116773.0
2023-07-04,BBSE3,31.58,32.01,31.56,31.63,10051,3024400,96077610.0
2023-07-05,BBSE3,31.74,31.81,31.31,31.51,12996,3514900,110654516.0
2023-07-06,BBSE3,31.51,31.69,31.13,31.26,12544,4026000,126164965.0
2023-07-07,BBSE3,31.3,31.57,31.2,31.32,12268,3702200,116226276.0
2023-07-10,BBSE3,31.37,31.78,31.06,31.18,14013,4080200,128056292.0
2023-07-11,BBSE3,31.2,31.37,30.81,31.1,22749,6090200,189138446.0
2023-07-12,BBSE3,31.15,31.2,30.68,30.74,16066,6114800,188733763.0
2023-07-13,BBSE3,30.73,31.11,30.52,30.66,13789,4729600,145741363.0
2023-07-14,BBSE3,30.73,30.84,30.3,30.44,16332,4511800,137621351.0
2023-07-17,BBSE3,30.44,30.65,30.31,30.48,22034,12871900,392239403.0
2023-07-18,BBSE3,30.53,30.64,30.03,30.13,19775,7773300,234919317.0
2023-07-19,BBSE3,30.16,30.57,29.8,30.18,18800,7731400,232768981.0
2023-07-20,BBSE3,30.32,30.82,30.27,30.71,14052,4586800,140225044.0
2023-07-21,BBSE3,30.82,31.14,30.8,31.05,19565,5809400,180209324.0
2023-07-24,BBSE3,31.0,31.53,31.0,31.47,14799,3956300,124041629.0
2023-07-25,BBSE3,31.57,31.76,31.13,31.19,17597,4912300,153836644.0
2023-07-26,BBSE3,31.2,31.47,31.15,31.4,12002,2797400,87556553.0
2023-07-27,BBSE3,31.35,31.57,30.84,30.87,8456,2901600,90093205.0
2023-07-28,BBSE3,31.0,31.35,30.9,31.27,8983,2555600,79768184.0
2023-07-31,BBSE3,31.28,31.4,31.11,31.12,8958,2825500,88204213.0
2023-08-01,BBSE3,31.12,31.39,30.98,31.26,12022,4036400,126048659.0
2023-08-02,BBSE3,31.29,31.38,31.18,31.28,7852,2247600,70285302.0
2023-08-03,BBSE3,31.35,31.47,31.13,31.32,11062,3531100,110648204.0
2023-08-04,BBSE3,31.32,31.98,31.28,31.51,16432,4926600,155852034.0
2023-08-07,BBSE3,32.27,32.91,32.08,32.26,23379,8763200,283269113.0
2023-08-08,BBSE3,32.4,32.41,31.99,32.05,16852,5247100,168712581.0
2023-08-09,BBSE3,32.1,32.34,31.83,32.16,14512,4834600,155302456.0
2023-08-10,BBSE3,32.41,32.47,32.19,32.25,8400,3875200,125143443.0
2023-08-11,BBSE3,32.38,32.65,32.16,32.47,12649,4352200,141108461.0
2023-08-14,BBSE3,32.6,32.91,32.56,32.77,16312,5700800,186835619.0
2023-08-15,BBSE3,32.92,32.94,32.51,32.55,14981,5766800,188549674.0
2023-08-16,BBSE3,32.67,32.92,32.35,32.54,20307,7134700,233014443.0
2023-08-17,BBSE3,30.79,30.79,29.63,29.66,37029,16615500,497994552.0
2023-08-18,BBSE3,29.66,30.0,29.44,29.88,12728,4466700,133273695.0
2023-08-21,BBSE3,29.94,29.97,29.6,29.89,12473,4041100,120308003.0
2023-08-22,BBSE3,30.0,30.13,29.7,29.96,10664,3832100,114726466.0
2023-08-23,BBSE3,29.96,30.19,29.89,30.15,12726,3975500,119485074.0
2023-08-24,BBSE3,30.15,30.44,30.1,30.34,9712,4145400,125642014.0
2023-08-25,BBSE3,30.36,30.59,30.26,30.34,12665,3824500,116331653.0
2023-08-28,BBSE3,30.54,30.77,30.39,30.76,9376,2817800,86151679.0
2023-08-29,BBSE3,30.81,31.22,30.73,31.05,15517,4443100,137690738.0
2023-08-30,BBSE3,31.2,31.2,30.6,30.79,12409,3465000,106762899.0
2023-08-31,BBSE3,30.94,31.0,30.35,30.38,12599,4845100,147638282.0
2023-09-01,BBSE3,30.56,31.35,30.5,31.03,23130,7391000,230028488.0
2023-09-04,BBSE3,31.18,31.44,31.0,31.38,8248,2505500,78416819.0
2023-09-05,BBSE3,31.41,31.79,31.21,31.32,16177,5276500,166322078.0
2023-09-06,BBSE3,31.32,31.39,30.7,31.09,14364,4336300,134931013.0
2023-09-08,BBSE3,31.1,31.44,30.96,31.11,9632,3418000,106669114.0
2023-09-11,BBSE3,31.35,31.97,31.29,31.79,11973,4547500,143906686.0
2023-09-12,BBSE3,31.82,32.03,31.65,31.95,12440,3483600,111170505.0
2023-09-13,BBSE3,31.93,32.03,31.73,31.92,25494,5943000,189487806.0
2023-09-14,BBSE3,32.0,32.22,31.7,31.7,11029,3575300,113939336.0
2023-09-15,BBSE3,31.83,31.83,31.51,31.64,10890,5438300,171984884.0
2023-09-18,BBSE3,31.81,32.1,31.62,31.84,12725,3426600,109432830.0
2023-09-19,BBSE3,31.8,31.93,31.57,31.68,12275,4976600,157776313.0
2023-09-20,BBSE3,31.78,32.2,31.63,32.2,11921,4529900,145005133.0
2023-09-21,BBSE3,31.93,32.07,31.65,31.76,16218,4876800,155225650.0
2023-09-22,BBSE3,31.89,32.05,31.66,31.74,10986,3692200,117673843.0
2023-09-25,BBSE3,31.62,32.17,31.6,32.03,13514,5648200,180413696.0
2023-09-26,BBSE3,31.97,32.08,31.78,31.83,13068,4479100,143089295.0
2023-09-27,BBSE3,32.0,32.0,31.26,31.47,12399,5106300,161147612.0
2023-09-28,BBSE3,31.46,31.79,31.12,31.7,12413,3436900,108341194.0
2023-09-29,BBSE3,31.79,31.8,31.2,31.21,13189,4972000,155789689.0
2023-10-02,BBSE3,31.25,31.99,31.16,31.94,12573,3948800,125738960.0
2023-10-03,BBSE3,31.94,32.12,31.78,32.02,17764,5135700,164436884.0
2023-10-04,BBSE3,32.01,32.29,31.94,32.2,11333,3820000,122741326.0
2023-10-05,BBSE3,32.2,32.62,31.86,31.94,11522,3574000,114670494.0
2023-10-06,BBSE3,31.77,32.21,31.58,32.07,14871,4142700,132701565.0
2023-10-09,BBSE3,31.94,32.15,31.82,31.88,10210,3386800,108277889.0
2023-10-10,BBSE3,32.06,32.06,31.62,31.63,16534,4462100,141569934.0
2023-10-11,BBSE3,31.51,31.83,31.36,31.75,14315,4634700,146879962.0
2023-10-13,BBSE3,31.86,31.86,31.3,31.3,15032,3708600,116462494.0
2023-10-16,BBSE3,31.56,31.95,31.49,31.69,14079,3762400,119219971.0
2023-10-17,BBSE3,31.64,31.77,31.44,31.61,15313,3656600,115744321.0
2023-10-18,BBSE3,31.61,32.13,31.61,31.89,19376,6461900,206221921.0
2023-10-19,BBSE3,31.85,32.05,31.81,31.86,16582,4022800,128578016.0
2023-10-20,BBSE3,31.86,32.0,31.44,31.44,15516,5962800,188701682.0
2023-10-23,BBSE3,31.44,31.69,31.05,31.36,15038,5105100,160016293.0
2023-10-24,BBSE3,31.6,31.6,31.25,31.4,11322,3519900,110530166.0
2023-10-25,BBSE3,31.47,31.69,31.24,31.27,10538,2932900,91968356.0
2023-10-26,BBSE3,31.4,31.4,31.07,31.33,12512,3935800,123027460.0
2023-10-27,BBSE3,31.33,31.5,30.95,30.95,8460,3314700,103121497.0
2023-10-30,BBSE3,31.08,31.16,30.53,30.55,10014,2992300,91913873.0
2023-10-31,BBSE3,30.61,30.96,30.55,30.76,13320,3569700,109827224.0
2023-11-01,BBSE3,30.76,31.29,30.71,31.21,15462,5279300,164164628.0
2023-11-03,BBSE3,31.3,31.56,31.23,31.45,10284,3243700,101976175.0
2023-11-06,BBSE3,31.84,32.02,31.37,31.77,22272,7091300,223794876.0
2023-11-07,BBSE3,31.51,32.14,31.45,31.9,20393,6899700,220007569.0
2023-11-08,BBSE3,31.91,32.05,31.55,31.9,15904,4622200,147092866.0
2023-11-09,BBSE3,31.9,31.96,31.22,31.3,16096,6301300,198251074.0
2023-11-10,BBSE3,31.4,31.56,31.1,31.3,16513,5040600,157843084.0
2023-11-13,BBSE3,31.31,31.79,31.17,31.42,11782,4400500,138598407.0
2023-11-14,BBSE3,31.57,31.93,31.44,31.65,33022,8320600,263142157.0
2023-11-16,BBSE3,31.71,32.38,31.7,32.14,21644,5237200,168083479.0
2023-11-17,BBSE3,32.14,32.19,31.65,31.78,17121,6532500,208179074.0
2023-11-20,BBSE3,31.81,32.02,31.49,31.98,14867,4036700,128729251.0
2023-11-21,BBSE3,31.98,32.05,31.68,31.91,10725,3525800,112457249.0
2023-11-22,BBSE3,31.91,32.09,31.6,32.03,14895,4274700,136701952.0
2023-11-23,BBSE3,31.7,32.1,31.65,32.1,14236,4702900,150003316.0
2023-11-24,BBSE3,32.1,32.2,31.64,31.91,9693,2692900,85778193.0
2023-11-27,BBSE3,32.01,32.05,31.55,31.71,17641,5064100,160826051.0
2023-11-28,BBSE3,31.75,32.02,31.67,31.81,9684,3350800,106865067.0
2023-11-29,BBSE3,31.95,31.98,31.35,31.45,15849,6437800,203216825.0
2023-11-30,BBSE3,31.52,31.65,31.3,31.3,27114,9110200,286172481.0
2023-12-01,BBSE3,31.24,31.34,30.77,30.9,35307,13397300,414632191.0
2023-12-04,BBSE3,31.0,31.14,30.82,30.82,26997,6664100,206102740.0
2023-12-05,BBSE3,30.92,30.96,30.6,30.7,24878,6923600,212986645.0
2023-12-06,BBSE3,31.0,31.0,30.6,30.68,12838,6562700,201756417.0
2023-12-07,BBSE3,30.71,31.47,30.7,31.1,16971,8648700,268460640.0
2023-12-08,BBSE3,31.14,31.36,30.76,31.11,12384,4643700,144730294.0
2023-12-11,BBSE3,31.11,31.46,31.05,31.18,8747,2863200,89538690.0
2023-12-12,BBSE3,31.31,31.41,31.2,31.21,12808,3673700,114939084.0
2023-12-13,BBSE3,30.83,31.12,30.13,31.05,46961,19319300,590810965.0
2023-12-14,BBSE3,31.18,31.99,31.15,31.64,29463,9825800,310607796.0
2023-12-15,BBSE3,31.64,32.24,31.64,32.07,19214,7272300,232915557.0
2023-12-18,BBSE3,31.75,32.77,31.7,32.53,16928,6111100,198718635.0
2023-12-19,BBSE3,32.78,33.59,32.76,33.37,22187,6040300,200667932.0
2023-12-20,BBSE3,33.37,33.62,33.15,33.15,15785,3834700,127645039.0
2023-12-21,BBSE3,33.27,33.3,33.02,33.15,10636,3199900,105970011.0
2023-12-22,BBSE3,33.15,33.47,33.12,33.36,9757,2546200,84832159.0
2023-12-26,BBSE3,33.38,33.62,33.32,33.61,6344,1932400,64793709.0
2023-12-27,BBSE3,33.61,33.61,33.32,33.38,9149,2464600,82355809.0
2023-12-28,BBSE3,33.38,33.65,33.34,33.65,8319,2512300,84336833.0
2024-01-02,BBSE3,33.65,33.96,33.59,33.89,13854,3584300,121184339.0
2024-01-03,BBSE3,33.89,34.18,33.73,33.74,15743,4581100,154983059.0
2024-01-04,BBSE3,33.74,34.25,33.55,33.98,14843,4831000,164287568.0
2024-01-05,BBSE3,34.07,34.29,33.58,33.68,13357,6319900,214236057.0
2024-01-08,BBSE3,33.69,33.76,33.5,33.52,9906,3455700,116139883.0
2024-01-09,BBSE3,33.51,33.59,33.03,33.4,15495,4025700,134026479.0
2024-01-10,BBSE3,33.5,33.55,33.16,33.19,12509,3202100,106483228.0
2024-01-11,BBSE3,33.21,33.4,32.98,33.28,16331,4130200,136944837.0
2024-01-12,BBSE3,33.28,33.65,33.21,33.34,10830,3381800,112759041.0
2024-01-15,BBSE3,33.38,33.69,33.31,33.69,7022,2596100,86991789.0
2024-01-16,BBSE3,33.67,33.8,33.32,33.48,17457,4458500,149491219.0
2024-01-17,BBSE3,33.48,33.92,33.45,33.91,16953,6898600,232903918.0
2024-01-18,BBSE3,33.99,34.45,33.88,34.38,15021,6212300,212319581.0
2024-01-19,BBSE3,34.49,34.79,34.26,34.55,16520,5023400,173514849.0
2024-01-22,BBSE3,34.73,34.98,34.47,34.63,19738,5309000,183947874.0
2024-01-23,BBSE3,34.71,34.75,34.22,34.51,18000,4389600,151098476.0
2024-01-24,BBSE3,34.49,34.5,33.92,34.24,14011,3851300,131591738.0
2024-01-25,BBSE3,34.24,34.25,33.74,33.74,12122,4102800,138975245.0
2024-01-26,BBSE3,33.87,34.03,33.73,33.73,10493,2944900,99610784.0
2024-01-29,BBSE3,33.86,34.09,33.71,34.09,8827,2700200,91785482.0
2024-01-30,BBSE3,34.11,34.14,33.79,33.83,11080,3617200,122700424.0
2024-01-31,BBSE3,33.96,34.58,33.78,34.25,16460,4992900,171396837.0
2024-02-01,BBSE3,34.26,34.49,34.2,34.31,14926,3769600,129358454.0
2024-02-02,BBSE3,34.31,34.49,33.95,34.09,18309,4605100,157180136.0
2024-02-05,BBSE3,34.56,34.82,34.12,34.55,32886,9137200,314638800.0
2024-02-06,BBSE3,34.71,35.5,34.71,35.5,20165,5309200,186614134.0
2024-02-07,BBSE3,35.5,36.09,35.4,35.84,23308,6849300,244937580.0
2024-02-08,BBSE3,35.5,35.59,34.37,34.5,22513,10362700,361090022.0
2024-02-09,BBSE3,33.0,33.2,32.1,32.79,20018,7152300,234826753.0
2024-02-14,BBSE3,32.79,32.99,32.61,32.93,12935,6703600,220523138.0
2024-02-15,BBSE3,32.78,33.37,32.71,33.01,14210,12861800,422577850.0
2024-02-16,BBSE3,33.03,33.14,32.64,32.66,14680,6557400,214827862.0
2024-02-19,BBSE3,32.78,33.09,32.42,32.77,7597,3584300,117471653.0
2024-02-20,BBSE3,32.61,33.36,32.4,33.11,8844,5768700,190568023.0
2024-02-21,BBSE3,33.1,33.2,32.75,32.9,10048,3317900,109126364.0
2024-02-22,BBSE3,32.9,33.5,32.86,33.36,12661,7385000,245963217.0
2024-02-23,BBSE3,33.48,33.56,33.05,33.05,7818,2079900,69126035.0
2024-02-26,BBSE3,33.05,33.1,32.75,33.07,10432,3062700,100986931.0
2024-02-27,BBSE3,33.26,33.37,33.01,33.21,10858,2683400,89164609.0
2024-02-28,BBSE3,33.21,33.69,33.2,33.55,8278,2701500,90516654.0
2024-02-29,BBSE3,33.54,33.68,33.31,33.34,11820,3700900,123710967.0
2024-03-01,BBSE3,33.35,33.41,32.86,32.92,11501,5042800,166499023.0
2024-03-04,BBSE3,32.94,33.26,32.91,32.91,8085,2751200,90881597.0
2024-03-05,BBSE3,33.32,33.32,32.86,32.86,9370,2697200,89066593.0
2024-03-06,BBSE3,32.96,33.16,32.59,32.7,14720,5536700,182053280.0
2024-03-07,BBSE3,32.7,33.05,32.61,32.9,11131,6104900,200665698.0
2024-03-08,BBSE3,32.81,32.97,32.52,32.79,13846,4331200,141960847.0
2024-03-11,BBSE3,32.8,33.11,32.72,32.83,8942,3570500,117448953.0
2024-03-12,BBSE3,32.9,33.02,32.73,32.94,8743,5043700,166137560.0
2024-03-13,BBSE3,32.83,33.03,32.64,32.88,11362,3551400,116881199.0
2024-03-14,BBSE3,32.96,33.11,32.87,33.11,9830,3033200,100164992.0
2024-03-15,BBSE3,33.15,33.85,33.11,33.27,13173,9888900,330758273.0
2024-03-18,BBSE3,33.35,33.56,33.23,33.26,8154,2938000,97917132.0
2024-03-19,BBSE3,33.33,33.4,32.89,32.89,7534,3323700,109812874.0
2024-03-20,BBSE3,32.92,33.11,32.77,32.86,13438,4568200,150399373.0
2024-03-21,BBSE3,32.83,32.86,32.11,32.11,18896,6495600,210043184.0
2024-03-22,BBSE3,32.09,32.55,32.01,32.34,10928,3203400,103660409.0
2024-03-25,BBSE3,32.37,32.43,31.95,31.95,12740,5938300,190781577.0
2024-03-26,BBSE3,32.03,32.58,31.87,32.12,10247,5639300,181666410.0
2024-03-27,BBSE3,32.13,32.83,32.13,32.71,10236,3960400,128950913.0
2024-03-28,BBSE3,32.76,32.94,32.5,32.52,8478,3711600,121319324.0
2024-04-01,BBSE3,32.58,32.8,32.38,32.68,12044,4196800,137135044.0
2024-04-02,BBSE3,32.68,32.8,32.52,32.67,9805,5143600,167860379.0
2024-04-03,BBSE3,32.67,32.82,32.42,32.44,12953,5151500,167779069.0
2024-04-04,BBSE3,32.56,33.0,32.32,32.66,12681,5021300,164753459.0
2024-04-05,BBSE3,32.79,33.09,32.68,32.96,12264,5512700,181698427.0
2024-04-08,BBSE3,32.96,33.31,32.73,33.18,13206,5454500,180622152.0
2024-04-09,BBSE3,33.24,33.45,33.03,33.42,13132,3395300,112884431.0
2024-04-10,BBSE3,33.4,33.54,33.04,33.07,21339,7824700,259734968.0
2024-04-11,BBSE3,33.07,33.5,32.82,33.38,14398,6484100,215616230.0
2024-04-12,BBSE3,33.38,33.46,32.8,32.97,16093,7022200,232731820.0
2024-04-15,BBSE3,33.0,33.27,32.85,33.01,18503,4548000,150361783.0
2024-04-16,BBSE3,32.9,33.12,32.78,32.83,20018,5705900,188060393.0
2024-04-17,BBSE3,32.85,33.07,32.52,32.97,19509,4880800,160551657.0
2024-04-18,BBSE3,32.97,32.97,32.45,32.65,17833,5138700,167616639.0
2024-04-19,BBSE3,32.55,33.02,32.55,32.96,9798,3830500,126140739.0
2024-04-22,BBSE3,32.97,33.33,32.7,32.94,9980,3602200,118469381.0
2024-04-23,BBSE3,32.78,32.94,32.5,32.5,9171,3518300,114695522.0
2024-04-24,BBSE3,32.5,32.61,32.1,32.1,12345,4503700,145668850.0
2024-04-25,BBSE3,32.25,32.46,31.99,31.99,9698,3672800,118113477.0
2024-04-26,BBSE3,32.2,32.35,32.06,32.09,10270,3071300,98849707.0
2024-04-29,BBSE3,32.12,32.29,31.95,32.29,11338,3246400,104409147.0
2024-04-30,BBSE3,32.25,32.35,32.0,32.2,10725,3280100,105504616.0
2024-05-02,BBSE3,32.53,32.7,32.25,32.42,14355,3651700,118468888.0
2024-05-03,BBSE3,32.7,32.85,32.5,32.84,13287,3172200,103752818.0
2024-05-06,BBSE3,32.82,33.4,32.11,33.26,20032,6137400,201807474.0
2024-05-07,BBSE3,33.26,33.47,32.8,32.8,15194,5677200,187522933.0
2024-05-08,BBSE3,32.71,32.86,32.4,32.62,13748,4408900,144188416.0
2024-05-09,BBSE3,32.53,32.75,32.4,32.62,15282,4896600,159617391.0
2024-05-10,BBSE3,32.51,33.2,32.44,33.13,12737,5007800,165046990.0
2024-05-13,BBSE3,33.11,34.35,33.06,33.6,25661,8944200,301760884.0
2024-05-14,BBSE3,33.6,34.0,33.42,34.0,18910,5116800,172641993.0
2024-05-15,BBSE3,33.9,34.53,33.81,34.24,20415,5971200,204178763.0
2024-05-16,BBSE3,34.23,34.45,34.12,34.45,11263,2799500,96067571.0
2024-05-17,BBSE3,34.33,34.36,34.1,34.17,6704,3002800,102730874.0
2024-05-20,BBSE3,34.15,34.27,33.44,33.7,15577,5593000,188471898.0
2024-05-21,BBSE3,33.79,33.99,33.53,33.93,8602,2926300,98844188.0
2024-05-22,BBSE3,33.79,34.05,33.34,33.36,10327,4227600,141884252.0
2024-05-23,BBSE3,33.33,33.33,32.93,33.22,11206,3931400,130028703.0
2024-05-24,BBSE3,33.43,33.63,32.69,32.69,17377,6488600,213592153.0
2024-05-27,BBSE3,32.69,32.95,32.52,32.86,8563,3627100,118844079.0
2024-05-28,BBSE3,33.07,33.1,32.39,32.41,18770,5793500,188351753.0
2024-05-29,BBSE3,32.39,32.82,32.14,32.6,16049,5595000,182416898.0
2024-05-31,BBSE3,32.5,32.72,32.12,32.3,16437,7439900,240402051.0
2024-06-03,BBSE3,32.22,32.3,31.9,32.18,15303,6974200,223822702.0
2024-06-04,BBSE3,32.19,32.73,31.99,32.59,15640,6177200,200521462.0
2024-06-05,BBSE3,32.7,32.96,32.53,32.78,13363,5958100,195657200.0
2024-06-06,BBSE3,32.75,33.13,32.57,32.95,10607,3785400,124670170.0
2024-06-07,BBSE3,32.85,32.98,32.61,32.69,12718,3958500,129793461.0
2024-06-10,BBSE3,32.74,32.84,32.36,32.62,11408,3482500,113668621.0
2024-06-11,BBSE3,32.73,32.95,32.63,32.78,9062,3802000,124750770.0
2024-06-12,BBSE3,32.8,32.87,32.28,32.47,19007,4762100,154560754.0
2024-06-13,BBSE3,32.47,32.77,32.34,32.51,12802,4977700,162150794.0
2024-06-14,BBSE3,32.5,32.63,32.21,32.46,10015,3045100,98887503.0
2024-06-17,BBSE3,32.48,32.53,32.31,32.39,11288,3964300,128484719.0
2024-06-18,BBSE3,32.43,32.49,32.3,32.45,11065,2968900,96182078.0
2024-06-19,BBSE3,32.4,32.72,32.33,32.57,11369,2951900,96176442.0
2024-06-20,BBSE3,32.71,32.98,32.53,32.71,13396,3145800,102663904.0
2024-06-21,BBSE3,32.66,33.06,32.51,32.9,15048,7546500,248483025.0
2024-06-24,BBSE3,33.06,33.8,33.06,33.63,15883,4615700,155205520.0
2024-06-25,BBSE3,33.65,33.79,33.25,33.43,12119,3257800,108954403.0
2024-06-26,BBSE3,33.39,33.39,32.95,32.95,14086,4021000,132975475.0
2024-06-27,BBSE3,33.02,33.07,32.72,32.78,11191,3303900,108529699.0
2024-06-28,BBSE3,32.83,33.01,32.65,32.93,14582,4653800,152969685.0
2024-07-01,BBSE3,32.98,33.12,32.77,32.82,10935,3226000,106129523.0
2024-07-02,BBSE3,32.82,32.97,32.61,32.83,11576,7094300,233043068.0
2024-07-03,BBSE3,32.99,33.15,32.86,32.97,15492,7384100,243757085.0
2024-07-04,BBSE3,33.05,33.22,33.01,33.16,8379,1925200,63741924.0
2024-07-05,BBSE3,33.12,33.22,32.93,33.17,16520,6548400,216692908.0
2024-07-08,BBSE3,33.2,33.28,32.98,33.19,10498,2715000,89846739.0
2024-07-09,BBSE3,33.18,33.3,33.01,33.25,13372,4066000,134745350.0
2024-07-10,BBSE3,33.25,33.43,33.16,33.32,9981,2371600,79055183.0
2024-07-11,BBSE3,33.33,33.57,33.23,33.55,9483,2573900,86031938.0
2024-07-12,BBSE3,33.59,33.99,33.55,33.96,9341,3674000,124370486.0
2024-07-15,BBSE3,34.0,34.08,33.83,34.04,8357,1990800,67621327.0
2024-07-16,BBSE3,34.04,34.25,34.02,34.21,8760,2999300,102474827.0
2024-07-17,BBSE3,34.25,34.5,34.06,34.47,10398,3469600,119191221.0
2024-07-18,BBSE3,34.45,34.75,34.37,34.38,11652,2750600,94896131.0
2024-07-19,BBSE3,34.35,34.51,34.0,34.1,8083,2388700,81608744.0
2024-07-22,BBSE3,34.2,34.57,34.01,34.45,7672,3092400,106168231.0
2024-07-23,BBSE3,34.43,34.62,34.06,34.16,15076,3836500,131522425.0
2024-07-24,BBSE3,34.16,34.38,33.95,34.2,12082,2886500,98780768.0
2024-07-25,BBSE3,34.15,34.3,34.01,34.1,11361,3226300,110143248.0
2024-07-26,BBSE3,34.13,34.69,34.12,34.6,10845,3752900,129404998.0
2024-07-29,BBSE3,34.67,34.9,34.48,34.68,9321,4568900,158582664.0
2024-07-30,BBSE3,34.68,34.97,34.67,34.97,10057,3122900,108878079.0
2024-07-31,BBSE3,34.97,35.18,34.93,35.17,13464,4510300,158135420.0
2024-08-01,BBSE3,35.28,35.66,34.96,35.05,12179,3022700,106266878.0
2024-08-02,BBSE3,35.05,35.37,34.72,34.9,11264,3528000,123295161.0
2024-08-05,BBSE3,34.57,34.74,33.47,34.6,23864,6276200,215932371.0
2024-08-06,BBSE3,34.7,35.25,34.63,34.9,16743,5394200,188511375.0
2024-08-07,BBSE3,35.0,35.23,34.81,35.07,10667,2867100,100342354.0
2024-08-08,BBSE3,35.09,36.36,35.0,36.14,15105,6483600,232975966.0
2024-08-09,BBSE3,36.16,36.3,35.73,36.16,16557,5082000,183088740.0
2024-08-12,BBSE3,36.4,36.77,36.23,36.65,15757,5697100,208614884.0
2024-08-13,BBSE3,36.83,37.17,36.76,37.13,15886,3850700,142391290.0
2024-08-14,BBSE3,37.05,37.65,36.82,37.45,25003,5348200,199889028.0
2024-08-15,BBSE3,37.53,37.62,37.21,37.31,14676,6763200,252758210.0
2024-08-16,BBSE3,37.45,37.59,37.25,37.29,24975,16450200,614516307.0
2024-08-19,BBSE3,35.69,36.15,34.93,36.05,21960,6712400,239973385.0
2024-08-20,BBSE3,36.1,36.44,36.02,36.05,19985,4916800,177966660.0
2024-08-21,BBSE3,36.03,36.28,35.86,36.07,13472,3855000,139282554.0
2024-08-22,BBSE3,36.15,36.16,35.75,35.95,16608,3195700,114807533.0
2024-08-23,BBSE3,36.05,37.14,36.05,36.99,16237,3598200,132606413.0
2024-08-26,BBSE3,36.99,37.27,36.48,36.64,15286,3094900,113980261.0
2024-08-27,BBSE3,36.75,36.82,36.48,36.64,9415,1700500,62369749.0
2024-08-28,BBSE3,36.46,36.83,36.08,36.41,19027,4440200,161583153.0
2024-08-29,BBSE3,36.03,36.55,35.81,36.55,24297,5705200,206941377.0
2024-08-30,BBSE3,36.44,36.76,36.34,36.73,16470,9093400,333408377.0
2024-09-02,BBSE3,36.87,36.96,36.29,36.71,14244,3416800,125000617.0
2024-09-03,BBSE3,36.67,37.1,36.5,36.88,16625,3860300,142542800.0
2024-09-04,BBSE3,37.03,37.58,36.95,37.42,24284,5044700,188706680.0
2024-09-05,BBSE3,37.42,37.42,36.84,36.95,14628,3357200,124366736.0
2024-09-06,BBSE3,36.97,37.01,36.66,36.71,13007,2979400,109553626.0
2024-09-09,BBSE3,36.71,36.8,36.42,36.64,10892,5083700,186343936.0
2024-09-10,BBSE3,36.63,36.89,36.6,36.62,11773,2740100,100557563.0
2024-09-11,BBSE3,36.67,36.86,36.38,36.4,13303,2930400,107020938.0
2024-09-12,BBSE3,36.28,36.47,36.03,36.1,11471,2349500,84984263.0
2024-09-13,BBSE3,36.17,36.58,36.16,36.19,11321,2221100,80788156.0
2024-09-16,BBSE3,36.29,36.44,36.04,36.4,14320,3934200,142650785.0
2024-09-17,BBSE3,36.29,36.31,35.86,35.96,11950,2417800,86991728.0
2024-09-18,BBSE3,35.85,36.0,35.52,35.59,15810,2818600,100780496.0
2024-09-19,BBSE3,35.72,35.74,35.36,35.36,15437,8368500,298105964.0
2024-09-20,BBSE3,35.34,35.47,35.01,35.01,17807,4318500,151674003.0
2024-09-23,BBSE3,34.98,35.36,34.85,35.13,16713,3649500,128345586.0
2024-09-24,BBSE3,35.31,35.45,35.05,35.42,14929,7704200,271918903.0
2024-09-25,BBSE3,35.52,35.71,35.2,35.35,16500,3390900,120059254.0
2024-09-26,BBSE3,35.5,35.6,35.32,35.47,13737,2662000,94398094.0
2024-09-27,BBSE3,35.39,35.61,35.25,35.37,14947,3166500,112113129.0
2024-09-30,BBSE3,35.4,36.53,35.38,35.5,22130,6029800,216394574.0
2024-10-01,BBSE3,35.63,35.95,35.42,35.75,14481,5355200,191319787.0
2024-10-02,BBSE3,35.9,36.22,35.46,35.46,18483,4887000,174577313.0
2024-10-03,BBSE3,35.27,35.27,34.98,35.12,15803,6282100,220400192.0
2024-10-04,BBSE3,35.01,35.17,34.85,35.08,10344,3077100,107796809.0
2024-10-07,BBSE3,35.33,35.35,34.35,34.43,12487,5396000,186787640.0
2024-10-08,BBSE3,34.36,34.52,34.22,34.3,11859,3883400,133532890.0
2024-10-09,BBSE3,34.24,34.26,33.75,33.85,18752,4739400,160834828.0
2024-10-10,BBSE3,33.85,34.07,33.75,33.84,11024,3287800,111440429.0
2024-10-11,BBSE3,33.85,33.95,33.64,33.86,13093,3554700,120118708.0
2024-10-14,BBSE3,33.85,34.09,33.81,33.97,8489,2643400,89735458.0
2024-10-15,BBSE3,33.99,34.29,33.85,33.93,9230,6221700,211300808.0
2024-10-16,BBSE3,33.96,34.21,33.67,34.04,17487,6619700,225148297.0
2024-10-17,BBSE3,33.85,34.14,33.68,33.99,12057,2910700,98818304.0
2024-10-18,BBSE3,34.15,34.32,33.63,33.82,14259,5075300,171817523.0
2024-10-21,BBSE3,33.76,33.96,33.64,33.95,10694,3117200,105613117.0
2024-10-22,BBSE3,33.8,34.36,33.8,34.34,15038,6910100,236720924.0
2024-10-23,BBSE3,34.11,34.39,34.05,34.32,15543,5137200,175831115.0
2024-10-24,BBSE3,34.25,34.38,34.0,34.36,13630,3571000,122243489.0
2024-10-25,BBSE3,34.3,34.42,34.15,34.3,8790,4008700,137422545.0
2024-10-28,BBSE3,34.4,34.64,34.21,34.38,9861,3743700,128640089.0
2024-10-29,BBSE3,34.36,34.56,34.27,34.5,5542,1746500,60122326.0
2024-10-30,BBSE3,34.5,34.67,34.42,34.5,10821,3191400,110204691.0
2024-10-31,BBSE3,34.65,35.22,34.25,34.27,12688,5908200,203373849.0
2024-11-01,BBSE3,34.55,34.59,34.11,34.28,11118,2680800,92029897.0
2024-11-04,BBSE3,34.45,34.66,34.03,34.64,11875,4086500,140348063.0
2024-11-05,BBSE3,34.7,35.32,34.22,35.11,14484,5831900,203473644.0
2024-11-06,BBSE3,34.65,35.18,34.34,34.61,15872,6260100,217203839.0
2024-11-07,BBSE3,34.4,34.94,34.27,34.8,11023,5890900,203787305.0
2024-11-08,BBSE3,34.5,34.68,34.22,34.29,15358,4542200,156379064.0
2024-11-11,BBSE3,34.31,34.55,34.15,34.2,8756,2584600,88770265.0
2024-11-12,BBSE3,34.3,34.33,33.58,33.74,10859,3415600,115651846.0
2024-11-13,BBSE3,33.7,33.73,33.41,33.54,13976,11192700,375274541.0
2024-11-14,BBSE3,33.6,33.71,33.37,33.41,6758,2205800,73949505.0
2024-11-18,BBSE3,33.42,33.71,33.39,33.53,12432,2882100,96763900.0
2024-11-19,BBSE3,33.7,34.2,33.47,34.2,7262,2639500,89834159.0
2024-11-21,BBSE3,33.95,34.12,33.48,33.48,11262,3041800,102623575.0
2024-11-22,BBSE3,33.51,33.95,33.51,33.95,10684,2700300,91098146.0
2024-11-25,BBSE3,33.88,34.08,33.78,34.07,10032,4532600,154178579.0
2024-11-26,BBSE3,34.33,34.44,33.98,34.13,10230,3149700,107691830.0
2024-11-27,BBSE3,34.14,34.28,33.47,33.61,14151,4884400,165102528.0
2024-11-28,BBSE3,33.51,33.77,33.26,33.43,13455,4713600,157699970.0
2024-11-29,BBSE3,33.41,33.59,33.26,33.53,12974,5283000,176513466.0
2024-12-02,BBSE3,33.52,33.75,33.37,33.63,15133,4102600,137833312.0
2024-12-03,BBSE3,33.69,35.36,33.69,35.04,25239,9589200,333708114.0
2024-12-04,BBSE3,35.02,35.05,34.72,35.0,11892,3111400,108631325.0
2024-12-05,BBSE3,35.11,35.55,34.96,35.4,9570,3021200,106950240.0
2024-12-06,BBSE3,35.4,35.6,35.18,35.42,11820,3346400,118593708.0
2024-12-09,BBSE3,35.59,35.67,35.35,35.66,8131,2354700,83681537.0
2024-12-10,BBSE3,35.8,36.6,35.79,36.07,11105,3895900,141109307.0
2024-12-11,BBSE3,36.07,37.14,36.02,36.96,26160,6339900,231702060.0
2024-12-12,BBSE3,36.8,37.04,36.34,36.56,21364,15715000,576237682.0
2024-12-13,BBSE3,36.24,36.92,36.21,36.64,15207,5151900,189249286.0
2024-12-16,BBSE3,36.64,36.98,36.12,36.2,13755,3882700,141495814.0
2024-12-17,BBSE3,36.45,37.23,36.25,37.04,27759,7306700,270005973.0
2024-12-18,BBSE3,36.88,37.67,36.65,36.87,30704,8785900,326321027.0
2024-12-19,BBSE3,37.1,37.75,36.84,37.33,22106,6112900,228735627.0
2024-12-20,BBSE3,37.33,37.35,35.78,36.53,23179,10914000,396511126.0
2024-12-23,BBSE3,37.0,37.0,36.28,36.49,14217,4198800,153114902.0
2024-12-26,BBSE3,36.49,36.73,36.19,36.47,17792,4593400,167499704.0
2024-12-27,BBSE3,36.55,36.62,35.97,36.28,14302,3300100,119557325.0
2024-12-30,BBSE3,36.26,36.32,35.93,36.18,9830,2808900,101380871.0
2025-01-02,BBSE3,36.18,36.42,35.89,36.42,17042,3506000,126932884.0
2025-01-03,BBSE3,36.45,36.56,35.92,35.99,18537,4137900,149281377.0
2025-01-06,BBSE3,36.1,36.41,35.72,36.41,15505,4581500,165702375.0
2025-01-07,BBSE3,36.59,36.69,36.19,36.53,22383,5943000,216689383.0
2025-01-08,BBSE3,36.54,36.78,36.21,36.31,14407,3507900,127469000.0
2025-01-09,BBSE3,36.23,36.36,36.01,36.28,8450,2551200,92223422.0
2025-01-10,BBSE3,36.36,37.04,36.13,36.14,13599,4641300,169162659.0
2025-01-13,BBSE3,36.14,36.32,35.98,36.18,10380,2676900,96787467.0
2025-01-14,BBSE3,36.15,37.28,36.1,36.9,15178,6369200,234623650.0
2025-01-15,BBSE3,37.1,37.49,36.68,37.35,19715,11511300,425633509.0
2025-01-16,BBSE3,37.3,37.87,37.24,37.4,12238,5298000,198348224.0
2025-01-17,BBSE3,37.4,37.87,37.15,37.83,13636,3594000,135381303.0
2025-01-20,BBSE3,37.75,38.11,37.5,37.9,8862,2782300,105283868.0
2025-01-21,BBSE3,37.9,38.08,37.73,37.93,10718,3444200,130627750.0
2025-01-22,BBSE3,38.11,38.43,38.07,38.21,12476,3251200,124276352.0
2025-01-23,BBSE3,38.44,38.65,37.77,38.02,12803,3320000,126327907.0
2025-01-24,BBSE3,38.02,38.03,37.24,37.83,13647,3627100,136752328.0
2025-01-27,BBSE3,37.75,38.57,37.71,38.57,16567,8534800,323982747.0
2025-01-28,BBSE3,38.57,39.09,38.55,39.03,14134,3011700,117152844.0
2025-01-29,BBSE3,39.03,39.28,38.67,38.76,13276,3423700,133148435.0
2025-01-30,BBSE3,38.76,38.96,38.18,38.59,21158,5555600,213837014.0
2025-01-31,BBSE3,38.61,38.9,38.36,38.54,14542,4420400,170680997.0
2025-02-03,BBSE3,38.54,39.03,38.28,39.03,15296,4495700,174681590.0
2025-02-04,BBSE3,39.03,39.08,38.57,38.99,15496,3698900,143584445.0
2025-02-05,BBSE3,39.2,39.46,38.88,39.27,13543,3355500,131433149.0
2025-02-06,BBSE3,39.15,39.77,39.15,39.73,14864,3756100,148492614.0
2025-02-07,BBSE3,39.74,39.86,39.26,39.3,12147,4568800,180364288.0
2025-02-10,BBSE3,39.4,39.86,39.34,39.65,9666,3360700,133011125.0
2025-02-11,BBSE3,39.73,39.8,39.02,39.05,13316,4056300,159324097.0
2025-02-12,BBSE3,39.05,39.25,38.73,39.12,19106,5154600,201253489.0
2025-02-13,BBSE3,39.12,39.19,38.24,38.49,14441,5008700,193514647.0
2025-02-14,BBSE3,38.5,39.17,38.5,38.88,16323,4666000,181290883.0
2025-02-17,BBSE3,38.8,39.26,37.93,38.0,17226,7084700,271616106.0
2025-02-18,BBSE3,39.12,39.99,38.43,39.7,36917,22892500,898209617.0
2025-02-19,BBSE3,39.54,40.23,39.42,39.74,23156,12539200,500668706.0
2025-02-20,BBSE3,39.75,40.0,39.54,39.86,20434,8522400,339382226.0
2025-02-21,BBSE3,37.14,37.49,36.62,37.03,17943,8790200,325192172.0
2025-02-24,BBSE3,37.3,37.6,37.15,37.49,14172,7234800,270938375.0
2025-02-25,BBSE3,37.49,37.62,37.28,37.44,14717,4032200,150972707.0
2025-02-26,BBSE3,37.51,37.73,37.47,37.53,15140,3503300,131675885.0
2025-02-27,BBSE3,37.6,38.59,37.48,38.45,20808,6400900,245505020.0
2025-02-28,BBSE3,38.45,38.5,37.71,37.84,18837,6159400,233554130.0
2025-03-05,BBSE3,37.84,38.91,37.81,38.7,16357,5535300,213677212.0
2025-03-06,BBSE3,38.7,39.18,38.43,39.05,21865,6958600,271180179.0
2025-03-07,BBSE3,39.0,39.28,38.82,39.02,18840,5292500,206580821.0
2025-03-10,BBSE3,38.95,39.04,38.19,38.94,13106,4182300,162169708.0
2025-03-11,BBSE3,39.09,39.09,38.55,38.58,15504,5328400,206512120.0
2025-03-12,BBSE3,38.8,38.9,38.28,38.57,13221,3697200,142278698.0
2025-03-13,BBSE3,38.7,39.18,38.38,39.16,9025,3649400,141725408.0
2025-03-14,BBSE3,39.16,40.0,39.06,39.81,10262,4159500,164818450.0
2025-03-17,BBSE3,39.74,40.06,39.6,40.0,13803,4906500,195588002.0
2025-03-18,BBSE3,40.0,40.55,39.84,40.38,10607,2924000,117736444.0
2025-03-19,BBSE3,40.37,40.49,40.11,40.23,23205,4572400,184121906.0
2025-03-20,BBSE3,40.36,40.55,40.02,40.51,15258,6005200,242750492.0
2025-03-21,BBSE3,40.57,40.7,40.08,40.31,15488,6999100,282181330.0
2025-03-24,BBSE3,40.12,40.27,39.76,40.02,14552,3743200,149663922.0
2025-03-25,BBSE3,39.64,40.4,39.63,39.87,14551,3754700,150344815.0
2025-03-26,BBSE3,40.01,40.2,39.66,40.13,11802,2980900,119351120.0
2025-03-27,BBSE3,40.25,40.55,40.05,40.38,11055,3144900,126982276.0
2025-03-28,BBSE3,40.42,40.52,40.07,40.26,7353,2745300,110733835.0
2025-03-31,BBSE3,40.19,40.48,39.99,40.3,11006,6481500,261358724.0
2025-04-01,BBSE3,40.3,41.3,40.25,41.2,16208,4962500,203750605.0
2025-04-02,BBSE3,40.72,41.3,40.33,40.47,15436,5019200,203917863.0
2025-04-03,BBSE3,40.39,41.54,40.39,41.19,21767,4813600,198134874.0
2025-04-04,BBSE3,40.83,40.92,40.17,40.25,12474,3523300,142234166.0
2025-04-07,BBSE3,39.85,40.59,39.68,40.07,16016,3727400,149546700.0
2025-04-08,BBSE3,40.07,40.81,40.07,40.45,20585,5219900,211475660.0
2025-04-09,BBSE3,40.45,41.34,40.15,40.79,28977,10919300,444296829.0
2025-04-10,BBSE3,40.52,41.0,38.98,39.66,22942,13103400,517923679.0
2025-04-11,BBSE3,39.84,40.11,39.3,39.98,10740,3159800,126001990.0
2025-04-14,BBSE3,40.19,40.44,39.92,40.29,10798,3081900,124005357.0
2025-04-15,BBSE3,40.12,40.81,40.07,40.61,11619,3203900,130111424.0
2025-04-16,BBSE3,40.6,40.6,40.18,40.45,16754,3836500,154818914.0
2025-04-17,BBSE3,40.35,40.77,40.24,40.74,8736,2090700,84841670.0
2025-04-22,BBSE3,40.96,41.21,40.57,40.9,11528,3797400,155241990.0
2025-04-23,BBSE3,40.95,41.54,40.85,41.18,14051,3337100,137458251.0
2025-04-24,BBSE3,41.25,41.91,41.13,41.62,13830,3897700,162128814.0
2025-04-25,BBSE3,41.83,42.06,41.52,42.05,16845,3588800,150315069.0
2025-04-28,BBSE3,42.13,42.58,41.83,42.42,13675,3282200,138885815.0
2025-04-29,BBSE3,42.47,42.58,41.77,41.83,13045,3778000,159146590.0
2025-04-30,BBSE3,41.94,42.77,41.84,42.77,20006,5095000,215845190.0
2025-05-02,BBSE3,42.54,42.6,41.98,42.15,9293,2688700,113613098.0
2025-05-05,BBSE3,42.36,42.56,41.57,41.94,13652,5841300,245616722.0
2025-05-06,BBSE3,40.57,40.57,38.82,38.82,48597,20378900,801046607.0
2025-05-07,BBSE3,39.01,39.82,39.01,39.21,19363,5853300,230529805.0
2025-05-08,BBSE3,39.6,39.66,38.19,38.19,28629,10275100,397048547.0
2025-05-09,BBSE3,38.55,38.56,38.14,38.33,14780,4194300,160914625.0
2025-05-12,BBSE3,38.6,38.69,37.83,37.93,14539,4605000,174901583.0
2025-05-13,BBSE3,38.15,38.3,37.79,38.3,17981,5825100,221393255.0
2025-05-14,BBSE3,38.57,38.65,37.92,38.51,20998,7342600,280984967.0
2025-05-15,BBSE3,38.52,38.78,38.21,38.51,11012,3013600,115866593.0
2025-05-16,BBSE3,38.4,38.4,37.58,37.79,16359,5989600,226514037.0
2025-05-19,BBSE3,37.81,38.39,37.7,38.23,11230,4137800,157763933.0
2025-05-20,BBSE3,38.24,38.39,37.91,38.39,13497,3674400,140417198.0
2025-05-21,BBSE3,38.39,38.41,37.81,38.11,15029,5665000,215633651.0
2025-05-22,BBSE3,38.12,38.34,37.6,37.76,16092,4496900,170461111.0
2025-05-23,BBSE3,37.69,38.1,37.31,38.1,11941,5701900,215521481.0
2025-05-26,BBSE3,38.16,38.24,37.78,37.96,6690,1712300,64958526.0
2025-05-27,BBSE3,38.02,38.67,38.02,38.33,24631,6156600,237004989.0
2025-05-28,BBSE3,38.59,38.6,37.91,38.16,13156,3687900,140641665.0
2025-05-29,BBSE3,38.1,38.35,37.93,37.93,13983,3818800,145597550.0
2025-05-30,BBSE3,38.01,38.11,37.51,37.51,15782,6766500,254817239.0
2025-06-02,BBSE3,37.68,37.8,36.75,36.99,17165,4276700,158634773.0
2025-06-03,BBSE3,37.0,37.12,36.58,36.65,18652,5299300,194671300.0
2025-06-04,BBSE3,36.66,36.75,35.91,36.0,21237,5466100,197545112.0
2025-06-05,BBSE3,36.12,36.53,35.78,36.3,20312,8404900,304172544.0
2025-06-06,BBSE3,36.27,36.56,36.06,36.44,14227,4363900,158564769.0
2025-06-09,BBSE3,36.43,36.67,35.97,36.28,13014,4027600,145823981.0
2025-06-10,BBSE3,36.65,36.76,35.5,35.5,19188,7070600,252568150.0
2025-06-11,BBSE3,35.65,35.68,35.03,35.13,24649,6624400,233878078.0
2025-06-12,BBSE3,35.13,35.39,34.94,35.29,16247,6447600,226960874.0
2025-06-13,BBSE3,35.29,35.58,35.2,35.51,14089,4893200,173435777.0
2025-06-16,BBSE3,35.86,36.08,35.55,35.82,12967,3961800,142108550.0
2025-06-17,BBSE3,35.92,36.03,35.17,35.52,15292,11454900,406496915.0
2025-06-18,BBSE3,35.52,35.65,35.07,35.53,11860,7519300,265875118.0
2025-06-20,BBSE3,35.61,35.63,35.05,35.19,11154,4949600,174293459.0
2025-06-23,BBSE3,35.17,35.66,34.76,35.51,15431,6317100,223779608.0
2025-06-24,BBSE3,35.78,35.8,35.22,35.41,18115,6048000,214474805.0
2025-06-25,BBSE3,35.22,35.31,34.83,35.05,15031,3784800,132558107.0
2025-06-26,BBSE3,35.05,35.2,34.77,35.19,8861,2456900,86229229.0
2025-06-27,BBSE3,34.95,35.44,34.8,35.23,9558,5049700,177822089.0
2025-06-30,BBSE3,35.34,35.88,35.21,35.8,14862,4792600,171243595.0
2025-07-01,BBSE3,36.48,36.85,36.06,36.43,21294,7369200,268741059.0
2025-07-02,BBSE3,36.7,36.7,36.0,36.25,17775,5258000,190253674.0
2025-07-03,BBSE3,36.49,36.8,36.29,36.49,12994,4058000,148210749.0
2025-07-04,BBSE3,36.5,36.84,36.37,36.51,6598,2015000,73805583.0
2025-07-07,BBSE3,36.66,36.94,36.06,36.09,14014,5105100,185498186.0
2025-07-08,BBSE3,36.38,36.38,35.49,35.79,19363,5594700,200106454.0
2025-07-09,BBSE3,35.8,35.8,35.22,35.22,11750,3470100,122689312.0
2025-07-10,BBSE3,34.99,35.63,34.95,35.3,17176,4262400,150697478.0
2025-07-11,BBSE3,35.3,35.41,35.01,35.22,9493,2641300,92909888.0
2025-07-14,BBSE3,35.1,35.47,35.06,35.31,10246,3174200,112040045.0
2025-07-15,BBSE3,35.4,35.54,34.86,34.94,15078,4661000,163193355.0
2025-07-16,BBSE3,35.05,35.12,34.51,34.84,15007,4742200,164631154.0
2025-07-17,BBSE3,34.96,34.99,34.51,34.83,16143,3636800,126122973.0
2025-07-18,BBSE3,34.73,34.88,34.27,34.32,15502,5593600,192706043.0
2025-07-21,BBSE3,34.47,34.72,34.39,34.46,15884,4054800,140002303.0
2025-07-22,BBSE3,34.55,34.55,33.65,33.67,23926,7293100,247071278.0
2025-07-23,BBSE3,33.72,33.9,33.52,33.78,14505,4542600,153202362.0
2025-07-24,BBSE3,33.82,33.82,33.48,33.59,12248,3535400,118794140.0
2025-07-25,BBSE3,33.7,33.7,33.43,33.53,13511,3603000,120854822.0
2025-07-28,BBSE3,33.56,33.74,33.5,33.55,10152,8334400,279709617.0
2025-07-29,BBSE3,33.63,33.85,33.5,33.71,7955,12968800,437243070.0
2025-07-30,BBSE3,33.78,33.87,33.36,33.63,21991,10861900,364735683.0
2025-07-31,BBSE3,33.67,33.87,33.4,33.7,13036,11027700,371292083.0
2025-08-01,BBSE3,33.94,34.08,33.39,33.44,11689,6222300,209393195.0
2025-08-04,BBSE3,33.79,33.95,33.37,33.55,17559,10721800,359871281.0
2025-08-05,BBSE3,33.47,34.5,32.82,33.93,30345,13080900,443005551.0
2025-08-06,BBSE3,34.13,34.64,34.01,34.38,18108,7652700,263620068.0
2025-08-07,BBSE3,34.62,34.66,34.25,34.46,14470,5403400,185834772.0
2025-08-08,BBSE3,34.3,34.69,34.3,34.47,13980,6353700,218888868.0
2025-08-11,BBSE3,34.63,35.04,34.51,34.83,18109,6596500,229967647.0
2025-08-12,BBSE3,35.05,35.37,34.85,35.23,21198,7931000,278635369.0
2025-08-13,BBSE3,35.35,35.46,34.99,34.99,20742,8301300,292431633.0
2025-08-14,BBSE3,34.99,35.58,34.92,35.32,24820,8837100,312548801.0
2025-08-15,BBSE3,33.0,33.13,32.73,32.79,20575,9422900,309999213.0
2025-08-18,BBSE3,32.91,33.18,32.82,32.86,15546,7376300,242987895.0
2025-08-19,BBSE3,32.83,32.83,32.07,32.22,18383,5180300,167088087.0
2025-08-20,BBSE3,32.22,32.28,31.71,31.92,19543,6493800,206737805.0
2025-08-21,BBSE3,31.83,31.93,31.53,31.63,12872,3579000,113279674.0
2025-08-22,BBSE3,31.79,32.16,31.62,31.8,15214,6079500,193734724.0
2025-08-25,BBSE3,31.8,32.17,31.78,32.17,8448,2670500,85568802.0
2025-08-26,BBSE3,32.25,32.3,31.98,32.26,9008,3853800,123948708.0
2025-08-27,BBSE3,32.26,32.63,32.18,32.5,14644,8759500,284419745.0
2025-08-28,BBSE3,32.53,32.9,32.52,32.54,13045,4593500,150039709.0
2025-08-29,BBSE3,32.56,32.82,32.43,32.82,11806,6275000,205151173.0
2025-09-01,BBSE3,32.94,33.05,32.69,32.69,8974,2233200,73347567.0
2025-09-02,BBSE3,32.65,32.67,32.05,32.16,12590,4415100,142138313.0
2025-09-03,BBSE3,32.17,32.19,31.85,32.05,13858,8679200,277916429.0
2025-09-04,BBSE3,32.06,32.22,31.85,32.21,9029,8149300,261937642.0
2025-09-05,BBSE3,32.38,32.39,32.09,32.24,13550,10114800,325835288.0
2025-09-08,BBSE3,32.27,32.3,31.97,32.25,11105,8219800,264681618.0
2025-09-09,BBSE3,32.4,32.47,32.01,32.47,8807,10357800,335417798.0
2025-09-10,BBSE3,32.45,32.63,32.33,32.44,9742,4304800,139785620.0
2025-09-11,BBSE3,32.45,32.62,32.2,32.39,9839,3950800,128070139.0
2025-09-12,BBSE3,32.3,32.31,32.08,32.11,12024,4413600,141949335.0
2025-09-15,BBSE3,32.16,32.16,31.92,32.15,14348,4802600,154013617.0
2025-09-16,BBSE3,32.17,32.48,32.16,32.32,7931,3584400,115939304.0
2025-09-17,BBSE3,32.49,32.65,32.28,32.53,11694,8827600,286136602.0
2025-09-18,BBSE3,32.55,32.79,32.35,32.78,10766,13088900,426719267.0
2025-09-19,BBSE3,32.85,33.5,32.85,32.92,13458,9453300,312875975.0
2025-09-22,BBSE3,32.89,33.35,32.71,33.24,11581,11233700,373201206.0
2025-09-23,BBSE3,33.31,33.61,33.11,33.3,10805,4005300,133690516.0
2025-09-24,BBSE3,33.35,33.49,32.93,32.94,13202,4144900,137022944.0
2025-09-25,BBSE3,32.95,33.0,32.57,32.58,12481,4141800,135439130.0
2025-09-26,BBSE3,32.79,32.85,32.4,32.45,9262,3395700,110308717.0
2025-09-29,BBSE3,32.54,32.89,32.51,32.66,11409,4061100,133011516.0
2025-09-30,BBSE3,32.99,33.41,32.77,33.26,16328,7201000,238780431.0
2025-10-01,BBSE3,33.33,33.6,33.12,33.41,11922,3936600,131675354.0
2025-10-02,BBSE3,33.46,33.49,32.75,33.08,10039,4818200,159116399.0
2025-10-03,BBSE3,33.0,33.21,32.82,32.82,7652,2607700,85945170.0
2025-10-06,BBSE3,33.0,33.0,32.44,32.8,11352,3747100,122481783.0
2025-10-07,BBSE3,32.82,33.35,32.74,33.06,14122,6761600,223792994.0
2025-10-08,BBSE3,33.06,33.2,32.7,32.76,11773,4506200,148371464.0
2025-10-09,BBSE3,32.81,32.93,32.51,32.76,11217,3516500,115017324.0
2025-10-10,BBSE3,32.83,32.99,32.6,32.6,9894,3197800,104533013.0
2025-10-13,BBSE3,32.63,32.75,32.39,32.45,12366,3430300,111619179.0
2025-10-14,BBSE3,32.4,32.77,32.25,32.48,12902,4615400,150144687.0
2025-10-15,BBSE3,32.48,32.48,31.9,32.01,17394,7314400,234333637.0
2025-10-16,BBSE3,32.01,32.06,31.78,31.81,10119,3222400,102731990.0
2025-10-17,BBSE3,31.8,32.0,31.68,31.96,7864,3610200,115139873.0
2025-10-20,BBSE3,31.99,32.31,31.94,32.11,9060,2512100,80822277.0
2025-10-21,BBSE3,32.15,32.17,31.87,31.91,6868,2538400,81201934.0
2025-10-22,BBSE3,32.01,32.35,31.85,32.1,10454,3045600,97912506.0
2025-10-23,BBSE3,32.21,32.29,31.88,32.01,10772,3674600,117418963.0
2025-10-24,BBSE3,32.11,32.27,31.93,32.08,7876,2494100,79972246.0
2025-10-27,BBSE3,32.28,32.41,32.13,32.17,9979,2571200,83015892.0
2025-10-28,BBSE3,32.24,32.76,32.18,32.68,9778,3412800,110946010.0
2025-10-29,BBSE3,32.73,32.88,32.39,32.42,13422,3761500,122547733.0
2025-10-30,BBSE3,32.38,32.85,32.33,32.82,9519,2494000,81694913.0
2025-10-31,BBSE3,32.93,33.05,32.65,32.85,12276,5909800,194022099.0
2025-11-03,BBSE3,33.07,33.3,32.89,33.24,14343,3814900,126302643.0
2025-11-04,BBSE3,33.7,34.4,33.48,33.64,23587,8540600,288705262.0
2025-11-05,BBSE3,33.57,34.13,33.5,33.75,18987,6269400,212283709.0
2025-11-06,BBSE3,33.76,34.35,33.76,34.23,13114,4432900,151344450.0
2025-11-07,BBSE3,34.23,34.26,33.74,33.82,10256,3398100,115083306.0
2025-11-10,BBSE3,34.03,34.39,33.91,34.34,11634,4320300,148093317.0
2025-11-11,BBSE3,33.79,34.14,33.35,33.56,28662,11378100,383357093.0
2025-11-12,BBSE3,33.62,33.62,33.04,33.29,21163,5843900,194841514.0
2025-11-13,BBSE3,33.28,33.49,33.02,33.33,19243,10390600,345138571.0
2025-11-14,BBSE3,33.33,33.95,33.24,33.79,9576,3551300,119876060.0
2025-11-17,BBSE3,33.79,34.07,33.64,33.85,12644,7390400,250347902.0
2025-11-18,BBSE3,33.85,33.85,33.49,33.49,9383,2738600,91946632.0
2025-11-19,BBSE3,33.5,33.71,33.32,33.32,10169,2731600,91394469.0
2025-11-21,BBSE3,33.35,33.48,33.09,33.27,11055,3629100,120801991.0
2025-11-24,BBSE3,33.27,33.7,33.18,33.56,12672,5437600,182246723.0
2025-11-25,BBSE3,33.7,34.14,33.5,34.14,12654,4333500,146838969.0
2025-11-26,BBSE3,34.2,34.83,34.05,34.6,11811,4602600,159284344.0
2025-11-27,BBSE3,34.6,34.69,34.31,34.49,6484,1596100,55000015.0
2025-11-28,BBSE3,34.63,34.74,33.89,34.11,18886,7439200,253633732.0
2025-12-01,BBSE3,34.14,34.61,33.89,34.61,11474,3559800,122188103.0
2025-12-02,BBSE3,34.68,34.83,34.37,34.8,13678,7196800,248814325.0
2025-12-03,BBSE3,34.8,34.99,34.59,34.75,15518,5805000,201844640.0
2025-12-04,BBSE3,34.78,35.3,34.75,35.3,14076,4298300,150739272.0
2025-12-05,BBSE3,35.33,35.5,34.23,34.5,19696,7140500,248333750.0
2025-12-08,BBSE3,34.84,35.6,34.84,35.42,18665,5445000,192791054.0
2025-12-09,BBSE3,35.32,35.38,35.01,35.25,16019,5032000,177275459.0
2025-12-10,BBSE3,35.3,35.45,35.1,35.43,9179,3431800,121020920.0
2025-12-11,BBSE3,35.35,35.5,35.17,35.17,10705,3689100,130237057.0
2025-12-12,BBSE3,35.43,35.66,35.26,35.61,10447,3146400,111821197.0
2025-12-15,BBSE3,35.71,36.16,35.71,35.75,9141,3063800,109860783.0
2025-12-16,BBSE3,35.75,35.78,35.24,35.24,11277,4133100,146339795.0
2025-12-17,BBSE3,35.42,35.5,34.78,34.91,14989,5089500,177772813.0
2025-12-18,BBSE3,35.38,35.95,35.19,35.29,19240,6544000,232133234.0
2025-12-19,BBSE3,35.58,35.74,35.27,35.27,12847,7073300,250601855.0
2025-12-22,BBSE3,35.45,35.53,34.86,35.07,13276,6639800,232503380.0
2025-12-23,BBSE3,34.98,35.62,34.98,35.55,7998,7078300,248719387.0
2025-12-26,BBSE3,35.5,35.79,35.35,35.77,6551,11320400,404171282.0
2025-12-29,BBSE3,35.8,36.07,35.72,36.07,5856,8870600,318867207.0
2025-12-30,BBSE3,36.08,36.4,36.05,36.15,6415,3052600,110659060.0
2026-01-02,BBSE3,36.23,36.51,35.74,35.74,9117,3505600,126165932.0
2026-01-05,BBSE3,35.83,36.09,35.38,35.86,10159,5402000,193996644.0
2026-01-06,BBSE3,36.0,36.22,35.92,36.1,9343,5621100,202800929.0
2026-01-07,BBSE3,36.1,36.11,35.36,35.4,12787,4478100,159272642.0
2026-01-08,BBSE3,35.37,35.37,34.52,34.65,19553,6946400,241820567.0
2026-01-09,BBSE3,34.66,35.15,34.64,34.99,12065,12203300,425841093.0
2026-01-12,BBSE3,35.0,35.0,34.6,34.8,13061,5628200,195602443.0
2026-01-13,BBSE3,34.8,34.91,34.47,34.69,15891,6185700,214438305.0
2026-01-14,BBSE3,34.81,34.9,34.46,34.82,13562,4844900,167898752.0
2026-01-15,BBSE3,34.9,35.0,34.72,34.91,13162,3854700,134399825.0
2026-01-16,BBSE3,34.94,35.15,34.8,35.12,11754,6457500,225966823.0
2026-01-19,BBSE3,35.12,35.36,35.02,35.28,8799,3033300,106897004.0
2026-01-20,BBSE3,35.28,35.59,34.98,35.59,11909,4912000,174041034.0
2026-01-21,BBSE3,35.8,36.27,35.57,36.19,18596,6601200,237366087.0
2026-01-22,BBSE3,36.3,37.35,36.11,37.29,28281,6470000,239748221.0
2026-01-23,BBSE3,37.29,37.34,36.42,36.99,20492,7615800,281162487.0
2026-01-26,BBSE3,37.21,37.33,36.61,37.07,15310,4763400,176069948.0
2026-01-27,BBSE3,37.49,37.75,36.93,36.97,18278,6356600,237063680.0
2026-01-28,BBSE3,37.21,37.98,37.01,37.78,16319,5962600,224245941.0
2026-01-29,BBSE3,37.8,38.05,37.3,37.54,12113,4536300,170393279.0
2026-01-30,BBSE3,37.54,37.7,37.08,37.31,14803,4402000,164479453.0
2026-02-02,BBSE3,37.48,38.1,37.44,38.1,12855,9950200,375510997.0
2026-02-03,BBSE3,38.15,38.61,38.05,38.29,15412,5279500,202246994.0
2026-02-04,BBSE3,38.11,38.12,37.1,37.15,16791,5303200,198414830.0
2026-02-05,BBSE3,37.19,37.7,37.01,37.21,11640,4113700,153967917.0
2026-02-06,BBSE3,37.22,37.36,36.98,37.23,9694,3205200,119110865.0
2026-02-09,BBSE3,37.36,37.71,37.18,37.36,14538,4619400,172768515.0
2026-02-10,BBSE3,37.47,39.18,37.22,38.22,38815,29462800,1135232509.0
2026-02-11,BBSE3,38.75,39.22,38.56,38.95,29164,12259200,477638426.0
2026-02-12,BBSE3,38.98,39.3,37.76,37.76,27201,20037900,769576323.0
2026-02-13,BBSE3,34.47,34.47,33.02,33.82,46189,16328700,550394358.0
2026-02-18,BBSE3,34.0,34.4,33.49,33.49,22016,9487600,320199024.0
2026-02-19,BBSE3,33.7,33.93,33.37,33.58,20272,6466200,217239162.0
2026-02-20,BBSE3,33.58,34.3,33.47,34.05,20805,10916600,369784032.0
2026-02-23,BBSE3,34.05,34.32,33.93,34.11,17143,6379500,217803921.0
2026-02-24,BBSE3,34.35,34.92,34.17,34.84,21227,8163100,283929292.0
2026-02-25,BBSE3,34.95,35.17,34.74,35.01,12752,4448400,155407771.0
2026-02-26,BBSE3,34.97,35.19,34.78,35.11,14552,14668000,514568445.0
2026-02-27,BBSE3,35.19,35.21,34.65,34.68,16431,7979500,277655454.0
2026-03-02,BBSE3,34.5,34.93,34.2,34.75,14182,4866200,168286166.0
2026-03-03,BBSE3,34.39,34.53,33.69,34.4,23842,8235700,281292320.0
2026-03-04,BBSE3,34.75,35.17,34.23,34.37,14227,5358400,184675967.0
2026-03-05,BBSE3,34.42,34.77,33.72,33.72,19296,8461700,287253817.0
2026-03-06,BBSE3,33.83,34.2,33.62,34.2,16577,5853800,198742450.0
2026-03-09,BBSE3,34.37,34.38,33.74,34.1,15034,4708600,160208830.0
2026-03-10,BBSE3,34.35,34.97,34.21,34.51,14939,5830700,201799849.0
2026-03-11,BBSE3,34.43,34.76,34.19,34.66,8619,4023300,138990792.0
2026-03-12,BBSE3,34.43,34.59,34.03,34.37,15925,5568900,190738033.0
2026-03-13,BBSE3,34.43,35.22,34.43,35.05,18082,6260200,218978351.0
2026-03-16,BBSE3,35.29,35.58,34.83,34.88,13401,6202100,217692810.0
2026-03-17,BBSE3,34.9,35.12,34.7,34.92,10920,3389000,118285640.0
2026-03-18,BBSE3,34.92,34.97,34.52,34.52,13115,4023600,139578880.0
2026-03-19,BBSE3,34.33,34.9,34.12,34.66,11619,2891100,99732277.0
2026-03-20,BBSE3,34.6,34.67,33.96,34.09,12132,7177700,245000191.0
2026-03-23,BBSE3,34.46,34.81,34.42,34.65,11827,3790600,131399619.0
2026-03-24,BBSE3,34.72,34.72,34.2,34.46,10197,2978100,102522927.0
2026-03-25,BBSE3,34.72,35.03,34.56,34.83,14860,4123200,143579681.0
2026-03-26,BBSE3,34.92,34.95,34.53,34.64,6437,2973600,103184592.0
2026-03-27,BBSE3,34.65,34.73,34.33,34.4,10388,3755700,129366551.0
2026-03-30,BBSE3,34.65,34.81,34.3,34.3,11703,6226500,214363528.0
2026-03-31,BBSE3,34.63,35.03,34.41,34.81,16466,10184900,353857435.0
2026-04-01,BBSE3,35.0,35.33,34.73,35.1,12970,4110600,144363363.0
2026-04-02,BBSE3,34.77,35.48,34.5,35.43,8045,2443700,86064352.0
2026-04-06,BBSE3,35.5,35.94,35.44,35.44,9156,2210100,78773436.0
2026-04-07,BBSE3,35.45,35.47,34.85,35.47,9405,3396700,119389709.0
2026-04-08,BBSE3,36.0,36.3,35.6,35.85,22463,6312200,227307949.0
2026-04-09,BBSE3,36.0,36.42,35.78,35.9,17017,10778200,389552035.0
2026-04-10,BBSE3,36.09,36.41,35.8,36.41,14801,5278800,190922668.0
2026-04-13,BBSE3,36.39,36.39,35.46,36.05,19873,7101400,254673580.0
2026-04-14,BBSE3,36.05,36.18,35.67,35.73,16999,6444600,230954047.0
2026-04-15,BBSE3,35.62,35.62,34.88,35.05,25557,10954300,384725457.0
2026-04-16,BBSE3,35.05,35.23,34.92,35.01,10520,3260700,114184910.0
2026-04-17,BBSE3,35.34,35.43,34.84,34.92,15633,13569800,476114010.0
2026-04-20,BBSE3,34.98,35.3,34.91,35.28,9630,2934400,103293499.0
2026-04-22,BBSE3,35.28,35.32,34.58,34.7,14949,5246600,182122513.0
2026-04-23,BBSE3,34.88,34.95,34.22,34.27,16419,5409000,185861108.0
2026-04-24,BBSE3,34.33,34.4,33.94,34.29,10437,4105000,140513488.0
2026-04-27,BBSE3,34.47,34.58,33.95,33.95,11493,3354100,114375684.0
2026-04-28,BBSE3,33.94,34.16,33.81,34.04,12554,4102300,139537381.0
2026-04-29,BBSE3,34.03,34.03,33.57,33.75,17343,4852500,163810465.0
2026-04-30,BBSE3,34.07,34.19,33.88,33.88,11690,4018800,136454473.0
2026-05-04,BBSE3,33.96,34.3,33.81,33.85,14233,4041700,137101488.0
2026-05-05,BBSE3,34.45,34.7,34.13,34.45,19062,6974600,239933255.0
2026-05-06,BBSE3,34.6,35.0,34.4,34.83,12175,3973700,138174651.0
2026-05-07,BBSE3,34.89,35.05,34.3,34.3,13134,4340100,149904692.0
2026-05-08,BBSE3,34.38,34.75,34.19,34.52,14539,4311400,149026896.0
2026-05-11,BBSE3,34.52,34.67,34.3,34.3,9319,2934600,100997133.0
2026-05-12,BBSE3,34.3,34.57,34.2,34.21,9898,3721600,127722639.0
2026-05-13,BBSE3,34.33,34.4,34.01,34.03,17775,5418000,185177789.0
2026-05-14,BBSE3,34.11,34.65,34.11,34.48,11400,6685600,230548938.0
2026-05-15,BBSE3,34.4,34.5,34.08,34.12,13846,4830100,165333819.0
2026-05-18,BBSE3,34.12,34.22,33.97,34.12,15633,5451200,185832293.0
2026-05-19,BBSE3,34.12,34.25,33.85,33.91,14268,4375900,148810888.0
2026-05-20,BBSE3,34.3,34.91,33.95,34.71,14058,7403000,254638078.0
2026-05-21,BBSE3,34.68,34.95,34.48,34.74,9652,2894000,100433417.0
2026-05-22,BBSE3,34.7,34.86,34.21,34.47,10832,2743400,94461420.0
2026-05-25,BBSE3,34.61,34.74,34.5,34.62,6245,1523200,52742331.0
2026-05-26,BBSE3,34.68,34.77,34.42,34.72,7084,1797900,62221819.0
2026-05-27,BBSE3,34.85,35.39,34.76,34.86,10715,4495000,157486714.0
2026-05-28,BBSE3,34.91,35.02,34.58,34.58,8708,2554900,88688711.0
2026-05-29,BBSE3,34.7,35.4,34.52,35.4,14704,9497700,334305615.0
2026-06-01,BBSE3,35.4,35.51,34.86,35.03,15941,4883500,171251442.0
2026-06-02,BBSE3,35.14,35.31,34.96,35.13,11205,3073600,108135649.0
2026-06-03,BBSE3,35.0,35.11,34.7,35.04,14116,5351200,187242228.0
2026-06-05,BBSE3,35.19,35.59,34.94,35.39,14491,4728000,166876976.0
2026-06-08,BBSE3,35.24,35.87,35.19,35.87,18047,5210900,186153310.0
2026-06-09,BBSE3,35.98,36.45,35.94,36.25,15133,3992500,144591896.0
2026-06-10,BBSE3,36.36,36.84,36.11,36.63,14687,6371900,233285499.0
2026-06-11,BBSE3,36.79,38.0,36.63,37.8,30846,26402700,991665669.0
2026-06-12,BBSE3,37.9,38.28,37.6,37.87,15446,13724600,519906988.0
2026-06-15,BBSE3,38.01,38.42,37.58,37.78,19935,7639600,289408689.0
2026-06-16,BBSE3,37.78,38.19,37.5,38.19,15702,5565500,210882239.0
2026-06-17,BBSE3,38.19,39.47,38.1,39.3,29184,10327400,404681820.0
2026-06-18,BBSE3,39.29,40.12,39.28,39.44,24411,13173000,522743059.0
2026-06-19,BBSE3,39.4,39.54,38.64,38.9,13450,6685800,260287522.0
2026-06-22,BBSE3,38.86,38.96,38.3,38.63,16831,10487100,404887461.0
2026-06-23,BBSE3,38.46,38.98,38.22,38.27,15854,6853500,263887372.0
2026-06-24,BBSE3,38.27,38.84,38.02,38.68,22130,7257800,280203232.0
2026-06-25,BBSE3,38.94,39.3,38.6,38.87,11888,5166700,201487399.0
2026-06-26,BBSE3,38.92,39.17,38.8,39.17,10425,4462600,174232403.0
2026-06-29,BBSE3,39.17,39.35,38.93,39.33,6678,2892400,113226646.0
2026-06-30,BBSE3,39.33,39.58,39.06,39.17,11311,10467600,410390916.0
2026-07-01,BBSE3,38.8,39.0,37.33,38.13,29969,12243300,464322210.0
2026-07-02,BBSE3,38.13,38.76,37.98,38.67,15834,5232800,201365252.0
2026-07-03,BBSE3,38.88,38.97,38.53,38.65,9419,3104300,120158656.0
2026-07-06,BBSE3,38.5,38.73,38.4,38.71,9200,2774300,107113474.0
2026-07-07,BBSE3,38.75,38.96,38.47,38.55,7698,2761900,106695146.0
2026-07-08,BBSE3,38.5,39.07,38.43,38.75,11571,3874500,150419250.0
2026-07-09,BBSE3,38.68,39.5,38.68,39.28,11722,4268300,167882781.0
2026-07-10,BBSE3,39.55,40.39,39.49,40.35,16044,5319300,213276687.0
2026-07-13,BBSE3,40.25,40.42,40.01,40.28,11633,5192000,208814008.0
2026-07-14,BBSE3,40.31,40.54,40.12,40.39,12947,3598600,145053565.0
2026-07-15,BBSE3,40.4,40.73,40.16,40.71,14740,4772400,193484680.0
2026-07-16,BBSE3,40.65,41.33,40.53,41.18,15525,5077800,208598145.0
2026-07-17,BBSE3,41.2,41.44,40.7,41.12,13801,6340200,260355077.0
2026-07-20,BBSE3,41.21,41.43,41.0,41.05,12912,5805400,238993051.0
2026-07-21,BBSE3,41.05,41.71,40.68,41.55,13952,5907400,244273767.0
2026-07-22,BBSE3,41.6,42.84,41.31,42.58,22850,7539100,319290022.0
2026-07-23,BBSE3,42.45,42.67,42.13,42.4,13524,4503100,191242274.0
2026-07-24,BBSE3,42.27,42.45,41.41,41.49,15732,6192000,258015606.0
2026-07-27,BBSE3,41.19,41.38,40.22,40.54,17695,6395900,259375537.0
2026-07-28,BBSE3,41.06,41.25,40.59,41.21,12887,4231400,173732650.0
2026-07-29,BBSE3,41.18,41.49,40.76,40.92,12000,3527000,145307933.0
2026-07-30,BBSE3,40.97,41.49,40.79,40.86,10289,3579500,146788225.0
2026-07-31,BBSE3,40.86,41.55,40.79,41.26,8081,3303100,136269229.0
2026-08-03,BBSE3,41.3,41.68,41.11,41.36,15682,5313900,220058781.0
2026-08-04,BBSE3,41.7,42.4,41.35,42.07,28280,8470600,354943308.0
2026-08-05,BBSE3,42.05,42.26,41.28,41.67,17717,6788200,282486135.0
2026-08-06,BBSE3,41.65,41.67,40.91,40.96,18720,8126600,334336323.0
2026-08-07,BBSE3,38.7,38.81,38.05,38.38,19971,8339800,319699877.0
2026-08-10,BBSE3,38.39,38.64,38.0,38.23,17325,6538600,250114652.0
2026-08-11,BBSE3,38.2,38.2,36.94,37.26,20276,7997000,298569690.0
2026-08-12,BBSE3,37.26,37.59,37.18,37.56,15510,4621900,173242223.0
2026-08-13,BBSE3,37.56,37.68,36.98,37.19,19328,12557300,466781545.0
2026-08-14,BBSE3,37.11,37.18,36.64,36.95,16241,6771000,249298793.0
2026-08-17,BBSE3,37.0,37.3,36.75,37.3,11023,3452400,128275371.0
2026-08-18,BBSE3,37.3,37.51,37.13,37.13,10758,3073700,114400758.0
2026-08-19,BBSE3,37.45,37.61,36.64,36.66,16747,4781100,176581156.0
2026-08-20,BBSE3,36.61,37.04,36.36,36.55,16225,4260800,156095103.0
2021-08-20,BOVA11,111.49,113.87,111.37,113.65,86388,7724065,872383355.93
2021-08-23,BOVA11,113.65,113.94,112.59,113.05,55522,5013969,567708113.21
2021-08-24,BOVA11,114.55,115.89,114.24,115.63,69379,7336760,846766822.73
2021-08-25,BOVA11,115.11,116.14,114.66,116.14,52407,4840065,558700779.65
2021-08-26,BOVA11,115.66,116.25,114.07,114.07,51998,6625992,762168166.14
2021-08-27,BOVA11,114.65,116.18,114.51,116.18,24686,4853508,560744760.05
2021-08-30,BOVA11,115.75,115.82,114.79,115.08,64512,6018240,693758267.27
2021-08-31,BOVA11,114.98,115.57,113.35,114.08,82053,5898759,673599996.64
2021-09-01,BOVA11,114.15,115.45,113.55,114.8,65545,5256810,602968432.8
2021-09-02,BOVA11,114.14,114.14,112.11,112.15,71170,6860155,775204760.29
2021-09-03,BOVA11,113.01,113.21,111.23,112.09,79876,8653108,968983558.29
2021-09-06,BOVA11,112.0,113.61,111.73,113.48,37670,5967480,674871562.32
2021-09-08,BOVA11,113.19,113.27,108.82,109.08,1834,16112169,1771873638.92
2021-09-09,BOVA11,109.55,112.22,108.1,111.51,4493,13866198,1518950955.05
2021-09-10,BOVA11,112.3,112.45,109.88,109.88,40051,13914104,1544596027.45
2021-09-13,BOVA11,111.68,112.65,111.05,112.12,3325,8064276,902413682.35
2021-09-14,BOVA11,112.02,112.83,111.41,111.7,47781,7831003,877802942.35
2021-09-15,BOVA11,111.74,111.74,110.32,110.68,76888,7229594,800492198.44
2021-09-16,BOVA11,109.77,110.12,109.04,109.44,69709,7911193,865955295.36
2021-09-17,BOVA11,109.18,109.18,106.92,107.14,71063,9436917,1013975360.94
2021-09-20,BOVA11,105.25,105.66,103.44,104.77,22392,15966456,1662180366.86
2021-09-21,BOVA11,105.3,106.71,104.77,105.77,94027,12519910,1327267629.3
2021-09-22,BOVA11,107.6,109.0,107.47,107.99,3723,15095565,1632546473.36
2021-09-23,BOVA11,108.27,109.99,108.12,109.6,98460,12541374,1372231226.13
2021-09-24,BOVA11,108.61,109.19,108.13,109.03,80907,7910008,860244833.81
2021-09-27,BOVA11,108.93,110.4,107.85,108.89,83582,9036606,984600332.97
2021-09-28,BOVA11,108.57,108.82,105.71,105.83,6606,11273934,1203645624.62
2021-09-29,BOVA11,106.88,107.74,106.13,106.83,52725,7357567,787833394.18
2021-09-30,BOVA11,107.35,108.05,106.43,106.49,8904,9094433,975445447.78
2021-10-01,BOVA11,107.01,108.7,106.95,108.49,80121,8037295,869168918.2
2021-10-04,BOVA11,107.51,107.52,105.74,106.18,72526,6695643,712246949.44
2021-10-05,BOVA11,106.23,107.48,105.81,106.12,92203,11304653,1206200129.9
2021-10-06,BOVA11,104.71,106.43,103.97,106.37,88654,13152573,1388689127.2
2021-10-07,BOVA11,106.73,107.2,106.27,106.42,76089,8634987,921428007.33
2021-10-08,BOVA11,107.82,110.05,107.62,108.39,81578,6614313,720214090.64
2021-10-11,BOVA11,108.66,109.6,107.75,107.75,70089,5356682,581898986.53
2021-10-13,BOVA11,108.03,109.86,107.68,109.24,3410,9539300,1039555714.2
2021-10-14,BOVA11,109.45,109.45,108.32,108.97,80513,6607675,719348532.65
2021-10-15,BOVA11,109.05,110.37,108.67,110.22,90706,10879453,1196524765.88
2021-10-18,BOVA11,108.8,110.53,108.42,109.95,19755,7682672,841914246.55
2021-10-19,BOVA11,108.33,108.87,105.72,106.8,49319,18925107,2024278075.08
2021-10-20,BOVA11,107.19,107.78,105.9,106.4,2735,10243284,1094054266.32
2021-10-21,BOVA11,104.49,105.31,101.62,103.65,23338,15143144,1567318153.95
2021-10-22,BOVA11,102.46,103.77,98.88,102.33,59227,27147453,2762153314.4
2021-10-25,BOVA11,103.74,105.24,102.96,104.55,69783,23301463,2432102497.08
2021-10-26,BOVA11,103.37,103.64,102.2,102.25,84625,11218803,1153847636.58
2021-10-27,BOVA11,103.15,104.13,101.96,102.4,38688,9630893,994455489.19
2021-10-28,BOVA11,101.84,103.2,100.61,100.61,65225,7838751,799169506.73
2021-10-29,BOVA11,101.99,102.04,99.47,99.68,5892,11545762,1161358054.98
2021-11-01,BOVA11,100.76,102.07,100.41,101.52,95016,12126470,1230007551.42
2021-11-03,BOVA11,100.8,102.82,100.14,102.0,96355,15640010,1590477724.68
2021-11-04,BOVA11,101.52,101.52,98.87,99.65,71653,15004607,1497765728.25
2021-11-05,BOVA11,100.5,101.57,100.38,100.81,71331,7201973,726615045.77
2021-11-08,BOVA11,100.12,101.75,100.1,100.83,66233,7156498,722336500.09
2021-11-09,BOVA11,100.98,102.63,100.95,101.39,62115,9319101,948010638.11
2021-11-10,BOVA11,101.26,103.29,101.06,102.02,71301,9346699,954906788.97
2021-11-11,BOVA11,103.54,104.5,103.23,103.55,46024,12871446,1335058259.05
2021-11-12,BOVA11,103.3,103.87,101.73,102.13,70854,7567624,774691675.33
2021-11-16,BOVA11,102.73,102.85,100.12,100.36,97106,9476596,955674621.48
2021-11-17,BOVA11,101.5,101.54,98.5,99.25,83185,8639990,860304364.22
2021-11-18,BOVA11,99.37,99.87,98.14,98.65,27576,10517617,1038659727.29
2021-11-19,BOVA11,98.79,100.02,98.34,99.27,92410,8560633,850894115.31
2021-11-22,BOVA11,99.53,100.65,98.23,98.24,8685,8716382,865661543.36
2021-11-23,BOVA11,99.17,100.0,97.88,100.0,43231,12459671,1234220524.32
2021-11-24,BOVA11,99.14,101.17,98.51,100.66,93968,15892051,1593900747.07
2021-11-25,BOVA11,101.01,102.46,100.77,101.99,68052,8605230,875506527.94
2021-11-26,BOVA11,99.39,99.39,97.6,98.39,21666,10402486,1023950771.4
2021-11-29,BOVA11,99.64,100.2,98.74,99.01,79405,7099544,705884781.47
2021-11-30,BOVA11,98.59,99.19,96.32,98.35,10602,11313116,1104397044.54
2021-12-01,BOVA11,99.26,100.18,96.91,97.09,85975,14177075,1395970301.22
2021-12-02,BOVA11,98.45,100.43,98.3,100.43,94446,11747929,1169942969.6
2021-12-03,BOVA11,100.86,102.84,100.15,101.32,79134,11461688,1161237715.05
2021-12-06,BOVA11,101.98,103.57,101.68,103.0,83830,9256574,952384973.75
2021-12-07,BOVA11,104.5,104.5,103.12,103.63,57904,7162804,743804365.78
2021-12-08,BOVA11,103.85,104.54,103.31,104.2,72119,6093913,633280171.48
2021-12-09,BOVA11,103.37,103.48,101.9,102.14,77211,7126327,730243063.36
2021-12-10,BOVA11,103.6,104.24,103.25,103.73,41656,5772541,598857517.7
2021-12-13,BOVA11,103.9,105.41,103.46,103.5,62777,8548419,891417536.93
2021-12-14,BOVA11,104.59,105.1,102.44,102.7,48399,5746846,594199965.51
2021-12-15,BOVA11,102.7,104.1,101.67,103.2,44324,6693457,688140300.07
2021-12-16,BOVA11,104.5,104.88,103.62,104.41,73392,9004154,938192445.35
2021-12-17,BOVA11,103.38,103.8,102.5,103.1,86748,9395810,970306096.95
2021-12-20,BOVA11,101.98,101.98,100.4,101.0,61352,9656450,975546931.65
2021-12-21,BOVA11,101.89,101.94,101.1,101.42,44842,6268166,636304263.2
2021-12-22,BOVA11,101.7,101.79,100.44,101.43,51581,7263946,734966803.77
2021-12-23,BOVA11,101.6,101.6,100.71,100.85,31355,5047637,509873103.54
2021-12-27,BOVA11,101.4,101.8,100.95,101.6,42636,5274352,535574114.14
2021-12-28,BOVA11,101.83,101.83,100.59,101.06,48556,7167734,723246464.15
2021-12-29,BOVA11,101.24,101.35,99.94,100.25,96756,7343838,737896880.75
2021-12-30,BOVA11,100.81,101.45,100.29,100.8,88802,3404622,343641196.06
2022-01-03,BOVA11,101.49,102.24,99.55,99.93,58696,9627960,966313615.87
2022-01-04,BOVA11,100.46,100.48,99.26,99.57,38959,7865032,784355326.17
2022-01-05,BOVA11,99.29,99.7,97.1,97.1,88345,14325274,1404564386.82
2022-01-06,BOVA11,97.64,98.49,97.41,97.85,98260,7406134,724842862.9
2022-01-07,BOVA11,97.79,98.7,97.28,98.7,47935,9225417,907437276.01
2022-01-10,BOVA11,97.96,98.74,97.28,98.43,61286,6105347,597974922.04
2022-01-11,BOVA11,98.13,100.1,98.01,100.1,67609,8928004,887882202.17
2022-01-12,BOVA11,100.3,101.92,100.15,101.91,75705,5139226,520844387.71
2022-01-13,BOVA11,101.2,102.32,101.03,101.55,71782,7127705,724675367.85
2022-01-14,BOVA11,101.6,103.07,101.09,103.07,69639,6039783,617877704.04
2022-01-17,BOVA11,102.54,102.91,102.09,102.58,49218,3734769,382993329.94
2022-01-18,BOVA11,102.27,103.08,101.81,102.85,92161,6179773,633060898.13
2022-01-19,BOVA11,103.85,104.65,103.64,104.05,62383,4800243,500453734.34
2022-01-20,BOVA11,104.57,105.79,104.34,104.9,42951,9179398,966256879.4
2022-01-21,BOVA11,104.46,105.73,104.28,104.7,14984,8046144,844618957.2
2022-01-24,BOVA11,104.49,104.66,102.65,104.08,66770,9967944,1032134534.02
2022-01-25,BOVA11,103.42,106.64,103.15,106.33,88432,10353103,1090311802.61
2022-01-26,BOVA11,107.43,108.54,106.83,107.39,98410,9196792,991120411.56
2022-01-27,BOVA11,108.26,108.85,107.5,108.2,25524,11298513,1223102968.79
2022-01-28,BOVA11,107.74,108.8,107.0,107.58,79277,7697928,830500884.71
2022-01-31,BOVA11,107.29,108.46,107.04,107.98,92748,11574584,1248940547.85
2022-02-01,BOVA11,108.24,109.15,107.95,109.15,93259,7449053,809466255.86
2022-02-02,BOVA11,109.09,109.2,107.52,107.69,87485,7856193,850374621.36
2022-02-03,BOVA11,108.04,108.3,107.11,107.77,48698,5108583,549471001.29
2022-02-04,BOVA11,107.43,108.22,106.22,108.02,57784,5447251,585372393.63
2022-02-07,BOVA11,107.77,108.24,107.32,107.72,74639,7654432,825617689.76
2022-02-08,BOVA11,107.04,108.23,106.82,108.23,53371,5838001,628263894.19
2022-02-09,BOVA11,107.85,108.98,107.61,108.23,31249,6409174,693989915.42
2022-02-10,BOVA11,108.79,109.62,108.01,109.1,66570,6122420,667349533.51
2022-02-11,BOVA11,109.9,110.6,108.84,109.31,66656,10129103,1111758045.68
2022-02-14,BOVA11,109.66,109.99,109.11,109.52,62639,8946250,980138265.83
2022-02-15,BOVA11,109.94,110.6,109.72,110.6,10856,6013800,663125312.74
2022-02-16,BOVA11,111.06,111.34,110.58,110.77,78022,6453198,716006002.59
2022-02-17,BOVA11,110.58,110.87,109.1,109.1,56438,7640255,838297285.85
2022-02-18,BOVA11,109.86,109.96,108.44,108.51,53124,8046931,877296403.04
2022-02-21,BOVA11,108.95,109.18,107.45,107.45,46902,7114257,769751546.53
2022-02-22,BOVA11,108.91,109.19,108.11,109.0,77288,6156353,669460709.05
2022-02-23,BOVA11,109.03,109.6,107.58,107.58,82550,7204675,781151539.11
2022-02-24,BOVA11,105.24,107.5,105.1,107.48,88364,12751281,1354931514.15
2022-02-25,BOVA11,107.05,108.9,106.55,108.9,75475,6768630,728413404.57
2022-03-02,BOVA11,110.2,111.16,109.32,111.1,30504,4663476,516635511.85
2022-03-03,BOVA11,111.09,111.66,110.8,111.02,49202,6039498,671836891.2
2022-03-04,BOVA11,110.66,110.79,109.26,110.4,69769,7756558,852340438.73
2022-03-07,BOVA11,110.0,110.32,106.95,107.11,83315,10727876,1160770768.72
2022-03-08,BOVA11,107.88,108.29,106.92,107.29,4577,12913914,1388870691.24
2022-03-09,BOVA11,108.02,109.86,107.59,109.78,63757,8496076,928499301.89
2022-03-10,BOVA11,109.07,109.44,107.71,109.4,56841,7097908,771983315.29
2022-03-11,BOVA11,110.13,110.3,107.16,107.7,64300,6797149,739457162.6
2022-03-14,BOVA11,108.19,108.37,105.64,106.04,68479,4960258,527673724.35
2022-03-15,BOVA11,105.01,105.57,103.84,104.9,73697,9758248,1022955168.62
2022-03-16,BOVA11,106.0,107.14,105.07,107.14,66303,12298381,1306806484.56
2022-03-17,BOVA11,107.46,108.87,106.9,108.83,60632,9125502,984725067.5
2022-03-18,BOVA11,108.54,111.02,108.27,110.73,70807,10337977,1137711337.88
2022-03-21,BOVA11,111.19,112.0,110.94,111.94,91951,11194285,1248686331.59
2022-03-22,BOVA11,112.67,113.26,112.54,113.1,18139,6000620,677497584.8
2022-03-23,BOVA11,113.13,113.85,112.7,112.9,81712,8734456,989236985.96
2022-03-24,BOVA11,113.35,114.86,112.8,114.74,55439,7580787,865133675.55
2022-03-25,BOVA11,115.0,115.24,114.14,114.75,80693,7575333,868633785.94
2022-03-28,BOVA11,114.89,114.98,113.66,114.51,64812,5124256,584784559.87
2022-03-29,BOVA11,115.82,116.42,115.1,115.75,88404,8815212,1019012063.52
2022-03-30,BOVA11,115.8,116.1,115.33,115.9,43436,4049154,468557420.8
2022-03-31,BOVA11,115.91,116.45,115.57,115.6,51378,4841330,560928332.04
2022-04-01,BOVA11,116.58,117.22,116.56,117.2,23616,5899396,689372267.07
2022-04-04,BOVA11,116.85,117.06,116.28,116.8,39115,2246064,262066198.89
2022-04-05,BOVA11,116.71,117.1,114.38,114.51,80378,7448946,859614907.13
2022-04-06,BOVA11,114.12,114.31,112.48,113.87,85073,8766099,995888952.14
2022-04-07,BOVA11,113.27,114.9,113.01,114.65,56727,4496513,512568659.93
2022-04-08,BOVA11,113.95,114.49,113.12,113.98,61642,3844997,438148594.91
2022-04-11,BOVA11,112.85,113.37,112.5,112.57,96877,3512859,396647370.41
2022-04-12,BOVA11,113.97,114.18,111.77,111.77,48221,3798203,428496725.53
2022-04-13,BOVA11,112.6,113.02,111.97,112.52,44229,4623707,519717673.53
2022-04-14,BOVA11,112.0,112.46,111.3,111.65,39629,3129072,349778155.3
2022-04-18,BOVA11,111.62,111.98,110.92,111.46,44460,3828777,426633396.79
2022-04-19,BOVA11,110.76,111.17,110.06,110.92,38584,4193297,463790790.15
2022-04-20,BOVA11,110.52,110.75,109.73,110.05,55688,3660925,403082362.46
2022-04-22,BOVA11,109.37,109.37,106.5,106.75,60379,7855727,844189441.68
2022-04-25,BOVA11,105.78,107.11,105.24,106.76,79870,7100769,754478534.93
2022-04-26,BOVA11,105.9,106.17,104.05,104.28,64411,6778576,710236037.4
2022-04-27,BOVA11,105.93,106.11,105.0,105.52,81683,8787144,926858708.25
2022-04-28,BOVA11,106.06,106.66,104.82,105.86,69356,6498865,687222791.16
2022-04-29,BOVA11,107.29,107.73,103.4,103.4,83306,7767970,821162954.69
2022-05-02,BOVA11,103.67,103.96,101.3,102.72,24864,10478622,1070958701.73
2022-05-03,BOVA11,102.85,103.25,102.09,102.72,19541,8452712,868178345.29
2022-05-04,BOVA11,101.97,104.57,101.1,104.38,70733,9179810,941944718.86
2022-05-05,BOVA11,103.19,103.2,100.12,101.5,9564,13532589,1371711330.16
2022-05-06,BOVA11,101.52,102.43,100.1,101.23,19233,12702592,1287750915.01
2022-05-09,BOVA11,99.8,100.68,99.02,99.68,4587,8142846,812204575.18
2022-05-10,BOVA11,100.16,100.39,98.63,99.24,97506,5857961,582539912.16
2022-05-11,BOVA11,99.61,101.48,99.61,100.64,61581,9118393,918260602.21
2022-05-12,BOVA11,100.0,102.04,99.74,102.04,78267,8413333,851001387.68
2022-05-13,BOVA11,102.34,103.87,102.26,103.29,70359,8335662,860899286.31
2022-05-16,BOVA11,103.36,104.82,102.97,104.4,99761,8788116,915508300.7
2022-05-17,BOVA11,105.55,105.7,104.37,104.9,60671,4343008,455855945.74
2022-05-18,BOVA11,104.78,104.78,102.15,102.21,71821,10235510,1053650776.53
2022-05-19,BOVA11,102.41,103.5,102.39,103.08,85293,9847683,1014921978.67
2022-05-20,BOVA11,104.5,104.88,103.47,104.66,75623,8127970,847228356.45
2022-05-23,BOVA11,105.47,106.76,105.12,106.76,80506,6964600,739942428.48
2022-05-24,BOVA11,105.24,106.71,104.5,106.64,95749,7988511,843256336.46
2022-05-25,BOVA11,106.19,107.04,105.68,106.66,46585,5799926,617345849.51
2022-05-26,BOVA11,106.67,108.09,106.35,108.02,60507,4388652,472826512.91
2022-05-27,BOVA11,107.73,108.43,107.55,107.9,52044,5098516,550893852.65
2022-05-30,BOVA11,108.7,108.73,106.64,106.92,46247,3047637,326758752.07
2022-05-31,BOVA11,107.74,107.93,106.67,107.18,56090,3008556,323212929.79
2022-06-01,BOVA11,107.33,107.99,106.77,107.47,50967,4607531,495397857.27
2022-06-02,BOVA11,108.35,108.75,107.2,108.43,53849,5361689,580365010.46
2022-06-03,BOVA11,107.9,107.9,106.97,107.48,6807,9020765,968879471.95
2022-06-06,BOVA11,107.61,108.02,106.06,106.42,41007,4645448,496288449.56
2022-06-07,BOVA11,105.88,106.54,105.47,106.15,6719,5264171,558611581.27
2022-06-08,BOVA11,105.23,106.25,104.19,104.6,27006,8103707,850334458.07
2022-06-09,BOVA11,104.19,104.74,103.23,103.68,71790,8666935,900678755.12
2022-06-10,BOVA11,102.4,102.55,100.87,101.82,22001,10808201,1099846884.49
2022-06-13,BOVA11,100.1,100.23,98.07,99.12,46545,15449422,1529563628.17
2022-06-14,BOVA11,99.22,99.58,97.63,98.36,3014,9932671,978310291.48
2022-06-15,BOVA11,99.61,100.32,98.3,99.38,95187,11374258,1131352917.4
2022-06-17,BOVA11,97.59,97.59,94.91,96.21,69721,21454632,2056680699.89
2022-06-20,BOVA11,96.2,96.87,94.83,96.29,86950,7222819,694852199.16
2022-06-21,BOVA11,97.07,97.49,95.6,96.4,71600,7104412,685502491.55
2022-06-22,BOVA11,95.24,96.89,94.65,96.03,4574,8092953,777121823.78
2022-06-23,BOVA11,96.46,96.79,94.38,94.66,58424,6606090,628591292.76
2022-06-24,BOVA11,95.55,95.89,94.51,95.47,5710,14423791,1372904396.52
2022-06-27,BOVA11,96.06,97.66,95.8,97.35,75496,8088284,785060227.55
2022-06-28,BOVA11,98.07,98.63,96.37,97.05,79045,8087735,787352649.91
2022-06-29,BOVA11,97.37,97.66,95.65,96.0,67474,6869612,661736366.18
2022-06-30,BOVA11,94.5,95.79,94.26,95.0,71856,9077017,862915572.74
2022-07-01,BOVA11,94.36,95.85,93.81,95.63,82499,9277937,882380084.28
2022-07-04,BOVA11,94.99,95.87,94.75,95.2,48257,6126222,583808795.49
2022-07-05,BOVA11,94.42,94.92,93.06,94.8,89929,8115343,762864161.49
2022-07-06,BOVA11,94.58,95.66,93.97,95.42,62416,6784584,644957721.42
2022-07-07,BOVA11,96.62,97.91,96.58,97.38,53403,9083498,883331600.16
2022-07-08,BOVA11,97.52,98.0,96.39,96.88,73576,7040395,682470271.33
2022-07-11,BOVA11,95.36,95.76,94.35,94.8,64327,7316887,694645015.6
2022-07-12,BOVA11,94.27,95.29,93.83,94.9,89055,8225990,779384983.01
2022-07-13,BOVA11,94.2,95.45,93.95,94.51,57386,5845155,553314164.41
2022-07-14,BOVA11,93.03,93.11,92.09,92.55,79182,9711434,899780469.64
2022-07-15,BOVA11,92.88,93.58,91.9,93.27,65955,7782700,723600671.82
2022-07-18,BOVA11,94.0,94.82,93.2,93.37,94560,8258655,776583731.6
2022-07-19,BOVA11,93.72,94.84,93.57,94.7,70270,12130579,1144196755.1
2022-07-20,BOVA11,94.2,94.95,93.84,94.95,55091,7567901,715825208.64
2022-07-21,BOVA11,93.99,95.53,93.62,95.35,81388,7765854,735277795.62
2022-07-22,BOVA11,95.79,96.16,94.82,95.42,39336,5037163,481477550.67
2022-07-25,BOVA11,96.31,96.93,96.03,96.75,58540,4192244,404853540.0
2022-07-26,BOVA11,96.88,97.16,95.85,96.15,53304,4780077,460479121.34
2022-07-27,BOVA11,96.77,97.94,96.46,97.83,41816,4846166,471237869.51
2022-07-28,BOVA11,98.01,99.1,97.42,99.1,59171,6764647,666458058.75
2022-07-29,BOVA11,99.29,100.38,98.95,99.3,68752,5919730,589418671.85
2022-08-01,BOVA11,99.27,99.68,98.14,98.56,73873,7184927,709836731.48
2022-08-02,BOVA11,98.3,100.02,98.11,99.53,55922,5151841,511744562.32
2022-08-03,BOVA11,99.77,100.2,99.15,100.2,96003,5346146,533773105.85
2022-08-04,BOVA11,100.96,102.48,100.93,102.48,11309,8968736,913769662.11
2022-08-05,BOVA11,102.35,103.41,101.76,102.74,15359,10002719,1027343728.42
2022-08-08,BOVA11,103.35,104.8,103.29,104.8,9821,9991602,1041323322.05
2022-08-09,BOVA11,105.44,105.44,104.04,105.05,78535,5318575,556404681.08
2022-08-10,BOVA11,106.21,106.56,105.59,106.56,9493,9071013,963819322.86
2022-08-11,BOVA11,107.31,107.55,105.76,105.88,96412,10689145,1135473576.86
2022-08-12,BOVA11,106.77,108.64,106.31,108.64,89430,8648683,931250091.52
2022-08-15,BOVA11,107.55,109.24,107.1,108.97,68177,7788876,845645189.71
2022-08-16,BOVA11,109.0,109.76,108.75,109.76,53045,5754567,629358344.83
2022-08-17,BOVA11,108.7,110.22,108.62,109.99,92508,9377492,1028259038.12
2022-08-18,BOVA11,110.16,110.31,109.35,109.94,56768,5309372,583379813.4
2022-08-19,BOVA11,108.82,109.0,107.35,107.53,80567,11413397,1229471188.84
2022-08-22,BOVA11,106.76,107.15,106.09,106.73,2587,8295263,885064969.64
2022-08-23,BOVA11,107.04,109.1,107.04,109.1,76156,8765140,951879148.63
2022-08-24,BOVA11,108.93,109.9,108.66,109.18,65382,4768594,520945040.35
2022-08-25,BOVA11,109.83,110.09,108.83,109.6,38240,3653799,399670777.62
2022-08-26,BOVA11,110.08,110.19,108.0,108.36,96380,6865876,746135371.96
2022-08-29,BOVA11,107.91,109.29,107.86,108.4,69820,7305457,794442652.43
2022-08-30,BOVA11,108.7,108.9,106.25,106.4,64561,4987623,533414091.25
2022-08-31,BOVA11,106.83,107.52,105.7,105.83,60948,5172381,550938806.37
2022-09-01,BOVA11,106.07,106.59,104.43,106.59,73515,4596379,486094438.47
2022-09-02,BOVA11,107.36,108.42,106.71,107.09,59551,6402123,687338012.13
2022-09-05,BOVA11,108.27,108.69,107.78,108.45,31805,4105136,444372083.29
2022-09-06,BOVA11,106.93,107.08,105.51,105.95,56436,4508491,478040560.7
2022-09-08,BOVA11,106.11,106.91,104.76,106.18,49645,6315526,669147233.42
2022-09-09,BOVA11,107.54,108.58,107.28,108.4,47924,8678670,938848314.6
2022-09-12,BOVA11,109.6,110.19,109.3,109.55,43142,4476360,490803162.02
2022-09-13,BOVA11,107.94,108.85,106.61,106.98,64920,5742522,617622655.34
2022-09-14,BOVA11,106.69,107.59,106.22,106.75,42916,3672277,392274511.85
2022-09-15,BOVA11,106.76,107.26,105.62,106.11,36479,4860027,516009179.03
2022-09-16,BOVA11,105.19,105.76,104.72,105.6,93212,8960204,942752445.53
2022-09-19,BOVA11,104.83,108.22,104.66,108.22,75636,6648288,712936045.5
2022-09-20,BOVA11,108.5,108.85,107.45,108.85,77541,7482013,809506606.96
2022-09-21,BOVA11,108.9,109.42,107.41,108.16,68496,9395850,1017518885.54
2022-09-22,BOVA11,109.58,110.47,107.88,110.13,59698,7094666,772643372.65
2022-09-23,BOVA11,108.21,108.54,106.84,107.84,68057,6435873,691907609.08
2022-09-26,BOVA11,107.0,107.33,105.13,105.13,89567,8200764,867484661.35
2022-09-27,BOVA11,106.45,106.45,104.34,104.68,70220,8055825,845206816.06
2022-09-28,BOVA11,104.62,105.21,104.07,104.82,54218,6351848,665111798.25
2022-09-29,BOVA11,103.71,104.36,102.43,103.8,56958,7242507,749619407.51
2022-09-30,BOVA11,103.64,106.7,103.51,106.46,93065,9257857,978640142.6
2022-10-03,BOVA11,110.0,112.4,109.33,112.4,84263,11217558,1248403925.59
2022-10-04,BOVA11,114.02,114.14,111.76,112.35,3603,9125456,1027847236.03
2022-10-05,BOVA11,112.62,113.48,111.82,113.32,70811,6345767,716181522.7
2022-10-06,BOVA11,113.59,114.47,113.01,113.47,61795,8513848,967471333.58
2022-10-07,BOVA11,112.97,113.89,111.96,112.78,60324,9139957,1032321779.35
2022-10-10,BOVA11,112.89,113.05,111.28,112.08,33553,5757538,644598695.41
2022-10-11,BOVA11,111.49,111.87,110.29,110.89,51322,6187087,687490364.53
2022-10-13,BOVA11,109.27,111.45,108.75,110.26,54146,7760357,853405692.18
2022-10-14,BOVA11,110.36,110.72,107.67,108.22,49129,6057935,661930644.69
2022-10-17,BOVA11,108.77,110.39,108.41,109.9,46440,4177222,458810009.3
2022-10-18,BOVA11,111.25,111.94,110.18,111.94,74782,6795170,755359713.54
2022-10-19,BOVA11,111.73,112.44,111.27,112.35,51570,3824571,428081045.42
2022-10-20,BOVA11,113.19,113.33,112.4,112.9,83010,12906647,1456932724.24
2022-10-21,BOVA11,113.0,116.61,112.63,116.43,33508,12652526,1459608898.89
2022-10-24,BOVA11,114.57,114.57,111.8,112.14,98893,9907530,1118685448.78
2022-10-25,BOVA11,111.7,112.24,110.48,110.48,93547,6955937,774536006.08
2022-10-26,BOVA11,109.55,110.43,108.7,108.78,73506,9249423,1010803915.18
2022-10-27,BOVA11,109.8,112.53,109.1,110.0,80717,9147819,1009590206.1
2022-10-28,BOVA11,109.84,113.0,109.34,113.0,54591,13910854,1540704024.4
2022-10-31,BOVA11,108.47,112.78,108.25,112.15,36242,14046822,1556641831.82
2022-11-01,BOVA11,113.16,114.19,111.44,112.81,48712,10302600,1164227140.38
2022-11-03,BOVA11,111.36,113.35,110.4,113.1,90859,7936308,890359600.58
2022-11-04,BOVA11,115.34,115.91,113.95,114.0,21188,9631211,1106370628.01
2022-11-07,BOVA11,113.39,114.14,111.16,111.22,14303,8490758,952023996.92
2022-11-08,BOVA11,110.72,113.17,110.61,112.3,8199,8043997,901582428.13
2022-11-09,BOVA11,111.21,112.5,109.14,109.75,83173,12347442,1364302532.5
2022-11-10,BOVA11,107.0,108.68,104.65,106.1,84590,24101641,2557845972.78
2022-11-11,BOVA11,106.1,109.24,105.75,108.55,46480,12721566,1371688700.09
2022-11-14,BOVA11,109.58,110.43,108.08,109.24,81260,8737698,955742966.58
2022-11-16,BOVA11,109.24,109.44,105.62,106.04,4401,14252894,1519549347.03
2022-11-17,BOVA11,104.9,105.93,103.53,105.69,57483,16978148,1775558764.92
2022-11-18,BOVA11,107.09,107.78,104.65,104.85,29391,12109727,1283228652.33
2022-11-21,BOVA11,106.0,106.45,104.2,106.08,77603,12565712,1328551698.99
2022-11-22,BOVA11,106.35,106.6,104.11,105.07,64771,6812999,717875139.87
2022-11-23,BOVA11,104.65,105.6,104.18,105.24,75172,8097851,849004414.1
2022-11-24,BOVA11,105.9,108.86,105.79,108.2,83996,7266139,782541280.57
2022-11-25,BOVA11,107.8,107.96,104.82,105.07,91612,5237368,554992654.2
2022-11-28,BOVA11,105.14,105.76,104.64,105.15,52308,3984614,419388447.45
2022-11-29,BOVA11,105.87,108.44,105.51,107.29,8663,9506788,1020752453.59
2022-11-30,BOVA11,107.1,108.58,106.39,108.58,90240,8921213,960496214.63
2022-12-01,BOVA11,107.77,108.2,106.71,107.06,15738,7068611,758873859.63
2022-12-02,BOVA11,107.57,109.9,106.14,107.95,72051,7884555,854280236.75
2022-12-05,BOVA11,107.7,108.15,105.5,105.63,64405,5817476,619999117.24
2022-12-06,BOVA11,106.5,106.88,105.42,106.74,74454,6254454,663643328.96
2022-12-07,BOVA11,105.99,106.48,104.84,105.59,68602,5449114,576216177.35
2022-12-08,BOVA11,105.06,105.55,103.19,103.57,75022,7512214,782809787.63
2022-12-09,BOVA11,104.23,104.92,103.39,103.9,67498,5248949,546891005.34
2022-12-12,BOVA11,103.75,103.97,100.3,101.8,51605,12417047,1261010084.11
2022-12-13,BOVA11,102.26,103.77,100.01,100.3,38263,16354218,1661336770.3
2022-12-14,BOVA11,99.3,101.16,98.3,100.7,71146,15092220,1501627503.14
2022-12-15,BOVA11,99.94,102.2,99.55,100.5,66304,12770355,1286519340.82
2022-12-16,BOVA11,100.45,100.64,98.81,99.4,47154,12353740,1227784090.97
2022-12-19,BOVA11,99.9,101.64,99.45,101.37,18184,7735283,779284469.35
2022-12-20,BOVA11,100.78,104.5,100.78,103.55,15910,12871941,1331142253.16
2022-12-21,BOVA11,104.16,104.94,102.4,103.87,31405,10176995,1054129749.27
2022-12-22,BOVA11,104.0,104.77,102.89,103.93,83364,6292139,652482545.61
2022-12-23,BOVA11,104.6,106.26,104.31,106.0,66558,10608462,1121193520.34
2022-12-26,BOVA11,105.66,105.74,104.57,105.15,49959,4382852,460497378.66
2022-12-27,BOVA11,105.77,105.77,103.71,104.9,76847,7378550,771877017.49
2022-12-28,BOVA11,105.37,107.0,105.11,106.8,46228,4198744,446296050.37
2022-12-29,BOVA11,107.17,107.5,105.76,105.95,41155,6193414,659219443.87
2023-01-02,BOVA11,104.36,104.45,102.29,102.63,57055,7559253,777344101.58
2023-01-03,BOVA11,103.0,103.0,100.35,100.48,93513,12193800,1237315352.77
2023-01-04,BOVA11,101.21,102.18,100.4,101.92,98453,6682750,677980144.5
2023-01-05,BOVA11,102.54,104.27,101.83,104.27,58291,7304475,755484707.9
2023-01-06,BOVA11,104.48,105.8,104.2,105.5,51725,8766723,921265691.31
2023-01-09,BOVA11,104.94,106.32,104.68,105.35,60158,6371819,672446955.51
2023-01-10,BOVA11,104.85,107.54,104.72,107.18,58667,4789116,509401540.71
2023-01-11,BOVA11,107.4,109.1,107.11,109.1,97476,6164690,665430232.15
2023-01-12,BOVA11,108.5,109.19,106.94,108.26,59399,5880623,636217579.68
2023-01-13,BOVA11,106.94,107.64,106.69,107.35,62796,4742049,508426625.81
2023-01-16,BOVA11,106.95,106.95,105.13,105.47,52325,6905014,729092244.09
2023-01-17,BOVA11,106.24,107.98,106.22,107.8,38957,6647627,713150489.21
2023-01-18,BOVA11,108.83,109.6,108.33,108.33,88250,9405455,1025026596.48
2023-01-19,BOVA11,107.7,109.54,107.61,109.11,63410,4378786,475727810.41
2023-01-20,BOVA11,109.11,109.15,108.01,108.45,53404,6287159,681693470.6
2023-01-23,BOVA11,108.89,109.33,107.88,107.9,54751,4401425,477784175.71
2023-01-24,BOVA11,108.71,109.43,107.97,109.43,64531,5724141,623233123.44
2023-01-25,BOVA11,109.0,110.68,108.21,110.65,58997,6427546,707257951.73
2023-01-26,BOVA11,110.7,111.1,109.86,110.42,53183,4382206,483696976.39
2023-01-27,BOVA11,110.28,110.29,108.34,108.4,49145,5294651,576690335.29
2023-01-30,BOVA11,109.01,109.32,108.13,108.7,41093,2905618,315571288.94
2023-01-31,BOVA11,108.71,109.96,108.71,109.84,56634,5733562,628624785.2
2023-02-01,BOVA11,109.49,109.86,107.06,108.4,63844,10380157,1123162099.9
2023-02-02,BOVA11,107.49,109.27,106.06,106.3,83941,9555616,1023513804.28
2023-02-03,BOVA11,106.15,106.91,104.54,104.87,69665,7873654,830702512.63
2023-02-06,BOVA11,104.88,105.25,103.9,105.25,76263,6121193,640155315.11
2023-02-07,BOVA11,105.39,105.39,103.7,104.1,79345,6129919,640086313.91
2023-02-08,BOVA11,105.03,106.62,104.8,106.34,74738,6153145,650625597.32
2023-02-09,BOVA11,106.33,106.45,104.26,104.44,3801,7418766,779262955.33
2023-02-10,BOVA11,104.16,105.13,104.1,104.75,47422,4772746,498973000.86
2023-02-13,BOVA11,104.36,105.63,103.92,105.47,61713,6785833,713297519.78
2023-02-14,BOVA11,105.85,106.06,104.05,104.43,63636,6320111,661635025.65
2023-02-15,BOVA11,104.19,108.0,103.62,106.05,21070,10598991,1121098138.82
2023-02-16,BOVA11,105.48,106.82,104.75,106.5,87119,7290582,771086100.88
2023-02-17,BOVA11,105.75,106.27,105.36,105.56,62948,5538185,585839996.93
2023-02-22,BOVA11,104.09,104.09,103.18,103.6,52154,5373490,556463249.43
2023-02-23,BOVA11,103.71,105.18,103.15,104.15,67473,8952321,931337729.72
2023-02-24,BOVA11,104.0,104.06,101.87,102.38,62835,7548371,774004644.65
2023-02-27,BOVA11,102.71,103.02,101.8,102.29,59455,4632542,474276972.11
2023-02-28,BOVA11,102.34,103.34,101.15,101.15,89178,7211761,736690930.41
2023-03-01,BOVA11,101.91,101.94,99.71,101.2,491,12453131,1252823076.88
2023-03-02,BOVA11,100.88,101.56,99.94,99.94,78694,5860502,590420153.92
2023-03-03,BOVA11,100.3,101.15,100.22,100.42,61461,4266878,429188199.31
2023-03-06,BOVA11,100.83,101.81,99.77,101.47,98864,7003862,708798811.97
2023-03-07,BOVA11,101.48,101.78,100.12,100.9,60111,4824250,485920618.96
2023-03-08,BOVA11,101.2,103.3,101.12,103.22,67158,8866715,910337281.38
2023-03-09,BOVA11,103.0,103.24,101.56,101.56,22122,8397977,860864032.79
2023-03-10,BOVA11,100.95,101.6,99.82,100.21,96410,11620694,1167567527.95
2023-03-13,BOVA11,99.21,100.59,98.91,99.78,70948,6017043,600891346.65
2023-03-14,BOVA11,99.85,100.83,99.14,99.58,79537,6868846,686356282.84
2023-03-15,BOVA11,97.99,99.73,97.42,99.39,83625,11034127,1088103217.64
2023-03-16,BOVA11,99.35,100.54,99.1,100.0,20922,12217545,1220890330.46
2023-03-17,BOVA11,99.37,99.37,98.27,98.85,67354,7170704,708617872.14
2023-03-20,BOVA11,98.77,99.0,97.37,97.7,11141,7702165,753916100.23
2023-03-21,BOVA11,97.98,98.37,97.62,97.93,51915,5203626,509441230.12
2023-03-22,BOVA11,97.59,98.7,96.82,97.03,3420,7378284,719499307.63
2023-03-23,BOVA11,97.5,97.91,93.81,94.58,85825,12489010,1189433457.64
2023-03-24,BOVA11,95.01,96.16,94.6,95.86,50011,7702356,735393612.71
2023-03-27,BOVA11,96.65,96.8,95.84,96.54,38964,6470330,624136079.79
2023-03-28,BOVA11,96.3,98.34,96.14,98.03,2539,9536491,933498895.25
2023-03-29,BOVA11,98.43,98.95,96.96,98.55,46434,6900579,676612353.09
2023-03-30,BOVA11,99.94,100.76,99.33,100.47,57790,8865895,886881280.37
2023-03-31,BOVA11,100.38,100.76,98.22,98.49,65115,7740685,766561656.18
2023-04-03,BOVA11,98.75,98.75,97.36,98.3,68276,6587203,645096135.33
2023-04-04,BOVA11,98.8,99.75,98.43,98.51,55199,4283233,423197162.9
2023-04-05,BOVA11,98.56,98.76,96.71,97.63,59070,6516789,635927299.56
2023-04-06,BOVA11,97.67,98.34,97.17,97.59,61838,4076964,397909242.2
2023-04-10,BOVA11,98.11,98.94,98.08,98.66,36261,4480852,441399921.52
2023-04-11,BOVA11,100.14,103.06,100.14,102.91,96885,12180882,1244937167.79
2023-04-12,BOVA11,103.3,104.89,102.86,103.35,94886,11643913,1208618542.02
2023-04-13,BOVA11,103.57,103.7,102.78,102.93,43186,6186008,637960316.46
2023-04-14,BOVA11,102.0,103.34,101.49,103.04,55139,6500713,667351093.91
2023-04-17,BOVA11,102.87,103.45,102.25,102.71,55182,6600691,677722494.73
2023-04-18,BOVA11,102.99,103.05,101.74,102.7,59322,7350557,754203930.67
2023-04-19,BOVA11,102.0,102.0,100.25,100.48,72723,8574847,865157222.19
2023-04-20,BOVA11,100.33,101.3,99.74,101.0,63462,7646795,771328360.08
2023-04-24,BOVA11,100.53,101.5,99.89,100.62,56110,6489714,652739547.42
2023-04-25,BOVA11,100.07,100.18,99.34,99.92,37882,5830812,581232856.64
2023-04-26,BOVA11,100.27,100.35,98.94,99.01,81911,6761916,672080206.04
2023-04-27,BOVA11,99.01,99.87,98.71,99.53,57825,6027208,598698843.1
2023-04-28,BOVA11,99.64,101.07,99.14,100.9,56296,8278597,833287298.65
2023-05-02,BOVA11,100.6,100.77,98.25,98.49,76371,6821920,674022185.71
2023-05-03,BOVA11,98.78,99.13,98.15,98.6,69998,6883073,678566041.89
2023-05-04,BOVA11,99.8,100.15,97.76,98.95,83204,11036562,1091884414.62
2023-05-05,BOVA11,99.51,101.91,99.4,101.91,69214,9457018,955843114.66
2023-05-08,BOVA11,103.0,103.3,102.29,102.49,51923,7239187,743373514.1
2023-05-09,BOVA11,102.18,104.31,102.13,103.8,72417,9715304,1006803011.47
2023-05-10,BOVA11,103.61,104.31,103.0,103.97,55490,5096589,529211123.64
2023-05-11,BOVA11,102.98,105.22,102.98,104.82,62703,7973606,830908484.61
2023-05-12,BOVA11,104.05,105.29,104.0,105.05,59395,11797054,1236645679.92
2023-05-15,BOVA11,105.33,105.77,104.81,105.47,50339,8723285,918696357.53
2023-05-16,BOVA11,105.63,106.67,104.57,104.63,89733,12504487,1319382626.68
2023-05-17,BOVA11,105.85,106.31,105.5,106.01,60282,7799145,825776546.78
2023-05-18,BOVA11,105.98,106.8,105.32,106.75,64739,17622209,1871863321.16
2023-05-19,BOVA11,107.0,107.68,106.24,107.16,99836,10295388,1102282686.1
2023-05-22,BOVA11,107.5,108.1,106.55,106.55,54141,6427517,687486019.08
2023-05-23,BOVA11,106.6,107.77,106.18,106.44,55991,7044168,753592749.34
2023-05-24,BOVA11,105.43,106.2,105.04,105.27,59653,8417311,888978433.6
2023-05-25,BOVA11,107.0,107.65,106.11,106.55,64381,8823676,941485072.86
2023-05-26,BOVA11,108.0,108.17,106.3,107.51,60046,7766156,835296103.52
2023-05-29,BOVA11,107.25,107.59,106.62,106.77,66353,6642083,710486649.11
2023-05-30,BOVA11,107.54,107.78,105.12,105.38,60036,5947400,629351682.53
2023-05-31,BOVA11,104.97,105.71,104.78,104.84,35566,5874045,617586108.33
2023-06-01,BOVA11,105.51,107.24,104.86,107.2,50464,7020910,747003339.35
2023-06-02,BOVA11,108.25,109.44,108.25,109.02,80303,9986938,1088340681.76
2023-06-05,BOVA11,109.32,109.46,108.11,109.14,50739,5451798,593967237.26
2023-06-06,BOVA11,109.5,111.19,109.35,111.07,96325,7108090,786758711.72
2023-06-07,BOVA11,111.66,112.26,110.96,111.78,78919,7653574,854946672.17
2023-06-09,BOVA11,112.5,113.85,112.44,113.21,56853,7618513,863017462.59
2023-06-12,BOVA11,113.59,114.0,112.93,113.64,53717,7313768,830440678.43
2023-06-13,BOVA11,113.9,114.14,112.66,112.94,74643,6688582,758027225.67
2023-06-14,BOVA11,113.69,115.41,113.5,115.11,89471,12476403,1429600444.19
2023-06-15,BOVA11,115.09,115.91,114.9,115.4,98872,12822057,1481348824.94
2023-06-16,BOVA11,114.79,115.8,114.56,114.9,40804,7573565,872578120.42
2023-06-19,BOVA11,114.7,116.25,114.7,116.13,77569,5458394,632531201.36
2023-06-20,BOVA11,115.51,115.94,114.68,115.82,58025,5870396,678682997.41
2023-06-21,BOVA11,115.78,116.78,115.56,116.27,63187,4411742,513159515.09
2023-06-22,BOVA11,115.82,116.3,114.27,115.26,46219,6307408,725682571.98
2023-06-23,BOVA11,115.2,115.68,114.49,115.31,51792,3949417,454658879.95
2023-06-26,BOVA11,115.29,115.29,113.77,114.42,38069,5494225,629516423.43
2023-06-27,BOVA11,115.31,115.45,112.88,113.77,75618,7624939,866591619.7
2023-06-28,BOVA11,113.6,114.38,112.89,113.03,48230,3815248,433154571.98
2023-06-29,BOVA11,113.3,114.96,113.23,114.91,49053,5180762,593022589.19
2023-06-30,BOVA11,115.7,115.77,114.17,114.17,64882,11110490,1278944763.5
2023-07-03,BOVA11,114.9,116.1,114.75,115.94,41727,4891212,565939308.47
2023-07-04,BOVA11,115.62,115.92,115.03,115.24,62433,3671935,424141142.05
2023-07-05,BOVA11,114.85,118.06,114.85,115.84,71284,7965618,923155538.67
2023-07-06,BOVA11,114.85,115.13,113.43,113.64,42407,6010754,685265043.11
2023-07-07,BOVA11,114.0,115.87,114.0,115.19,62351,5247157,604927219.14
2023-07-10,BOVA11,114.66,115.04,114.1,114.1,68078,7192958,823354747.11
2023-07-11,BOVA11,113.97,114.07,112.04,113.8,65839,5520286,625308575.3
2023-07-12,BOVA11,114.79,115.33,113.83,113.83,55432,6320865,724561839.93
2023-07-13,BOVA11,114.5,116.02,114.34,115.58,63467,8824250,1020391127.05
2023-07-14,BOVA11,115.26,115.62,113.84,113.96,86352,14837263,1700778156.69
2023-07-17,BOVA11,113.39,114.71,112.94,114.71,50087,5238766,597004100.51
2023-07-18,BOVA11,114.34,115.03,113.55,113.95,94606,5774191,659463186.94
2023-07-19,BOVA11,113.46,114.33,112.93,113.75,39689,5656514,642928982.21
2023-07-20,BOVA11,114.35,114.58,113.67,114.34,70795,7925025,904671239.37
2023-07-21,BOVA11,114.45,116.65,114.4,116.4,52039,8674963,1008471442.05
2023-07-24,BOVA11,116.47,117.96,116.27,117.57,51542,6845217,802079307.6
2023-07-25,BOVA11,118.97,119.17,117.98,117.98,49133,5718986,677100969.54
2023-07-26,BOVA11,117.85,118.89,117.55,118.74,50582,7276958,860406208.25
2023-07-27,BOVA11,118.66,118.8,116.0,116.04,62492,6582758,768917961.56
2023-07-28,BOVA11,116.51,116.93,115.95,116.52,70112,2978499,346435637.15
2023-07-31,BOVA11,117.23,118.34,117.15,117.95,53812,4036062,476177221.28
2023-08-01,BOVA11,117.2,117.79,116.35,117.52,47759,3458325,404931193.0
2023-08-02,BOVA11,116.92,117.47,115.97,117.01,46483,6556357,766117050.46
2023-08-03,BOVA11,117.83,118.8,116.55,116.71,74032,7541905,885511709.69
2023-08-04,BOVA11,115.79,117.65,115.46,115.66,79314,6172468,718202561.87
2023-08-07,BOVA11,115.84,116.35,115.14,115.61,67843,6540521,756313360.77
2023-08-08,BOVA11,114.1,115.85,113.95,115.27,71749,4910111,564922536.55
2023-08-09,BOVA11,115.03,115.08,114.19,114.7,51000,5991932,686708132.47
2023-08-10,BOVA11,115.27,115.7,114.37,114.51,52858,5295426,608818068.79
2023-08-11,BOVA11,114.73,115.36,113.75,114.25,54019,8725293,998290695.72
2023-08-14,BOVA11,113.98,114.12,112.94,113.31,89622,4744408,538038617.73
2023-08-15,BOVA11,113.84,114.05,112.37,112.37,53288,5749324,649540616.43
2023-08-16,BOVA11,112.93,113.73,111.87,111.87,68481,8046160,907298760.72
2023-08-17,BOVA11,112.91,113.04,111.34,111.36,61319,9340192,1045041668.55
2023-08-18,BOVA11,111.12,112.17,110.99,111.7,57020,8989789,1004316278.59
2023-08-21,BOVA11,111.74,111.9,110.58,110.79,78346,6012073,667387516.86
2023-08-22,BOVA11,111.74,112.71,111.59,112.41,53885,9549960,1071675236.03
2023-08-23,BOVA11,112.7,114.36,112.7,114.3,49178,4405497,502053477.97
2023-08-24,BOVA11,114.14,114.49,113.18,113.3,33638,5462495,620681678.72
2023-08-25,BOVA11,113.24,116.1,111.83,112.15,54591,5974243,672005115.72
2023-08-28,BOVA11,112.53,113.66,112.21,113.5,56069,4412958,498838490.98
2023-08-29,BOVA11,114.22,114.85,113.75,114.62,68005,5295026,606192005.14
2023-08-30,BOVA11,114.83,115.13,113.81,113.9,36052,5617802,642057483.72
2023-08-31,BOVA11,113.68,113.68,112.28,112.31,69901,4106187,463436580.73
2023-09-01,BOVA11,112.82,114.3,112.81,114.05,58579,5515566,628715300.3
2023-09-04,BOVA11,114.07,114.85,113.82,114.14,28568,3128739,357648209.2
2023-09-05,BOVA11,113.49,114.3,112.97,113.62,63625,3847656,437950891.9
2023-09-06,BOVA11,113.75,114.31,112.25,112.25,29508,4414836,499007559.45
2023-09-08,BOVA11,111.64,112.02,111.27,111.66,40605,3572872,399094407.73
2023-09-11,BOVA11,112.64,113.57,112.1,113.48,34084,4615597,521423277.06
2023-09-12,BOVA11,113.5,114.5,113.39,114.22,49459,3738679,426709795.95
2023-09-13,BOVA11,114.21,115.68,113.99,114.46,79673,6255058,719853126.22
2023-09-14,BOVA11,115.2,116.04,115.05,115.59,44652,5344192,617876786.53
2023-09-15,BOVA11,115.88,116.03,114.92,114.92,73426,7251700,835508170.23
2023-09-18,BOVA11,115.27,115.77,114.44,114.65,55824,10059015,1158605092.7
2023-09-19,BOVA11,114.67,114.9,114.04,114.1,43908,6348158,726385816.39
2023-09-20,BOVA11,114.6,116.0,114.58,115.03,12244,5108383,589622355.69
2023-09-21,BOVA11,113.45,113.45,112.48,112.6,59843,5946132,671916263.46
2023-09-22,BOVA11,113.33,113.42,112.3,112.61,34995,4000084,451208349.12
2023-09-25,BOVA11,112.11,112.57,111.93,112.57,42777,2752276,309030318.34
2023-09-26,BOVA11,111.9,111.9,110.65,110.65,61915,5691926,633021183.1
2023-09-27,BOVA11,111.5,111.82,109.89,110.7,55477,4862591,538711412.77
2023-09-28,BOVA11,110.57,112.41,110.57,112.18,45701,3961951,442296376.31
2023-09-29,BOVA11,113.37,113.39,112.3,113.15,70274,4266969,481508070.34
2023-10-02,BOVA11,112.64,113.14,111.23,111.49,41628,4071037,455082913.47
2023-10-03,BOVA11,111.18,111.53,109.66,109.82,50193,7842295,865425658.36
2023-10-04,BOVA11,110.16,110.68,109.58,110.18,51931,3336142,367443922.3
2023-10-05,BOVA11,110.06,110.86,109.27,109.75,63022,4222995,463606701.53
2023-10-06,BOVA11,108.9,110.99,108.19,110.66,46002,3936219,432595346.62
2023-10-09,BOVA11,110.18,111.74,109.95,111.74,43098,3169699,351629769.52
2023-10-10,BOVA11,112.0,113.36,111.99,113.13,37259,3947051,445923261.85
2023-10-11,BOVA11,113.31,113.55,112.66,113.5,48168,3061400,346259840.48
2023-10-13,BOVA11,113.15,113.44,112.06,112.06,42343,3440069,387769251.39
2023-10-16,BOVA11,113.0,113.35,112.48,112.94,31202,2201445,248692465.71
2023-10-17,BOVA11,112.18,113.35,112.01,112.34,58008,4335788,488395207.29
2023-10-18,BOVA11,111.66,111.8,110.37,110.37,68074,5747261,637447034.52
2023-10-19,BOVA11,110.46,111.63,110.46,110.6,57173,6466201,717618204.64
2023-10-20,BOVA11,110.3,110.63,109.08,109.5,66856,7410687,813426858.51
2023-10-23,BOVA11,109.1,110.25,108.77,109.35,52320,4245947,465230650.69
2023-10-24,BOVA11,110.3,110.75,109.33,110.24,38723,3862233,425783612.62
2023-10-25,BOVA11,110.52,110.63,109.19,109.35,31447,3613821,396083269.63
2023-10-26,BOVA11,109.63,111.68,109.57,111.4,48638,4195718,464054947.05
2023-10-27,BOVA11,111.54,111.82,109.42,109.85,60704,4401533,486267853.03
2023-10-30,BOVA11,110.3,110.73,108.81,108.96,38115,4530642,496272373.5
2023-10-31,BOVA11,109.19,110.15,108.68,109.62,67729,3931265,430744544.18
2023-11-01,BOVA11,110.14,111.96,110.14,111.56,45961,5621252,625891615.53
2023-11-03,BOVA11,113.7,114.9,113.45,114.75,74363,7962495,910652684.67
2023-11-06,BOVA11,115.0,115.11,114.42,114.81,49510,5346525,613598694.18
2023-11-07,BOVA11,114.41,115.97,114.38,115.67,60601,4103021,473882494.9
2023-11-08,BOVA11,115.76,116.34,114.84,115.52,62781,4236596,489564703.95
2023-11-09,BOVA11,115.99,116.64,114.79,115.18,92011,9174459,1060747534.93
2023-11-10,BOVA11,115.91,117.19,115.91,117.01,68025,5238376,611599685.88
2023-11-13,BOVA11,116.5,116.88,116.19,116.82,49241,3203596,373643870.7
2023-11-14,BOVA11,117.18,120.0,117.18,119.61,90879,8550012,1019382804.43
2023-11-16,BOVA11,119.61,120.96,119.49,120.96,226,7990919,962333996.19
2023-11-17,BOVA11,121.2,121.6,120.72,121.1,61205,7388143,895295962.24
2023-11-20,BOVA11,121.44,122.38,121.15,122.25,24529,7054666,859600423.58
2023-11-21,BOVA11,121.67,122.11,121.18,121.76,75430,6525509,793772108.81
2023-11-22,BOVA11,122.28,123.05,121.7,122.15,45539,5294068,647838837.87
2023-11-23,BOVA11,122.12,122.96,121.95,122.83,16693,4782221,586873207.78
2023-11-24,BOVA11,122.14,122.48,121.62,121.66,86464,5173049,630767325.82
2023-11-27,BOVA11,122.03,122.13,121.12,121.94,11106,4048001,492875482.86
2023-11-28,BOVA11,121.89,123.1,121.59,122.72,45988,3756033,460505842.19
2023-11-29,BOVA11,123.2,123.48,122.17,122.27,52795,4260445,522403550.91
2023-11-30,BOVA11,122.83,123.6,122.37,123.57,53443,4784759,589370749.29
2023-12-01,BOVA11,123.42,124.37,122.85,124.24,59598,4614746,571491851.89
2023-12-04,BOVA11,123.5,123.96,122.83,122.96,69792,3767844,464290106.87
2023-12-05,BOVA11,122.93,123.68,122.66,123.01,56463,2878675,354588831.29
2023-12-06,BOVA11,123.58,123.77,121.72,121.72,40058,2838764,347666477.56
2023-12-07,BOVA11,122.19,122.8,121.79,122.29,67462,2851292,348576846.8
2023-12-08,BOVA11,122.54,123.5,121.8,123.31,51951,4746015,582661063.35
2023-12-11,BOVA11,122.9,123.35,122.66,123.11,65088,3169394,390057984.5
2023-12-12,BOVA11,123.21,123.58,122.22,122.6,35397,3484382,427437775.06
2023-12-13,BOVA11,122.68,126.12,122.5,126.12,22726,6404421,796485256.89
2023-12-14,BOVA11,127.0,127.3,126.52,126.88,82462,8207858,1041454670.1
2023-12-15,BOVA11,127.2,127.78,126.0,126.28,43278,5585629,706665843.15
2023-12-18,BOVA11,126.85,127.54,126.62,127.27,40643,3277656,416872720.63
2023-12-19,BOVA11,127.56,128.1,127.3,128.05,62184,3172241,405496580.03
2023-12-20,BOVA11,127.92,128.45,126.78,126.82,48744,3882111,495751519.01
2023-12-21,BOVA11,127.69,128.4,127.58,128.35,59812,4749171,607763778.13
2023-12-22,BOVA11,128.51,129.17,128.21,128.94,43049,2840232,365747346.5
2023-12-26,BOVA11,129.02,129.74,129.02,129.65,56453,6023859,780401427.66
2023-12-27,BOVA11,129.55,130.46,129.42,130.46,54398,5036285,655117915.92
2023-12-28,BOVA11,129.86,130.52,129.86,130.39,38232,3450804,449542350.39
2024-01-02,BOVA11,129.8,129.89,128.21,128.76,45546,4391818,566092088.97
2024-01-03,BOVA11,128.74,129.7,128.36,128.99,53752,6296453,813197944.78
2024-01-04,BOVA11,128.86,128.86,127.17,127.35,80239,6082509,776728047.13
2024-01-05,BOVA11,127.08,128.75,126.71,128.25,57670,3017418,385878500.77
2024-01-08,BOVA11,127.48,128.62,127.15,128.57,48277,4044932,518659081.81
2024-01-09,BOVA11,127.82,127.99,127.33,127.59,47009,4400464,561852074.33
2024-01-10,BOVA11,127.48,127.78,126.64,126.94,57819,5957200,756371402.72
2024-01-11,BOVA11,127.02,127.44,126.07,126.81,49322,6289868,797632406.77
2024-01-12,BOVA11,126.8,128.07,126.6,127.23,38416,4541810,578311275.01
2024-01-15,BOVA11,126.61,127.82,126.43,127.82,8471,3422719,435663195.53
2024-01-16,BOVA11,126.9,127.04,125.36,125.49,90473,8011377,1008101850.07
2024-01-17,BOVA11,125.15,125.49,124.5,124.53,79680,7954584,993333825.2
2024-01-18,BOVA11,125.05,125.15,123.56,123.56,82629,6157111,763606724.21
2024-01-19,BOVA11,123.89,124.09,122.8,123.84,91349,11003738,1359047081.08
2024-01-22,BOVA11,123.8,124.12,122.17,122.7,99100,5611826,690881233.77
2024-01-23,BOVA11,123.41,124.55,123.25,124.55,77888,7158074,887950496.54
2024-01-24,BOVA11,125.2,125.66,123.91,123.97,48464,4223685,527062540.39
2024-01-25,BOVA11,124.1,124.95,124.07,124.46,39717,3254694,405103972.52
2024-01-26,BOVA11,124.51,125.44,124.05,125.08,34801,3192701,398985351.21
2024-01-29,BOVA11,124.82,125.29,124.08,124.75,34743,3269013,407244146.76
2024-01-30,BOVA11,124.35,124.51,123.34,123.57,62155,7598132,939699192.3
2024-01-31,BOVA11,123.67,125.81,123.67,123.95,91334,8702170,1085354519.37
2024-02-01,BOVA11,124.14,124.76,123.5,124.76,47131,5754772,714848715.98
2024-02-02,BOVA11,124.79,125.15,122.9,123.32,73981,9014408,1112787016.53
2024-02-05,BOVA11,123.57,124.06,122.68,123.86,47141,3720488,460099849.59
2024-02-06,BOVA11,124.31,126.88,124.31,126.88,63874,4913304,619224252.65
2024-02-07,BOVA11,126.35,126.45,125.61,126.05,39948,5308938,668791639.4
2024-02-08,BOVA11,126.04,126.27,124.16,124.51,74373,4882585,608909529.71
2024-02-09,BOVA11,124.57,125.2,123.82,124.13,72851,7625708,947770844.26
2024-02-14,BOVA11,123.9,123.9,122.93,123.23,39578,6783904,836022544.75
2024-02-15,BOVA11,123.58,124.06,123.16,124.06,65028,3311439,409749308.27
2024-02-16,BOVA11,124.57,125.28,123.85,124.88,84090,9643814,1201770871.16
2024-02-19,BOVA11,124.5,125.22,124.29,125.14,83786,4107359,512765362.5
2024-02-20,BOVA11,124.59,126.19,124.58,126.19,67682,6839063,859813598.42
2024-02-21,BOVA11,126.15,126.2,125.5,126.18,59116,4663969,587237058.59
2024-02-22,BOVA11,126.66,126.97,126.11,126.3,75247,6034254,762761240.49
2024-02-23,BOVA11,126.6,126.79,125.29,125.61,67550,4046434,508874239.32
2024-02-26,BOVA11,125.3,126.19,125.29,125.77,53699,3146684,395811201.66
2024-02-27,BOVA11,126.64,127.84,126.64,127.84,58584,4383517,559188603.68
2024-02-28,BOVA11,127.18,127.5,125.92,126.26,6931,4808666,608894883.6
2024-02-29,BOVA11,125.71,126.13,124.91,125.25,71643,8591622,1076027821.29
2024-03-01,BOVA11,125.25,125.92,124.94,125.24,48160,3484857,437228558.83
2024-03-04,BOVA11,125.27,125.5,124.48,124.5,71983,5601510,699358521.98
2024-03-05,BOVA11,124.72,125.23,124.07,124.4,67951,3539742,441220260.33
2024-03-06,BOVA11,124.9,125.54,124.69,125.15,78994,3578884,447880688.47
2024-03-07,BOVA11,125.3,125.38,124.3,124.67,48691,3472675,432852007.43
2024-03-08,BOVA11,122.51,123.84,122.15,123.26,35519,8300113,1022515764.38
2024-03-11,BOVA11,122.5,123.32,122.32,122.32,89243,4340601,532715781.29
2024-03-12,BOVA11,123.26,124.3,122.9,123.81,71105,3156281,390412068.81
2024-03-13,BOVA11,123.8,124.79,123.64,124.37,91404,5423373,674062726.22
2024-03-14,BOVA11,124.42,124.54,123.43,123.82,19498,4438910,550184493.93
2024-03-15,BOVA11,123.94,124.23,122.77,122.87,62710,6772445,833110847.98
2024-03-18,BOVA11,123.38,123.83,122.6,123.05,54007,2813502,346310395.36
2024-03-19,BOVA11,123.55,124.23,123.4,123.73,58460,6406875,793183644.21
2024-03-20,BOVA11,123.83,125.45,123.59,125.45,76947,6888692,858119710.38
2024-03-21,BOVA11,125.54,125.64,124.37,124.37,68821,3978284,496115646.78
2024-03-22,BOVA11,124.1,124.23,123.18,123.21,45887,3387023,418603589.17
2024-03-25,BOVA11,123.29,123.5,123.03,123.19,58833,3311541,408180519.17
2024-03-26,BOVA11,123.0,123.51,122.9,123.24,81221,3907979,481740827.31
2024-03-27,BOVA11,123.0,124.07,122.52,124.05,68232,3302196,407569910.66
2024-03-28,BOVA11,123.82,124.66,123.57,124.33,43085,3744753,465403488.28
2024-04-01,BOVA11,124.68,124.93,123.09,123.29,57838,3143929,388531779.34
2024-04-02,BOVA11,123.27,123.92,122.96,123.74,93251,4159922,513470037.67
2024-04-03,BOVA11,123.64,123.99,122.5,123.54,70358,4163293,513233350.43
2024-04-04,BOVA11,124.4,125.86,123.43,123.68,43924,7361186,917246031.73
2024-04-05,BOVA11,123.7,123.74,122.69,122.9,64089,4742492,583810441.94
2024-04-08,BOVA11,123.6,125.43,123.4,125.13,48956,3911876,488227711.65
2024-04-09,BOVA11,125.71,126.21,125.43,126.21,88956,6911495,869777390.4
2024-04-10,BOVA11,125.6,125.6,124.0,124.15,80791,7338648,914082876.84
2024-04-11,BOVA11,124.1,124.24,123.33,123.72,56203,5571939,689296469.34
2024-04-12,BOVA11,123.61,123.95,121.95,122.12,13747,7844179,963600045.19
2024-04-15,BOVA11,122.27,122.59,121.35,121.55,33187,5671950,691652936.95
2024-04-16,BOVA11,120.8,121.54,120.15,120.85,77499,4864471,588219641.78
2024-04-17,BOVA11,121.5,121.68,120.02,120.54,14852,8652307,1043754247.73
2024-04-18,BOVA11,120.88,121.5,119.81,120.48,53419,7078243,855354962.99
2024-04-19,BOVA11,120.51,121.86,120.51,121.52,61835,6970012,846218662.88
2024-04-22,BOVA11,121.72,122.36,120.96,121.8,38797,5977854,728203279.38
2024-04-23,BOVA11,121.14,122.19,120.65,121.41,39204,3934913,477809953.32
2024-04-24,BOVA11,121.8,121.8,120.9,120.97,39776,3046634,369649520.0
2024-04-25,BOVA11,120.6,121.13,120.05,120.91,39628,2683066,323903040.97
2024-04-26,BOVA11,121.7,123.13,121.7,122.83,58592,5907828,725466335.07
2024-04-29,BOVA11,122.94,123.77,122.83,123.77,45632,3954954,487687333.84
2024-04-30,BOVA11,123.21,123.28,122.16,122.38,52088,4898110,600556746.02
2024-05-02,BOVA11,123.87,124.0,122.89,123.35,44772,4216364,520524931.14
2024-05-03,BOVA11,124.73,125.12,124.55,124.95,71886,8075223,1007922234.34
2024-05-06,BOVA11,124.72,125.44,124.52,124.71,31647,2506696,313204779.87
2024-05-07,BOVA11,125.47,125.97,125.3,125.4,37982,4466154,560914774.05
2024-05-08,BOVA11,124.59,125.8,124.31,125.75,30459,2581742,324006002.32
2024-05-09,BOVA11,124.22,124.74,123.65,124.52,985,5250140,651642419.18
2024-05-10,BOVA11,124.63,125.26,123.79,124.01,62918,5523383,685848378.97
2024-05-13,BOVA11,124.26,124.98,124.1,124.56,52546,5024621,625739816.83
2024-05-14,BOVA11,124.22,125.25,124.2,124.81,75060,4939753,616680113.3
2024-05-15,BOVA11,123.66,124.62,123.34,124.23,65296,8376018,1040674122.77
2024-05-16,BOVA11,125.36,125.39,124.17,124.55,54423,8809587,1097288310.82
2024-05-17,BOVA11,124.28,124.76,123.99,124.37,61649,5176431,643993890.85
2024-05-20,BOVA11,124.2,124.99,123.74,124.12,56380,3448725,428806832.63
2024-05-21,BOVA11,124.38,124.44,123.51,123.7,54588,2766833,342838669.52
2024-05-22,BOVA11,123.14,123.16,121.91,122.07,58326,3620178,442995858.63
2024-05-23,BOVA11,122.0,122.05,120.8,121.1,93435,5528040,669967328.47
2024-05-24,BOVA11,121.27,121.64,120.63,120.64,83112,3870207,468574515.54
2024-05-27,BOVA11,120.87,120.94,120.45,120.87,54084,2204985,266229059.23
2024-05-28,BOVA11,121.82,121.82,119.94,120.18,63786,5527640,667495791.05
2024-05-29,BOVA11,119.42,119.56,118.91,119.12,2422,6164411,735676595.48
2024-05-31,BOVA11,119.07,119.28,118.36,118.66,95762,4009268,475930507.26
2024-06-03,BOVA11,118.65,118.95,117.92,118.44,10736,4015018,475805783.77
2024-06-04,BOVA11,118.04,118.38,117.38,118.16,68865,4270901,503442010.95
2024-06-05,BOVA11,118.13,118.64,117.69,117.9,77663,3475377,410278329.73
2024-06-06,BOVA11,118.0,119.69,117.81,119.4,89370,4179139,497828176.03
2024-06-07,BOVA11,118.29,118.69,117.09,117.13,8236,6294714,742840777.15
2024-06-10,BOVA11,117.11,117.9,116.95,117.35,50959,5054211,593607920.71
2024-06-11,BOVA11,117.5,118.22,117.38,118.0,68096,5365316,632403976.86
2024-06-12,BOVA11,118.87,118.87,116.01,116.46,79761,13576008,1586063626.8
2024-06-13,BOVA11,116.5,116.79,115.73,116.18,18185,6118398,711958045.35
2024-06-14,BOVA11,116.12,116.8,115.37,116.22,81136,5903895,685243270.45
2024-06-17,BOVA11,115.98,116.24,115.23,115.74,55317,3690929,427298229.12
2024-06-18,BOVA11,115.74,116.67,115.48,116.12,73193,4144535,481647437.16
2024-06-19,BOVA11,116.0,116.97,115.57,116.76,13949,7572350,880228068.83
2024-06-20,BOVA11,117.79,118.14,116.68,117.12,27260,10357458,1214842921.81
2024-06-21,BOVA11,116.58,118.12,116.58,118.02,2010,9144100,1076794804.37
2024-06-24,BOVA11,118.3,119.35,118.29,119.08,76191,4647760,553281548.8
2024-06-25,BOVA11,118.92,119.36,118.51,118.9,95360,3960912,470673308.27
2024-06-26,BOVA11,118.39,119.3,117.94,119.14,42737,4157092,493130642.83
2024-06-27,BOVA11,119.79,120.8,119.48,120.8,72888,3979875,478186484.56
2024-06-28,BOVA11,120.65,120.92,119.78,120.38,45621,6243756,751759885.61
2024-07-01,BOVA11,120.54,121.73,120.16,121.08,49237,4326923,524597898.97
2024-07-02,BOVA11,121.1,121.98,120.77,121.33,34377,5692791,691499546.6
2024-07-03,BOVA11,122.41,123.03,122.14,122.14,10515,7489909,918766179.71
2024-07-04,BOVA11,123.09,123.09,122.49,122.62,79113,7382593,906070304.71
2024-07-05,BOVA11,122.5,123.14,121.98,122.7,71262,5566109,681804792.93
2024-07-08,BOVA11,122.67,123.02,122.05,122.94,74524,3398204,416747240.54
2024-07-09,BOVA11,122.83,123.73,122.38,123.54,64929,3598259,443811902.35
2024-07-10,BOVA11,123.75,124.2,123.34,123.5,78395,5715165,706601432.3
2024-07-11,BOVA11,124.34,124.7,124.16,124.57,9947,8635165,1074758371.3
2024-07-12,BOVA11,124.62,125.4,124.4,125.2,81148,4193620,524377692.84
2024-07-15,BOVA11,125.5,125.88,125.12,125.72,75053,4253086,534266356.66
2024-07-16,BOVA11,125.65,125.91,125.13,125.37,77178,6867841,862148343.37
2024-07-17,BOVA11,125.38,125.99,125.1,125.82,5530,7550262,949646780.73
2024-07-18,BOVA11,125.5,125.62,123.97,124.02,25517,10454538,1300745885.97
2024-07-19,BOVA11,124.12,124.86,123.86,124.0,76026,5366510,666894732.39
2024-07-22,BOVA11,124.11,124.59,123.87,124.26,64880,3621855,450375202.77
2024-07-23,BOVA11,123.74,123.85,122.95,122.95,81043,4505869,555561713.04
2024-07-24,BOVA11,122.88,123.28,122.69,122.86,67389,3059223,376120360.88
2024-07-25,BOVA11,122.62,122.73,122.09,122.41,63511,3428805,419799257.49
2024-07-26,BOVA11,122.81,124.15,122.51,123.98,55147,11927167,1471350024.97
2024-07-29,BOVA11,123.92,124.08,123.04,123.46,87130,4413160,544045402.74
2024-07-30,BOVA11,122.86,123.09,122.44,122.71,72084,2801637,343892203.56
2024-07-31,BOVA11,123.44,124.26,123.3,124.04,9437,3563965,441685493.95
2024-08-01,BOVA11,124.6,125.26,123.56,123.74,63774,4551782,565370018.5
2024-08-02,BOVA11,124.0,124.46,122.2,122.38,9164,7010958,860779617.66
2024-08-05,BOVA11,119.88,121.8,119.53,121.77,23611,6420296,776962800.74
2024-08-06,BOVA11,122.18,123.49,117.94,122.74,74189,4917941,603781581.53
2024-08-07,BOVA11,123.74,124.09,123.18,124.04,67518,2745747,339437698.85
2024-08-08,BOVA11,124.22,125.3,124.11,125.3,84088,4814699,601412220.71
2024-08-09,BOVA11,125.63,127.13,125.46,127.13,21983,7033086,888709336.96
2024-08-12,BOVA11,127.67,128.14,127.52,127.65,65270,10828667,1383233762.68
2024-08-13,BOVA11,128.19,128.84,128.14,128.78,63891,7375272,948382827.03
2024-08-14,BOVA11,129.0,130.1,128.82,129.68,52641,8234779,1067241750.24
2024-08-15,BOVA11,129.89,130.93,129.82,130.49,98581,11268900,1471012658.53
2024-08-16,BOVA11,130.97,131.17,130.18,130.29,7372,7287025,951323707.35
2024-08-19,BOVA11,130.96,132.5,130.82,131.98,35772,5042625,665026335.78
2024-08-20,BOVA11,132.31,132.63,131.62,132.44,70394,5602747,740908838.74
2024-08-21,BOVA11,132.7,133.28,132.43,132.74,34703,4806450,638203375.77
2024-08-22,BOVA11,132.34,132.62,131.16,131.57,6500,7342220,966014587.07
2024-08-23,BOVA11,132.01,132.84,131.74,131.98,85036,5837452,772948070.08
2024-08-26,BOVA11,132.45,133.33,132.23,133.21,60980,2660851,353865819.75
2024-08-27,BOVA11,133.21,133.5,132.93,133.01,84847,3956169,527081625.68
2024-08-28,BOVA11,132.36,133.78,132.09,133.62,20787,5858532,779192701.84
2024-08-29,BOVA11,133.29,133.33,132.15,132.17,75409,7778259,1030367387.07
2024-08-30,BOVA11,131.21,132.6,131.21,132.6,55786,4535994,598426959.55
2024-09-02,BOVA11,131.97,131.97,130.91,131.1,64420,2755263,361652582.37
2024-09-03,BOVA11,131.28,131.41,130.52,130.63,58827,3025277,395990687.17
2024-09-04,BOVA11,131.24,133.2,131.24,132.38,80872,3684298,488510582.72
2024-09-05,BOVA11,132.25,133.0,132.11,132.89,72863,3752037,497701543.25
2024-09-06,BOVA11,132.66,132.96,130.85,130.96,761,4631496,608221767.56
2024-09-09,BOVA11,131.0,131.61,130.97,131.04,46301,4061555,533132456.36
2024-09-10,BOVA11,130.61,130.9,130.16,130.63,62134,3443489,449441463.81
2024-09-11,BOVA11,131.29,131.44,130.2,131.21,63763,3921936,513395948.19
2024-09-12,BOVA11,130.48,130.84,130.0,130.31,72563,4069346,530743804.8
2024-09-13,BOVA11,131.16,132.23,131.04,131.21,86145,4456947,586330609.12
2024-09-16,BOVA11,131.69,132.07,131.27,131.38,76488,3387279,445638681.91
2024-09-17,BOVA11,131.1,131.33,130.55,131.33,97701,4456626,583648919.08
2024-09-18,BOVA11,130.41,131.6,130.05,130.05,20318,6890803,900095297.53
2024-09-19,BOVA11,131.1,131.19,129.37,129.37,47708,8741014,1136448369.86
2024-09-20,BOVA11,129.28,129.59,127.35,127.63,90980,10910290,1396726654.17
2024-09-23,BOVA11,127.24,127.45,126.61,127.0,56746,9309068,1182876365.24
2024-09-24,BOVA11,128.74,129.5,128.07,128.68,23384,5572576,717497420.95
2024-09-25,BOVA11,129.08,129.41,127.92,127.92,44816,4212234,540637123.21
2024-09-26,BOVA11,129.03,129.72,128.49,129.33,57476,5400992,698262705.92
2024-09-27,BOVA11,129.37,130.33,129.04,129.04,87104,5356540,694002774.16
2024-09-30,BOVA11,129.84,129.84,128.37,128.43,91542,4930837,635128231.56
2024-10-01,BOVA11,128.9,129.85,128.45,128.86,19291,7392815,954769675.75
2024-10-02,BOVA11,130.77,131.33,129.76,129.85,73523,7089535,925099415.05
2024-10-03,BOVA11,128.72,128.73,127.63,128.03,91012,9369114,1199523223.69
2024-10-04,BOVA11,127.89,128.42,127.6,128.2,38832,3955444,506785965.57
2024-10-07,BOVA11,129.22,129.43,128.15,128.45,90141,8216928,1055921150.04
2024-10-08,BOVA11,127.29,128.17,127.11,127.93,74477,4923671,628825081.34
2024-10-09,BOVA11,127.05,127.12,126.21,126.35,87563,10400515,1316391000.76
2024-10-10,BOVA11,126.75,126.96,126.33,126.8,17984,3080884,390479334.47
2024-10-11,BOVA11,126.47,126.66,125.86,126.47,4854,3642474,459990608.21
2024-10-14,BOVA11,126.5,127.7,126.2,127.5,67308,4101139,521152919.2
2024-10-15,BOVA11,127.5,127.8,126.75,127.4,74669,8244363,1049467269.69
2024-10-16,BOVA11,127.73,128.65,127.27,128.07,81754,5046260,646114441.77
2024-10-17,BOVA11,126.6,127.43,126.4,127.31,70200,4162953,529010811.4
2024-10-18,BOVA11,128.12,128.23,126.66,127.0,12081,7064503,897079627.36
2024-10-21,BOVA11,127.36,127.62,126.66,126.75,34352,3711321,471206902.9
2024-10-22,BOVA11,126.0,126.7,125.63,126.5,88685,4744929,598895757.3
2024-10-23,BOVA11,125.83,125.99,125.17,125.81,83640,4258243,534777915.84
2024-10-24,BOVA11,125.58,126.73,125.4,126.6,63581,6300104,793647900.47
2024-10-25,BOVA11,127.0,127.05,126.29,126.35,82858,4094077,518245864.29
2024-10-28,BOVA11,127.1,127.93,127.03,127.84,56477,3418291,436190959.47
2024-10-29,BOVA11,128.0,128.23,127.17,127.25,61699,3100162,395694087.16
2024-10-30,BOVA11,127.25,127.55,126.96,127.23,90185,3682918,468710191.07
2024-10-31,BOVA11,127.0,127.22,126.15,126.26,91658,4435733,561264953.51
2024-11-01,BOVA11,126.31,126.44,124.58,124.6,94296,5634929,705798343.42
2024-11-04,BOVA11,125.81,127.18,125.76,127.15,75949,4869049,616596973.99
2024-11-05,BOVA11,126.84,127.34,126.24,127.15,73983,2814690,357108954.16
2024-11-06,BOVA11,125.58,127.19,125.35,126.3,28420,6108314,771283384.2
2024-11-07,BOVA11,126.45,127.83,125.89,126.06,69692,5735024,727238670.6
2024-11-08,BOVA11,124.81,124.88,123.58,124.5,16946,13843049,1719950494.34
2024-11-11,BOVA11,124.05,124.69,123.88,124.35,88155,6497911,807183324.39
2024-11-12,BOVA11,124.6,124.8,123.98,124.2,69844,4149523,515997929.76
2024-11-13,BOVA11,124.35,124.65,123.5,124.33,19155,4749175,588789915.66
2024-11-14,BOVA11,124.21,125.05,124.01,124.27,99157,4087563,508931845.74
2024-11-18,BOVA11,124.09,124.9,123.82,124.41,24784,4747647,590089643.54
2024-11-19,BOVA11,124.2,125.2,123.85,124.88,16650,5983654,746549923.44
2024-11-21,BOVA11,124.05,124.15,123.24,123.6,95637,5091757,630108910.29
2024-11-22,BOVA11,124.56,126.02,123.93,126.02,11214,7539089,941534145.84
2024-11-25,BOVA11,125.9,126.08,125.5,125.67,887,4023088,505934677.83
2024-11-26,BOVA11,126.0,126.91,125.7,126.65,14562,3462437,437965679.85
2024-11-27,BOVA11,126.7,126.84,123.52,124.1,20240,9700696,1214825455.88
2024-11-28,BOVA11,123.93,123.97,121.12,121.3,57759,11576280,1416853883.48
2024-11-29,BOVA11,121.5,122.81,120.66,122.32,35573,9728559,1183289952.96
2024-12-02,BOVA11,121.78,122.63,121.43,121.88,30832,6432816,785537275.39
2024-12-03,BOVA11,122.24,123.1,122.22,122.68,84602,4959711,608034960.98
2024-12-04,BOVA11,122.72,123.42,122.52,122.75,3779,4794237,589308047.91
2024-12-05,BOVA11,123.55,124.68,123.55,124.51,92893,9382872,1166881739.76
2024-12-06,BOVA11,124.36,124.36,122.46,122.46,93150,6531287,803430924.94
2024-12-09,BOVA11,123.3,124.18,123.3,123.76,80452,4604745,570299124.75
2024-12-10,BOVA11,124.54,125.15,124.35,124.78,26358,3677946,458656967.97
2024-12-11,BOVA11,125.09,127.36,124.04,126.61,94218,6861895,862564733.21
2024-12-12,BOVA11,125.05,125.05,122.6,122.72,78881,6187159,763216328.35
2024-12-13,BOVA11,122.81,122.94,121.32,121.63,13321,7833689,956529156.31
2024-12-16,BOVA11,121.7,121.84,120.22,120.22,29253,9194774,1114321235.31
2024-12-17,BOVA11,120.78,122.2,120.48,121.6,20750,12280783,1490551312.89
2024-12-18,BOVA11,120.95,120.95,117.35,118.2,4476,7930667,942810018.48
2024-12-19,BOVA11,118.3,118.77,117.83,117.98,69746,6728211,795793863.76
2024-12-20,BOVA11,118.0,119.09,117.66,119.05,37299,7447194,882348488.5
2024-12-23,BOVA11,118.6,118.6,117.53,117.7,43676,6578171,775790258.07
2024-12-26,BOVA11,117.9,118.57,117.39,117.96,31482,3655520,431360945.43
2024-12-27,BOVA11,118.3,118.47,117.02,117.26,65377,7475855,879617015.49
2024-12-30,BOVA11,117.43,118.0,117.08,117.27,48796,6590812,773668915.11
2025-01-02,BOVA11,117.2,117.71,116.11,117.1,77659,7506615,878529787.93
2025-01-03,BOVA11,117.0,117.31,115.35,115.45,83153,4597268,533064943.17
2025-01-06,BOVA11,116.67,117.27,116.42,117.07,18340,4648240,543388424.33
2025-01-07,BOVA11,117.75,118.64,117.7,118.15,24385,7480223,883898299.32
2025-01-08,BOVA11,117.73,117.74,116.32,116.67,1750,3641734,425259564.44
2025-01-09,BOVA11,116.69,117.14,116.51,116.82,97065,6703445,783508017.32
2025-01-10,BOVA11,116.98,116.98,115.77,115.96,80206,3644293,423087061.3
2025-01-13,BOVA11,116.02,116.75,115.76,116.02,91304,4032146,468449250.39
2025-01-14,BOVA11,116.02,116.51,115.26,116.46,78033,3919081,454939093.08
2025-01-15,BOVA11,117.39,119.92,117.12,119.57,88347,8998278,1064047756.2
2025-01-16,BOVA11,119.33,119.33,117.74,118.33,97688,7886600,931931654.11
2025-01-17,BOVA11,118.36,119.6,118.0,119.25,83408,7398371,881441190.0
2025-01-20,BOVA11,118.93,120.17,118.44,119.81,85785,5264061,629878025.26
2025-01-21,BOVA11,119.36,120.46,119.24,120.3,20755,6029391,724044207.98
2025-01-22,BOVA11,120.54,120.85,119.8,119.92,36296,4749595,571317312.33
2025-01-23,BOVA11,120.28,120.91,119.12,119.49,91412,4120879,493671220.39
2025-01-24,BOVA11,119.43,119.87,119.16,119.45,87554,5320280,635550205.53
2025-01-27,BOVA11,119.17,121.87,119.17,121.87,89662,7550976,914487894.54
2025-01-28,BOVA11,121.5,121.8,120.87,121.03,55854,3089769,374368921.24
2025-01-29,BOVA11,121.5,121.74,120.17,120.17,73160,4667800,563931123.67
2025-01-30,BOVA11,121.15,124.06,121.15,123.95,27267,16668757,2055964061.69
2025-01-31,BOVA11,123.96,124.4,122.93,123.0,54086,9422484,1165459053.27
2025-02-03,BOVA11,122.89,123.38,122.48,122.64,82905,3794062,466115480.78
2025-02-04,BOVA11,122.43,122.76,121.58,121.91,83705,2874533,351296701.69
2025-02-05,BOVA11,122.22,122.77,121.54,122.37,20303,4687245,573318529.42
2025-02-06,BOVA11,122.25,123.95,122.16,123.16,1689,7320589,899479947.66
2025-02-07,BOVA11,123.06,123.47,121.17,121.48,92786,6521853,795307185.63
2025-02-10,BOVA11,123.84,123.84,122.25,122.55,5209,6640278,814291094.19
2025-02-11,BOVA11,122.69,123.79,122.57,123.45,6556,7571142,933370589.56
2025-02-12,BOVA11,122.1,122.6,121.02,121.25,11547,5100962,619688555.54
2025-02-13,BOVA11,121.15,121.75,120.68,121.68,75626,3343981,405773290.57
2025-02-14,BOVA11,122.65,125.33,122.58,124.87,61101,11605245,1439023986.56
2025-02-17,BOVA11,125.28,126.37,125.25,125.25,74364,6018843,757384585.72
2025-02-18,BOVA11,125.42,126.13,124.9,125.3,48638,3821597,479257305.45
2025-02-19,BOVA11,124.31,124.84,123.89,124.01,71892,3894567,483993085.04
2025-02-20,BOVA11,124.18,124.76,123.9,124.47,78703,5326483,661695752.92
2025-02-21,BOVA11,124.2,124.48,123.33,123.94,63010,4926034,610125152.72
2025-02-24,BOVA11,124.2,124.28,122.09,122.49,69903,4988193,613027805.74
2025-02-25,BOVA11,122.8,123.67,122.52,122.83,67259,3798787,467588304.85
2025-02-26,BOVA11,123.54,123.58,121.68,121.82,32841,3930617,480505627.68
2025-02-27,BOVA11,121.52,122.73,121.3,121.75,61465,3434273,418063486.51
2025-02-28,BOVA11,121.75,121.87,119.62,120.01,3827,6052223,729481291.01
2025-03-05,BOVA11,120.01,120.5,119.79,120.05,43004,2302088,276389562.08
2025-03-06,BOVA11,120.13,121.11,119.67,120.4,61678,5304082,638066311.47
2025-03-07,BOVA11,119.63,122.77,119.3,121.95,60687,4669719,567086175.1
2025-03-10,BOVA11,121.03,121.77,120.4,121.3,84813,4547893,551057933.79
2025-03-11,BOVA11,121.3,121.41,119.6,120.55,59871,3428352,412585800.12
2025-03-12,BOVA11,120.89,120.98,120.02,120.74,70972,4720349,569122086.51
2025-03-13,BOVA11,120.74,122.74,120.51,122.51,63690,5549188,678228442.62
2025-03-14,BOVA11,123.37,126.08,123.28,125.75,89473,7251650,907986673.93
2025-03-17,BOVA11,126.0,128.2,125.84,127.76,52094,4073001,518510359.53
2025-03-18,BOVA11,127.9,128.7,127.55,128.26,38389,4801922,615707239.16
2025-03-19,BOVA11,128.5,129.86,128.39,129.6,32282,7899333,1020682165.17
2025-03-20,BOVA11,129.05,129.6,128.6,128.85,99297,6757298,871352821.47
2025-03-21,BOVA11,128.89,129.44,128.58,128.98,369,5294572,682513440.05
2025-03-24,BOVA11,128.63,129.19,127.8,128.19,75350,6358388,815958807.34
2025-03-25,BOVA11,128.4,130.23,128.23,129.04,92226,6685920,865096456.22
2025-03-26,BOVA11,129.34,129.73,128.96,129.24,85509,8570253,1107485962.27
2025-03-27,BOVA11,129.4,130.59,129.26,129.78,70260,6392746,831308919.75
2025-03-28,BOVA11,129.39,129.81,128.15,128.69,67498,5522128,710950468.22
2025-03-31,BOVA11,127.93,128.0,127.01,127.3,91806,6663067,849005405.35
2025-04-01,BOVA11,127.15,128.86,126.94,128.04,79989,4683553,600314200.74
2025-04-02,BOVA11,128.0,128.9,127.24,128.9,59043,4936701,631383353.07
2025-04-03,BOVA11,127.25,129.44,127.18,128.1,20591,5193549,666401473.75
2025-04-04,BOVA11,125.41,126.76,123.47,124.05,39797,17571779,2183972080.36
2025-04-07,BOVA11,122.81,125.55,120.92,122.73,67151,5994293,736008884.97
2025-04-08,BOVA11,123.53,124.68,120.49,121.04,48657,6341511,773420162.85
2025-04-09,BOVA11,120.4,125.78,120.06,124.55,40685,9471066,1166525657.93
2025-04-10,BOVA11,124.26,124.59,121.93,123.41,62496,4592067,566030743.86
2025-04-11,BOVA11,123.99,125.38,123.05,124.72,54806,5201770,647796551.51
2025-04-14,BOVA11,126.22,126.94,125.35,126.41,68617,4241669,535618550.89
2025-04-15,BOVA11,126.12,126.92,125.97,126.2,65399,5049103,637945521.92
2025-04-16,BOVA11,125.93,126.42,124.93,125.28,33357,9516436,1194336883.86
2025-04-17,BOVA11,125.13,127.06,124.91,126.53,72687,10367293,1308542478.57
2025-04-22,BOVA11,126.25,127.83,125.6,127.33,65951,5150618,654886338.99
2025-04-23,BOVA11,128.71,130.16,128.71,129.08,50269,7829728,1013797623.8
2025-04-24,BOVA11,129.6,131.7,128.66,131.38,89146,10175544,1333053406.74
2025-04-25,BOVA11,131.23,131.82,130.95,131.49,89313,9949756,1307238290.65
2025-04-28,BOVA11,131.59,132.46,131.45,131.65,88293,6756509,890835114.0
2025-04-29,BOVA11,131.94,132.92,131.69,131.86,86959,11331366,1499730816.66
2025-04-30,BOVA11,131.2,132.06,130.73,131.63,65852,9180293,1207434312.26
2025-05-02,BOVA11,131.62,132.12,131.17,131.85,79249,6036764,794442083.41
2025-05-05,BOVA11,131.79,132.1,130.28,130.34,45269,3325658,434526091.76
2025-05-06,BOVA11,130.87,131.03,130.14,130.38,57755,4659894,608229229.9
2025-05-07,BOVA11,130.94,130.99,129.72,130.21,49776,3107370,404552181.18
2025-05-08,BOVA11,132.63,134.47,132.51,133.04,8978,5772982,771140817.1
2025-05-09,BOVA11,133.55,134.03,132.95,133.24,98974,7242015,965708097.53
2025-05-12,BOVA11,134.28,134.35,133.14,133.39,63597,5031648,671958622.51
2025-05-13,BOVA11,133.9,136.28,133.77,135.61,91809,10001857,1354583733.68
2025-05-14,BOVA11,135.57,135.99,134.99,135.19,28583,10297464,1395005715.88
2025-05-15,BOVA11,135.15,136.44,135.13,136.07,9711,6874103,933010357.99
2025-05-16,BOVA11,134.98,136.11,134.45,136.11,91386,11084683,1498892502.9
2025-05-19,BOVA11,135.7,136.98,135.38,136.42,64150,4123908,562587006.2
2025-05-20,BOVA11,136.54,137.05,135.75,136.84,44770,3465298,472318252.61
2025-05-21,BOVA11,136.39,136.42,134.34,134.59,66608,3912091,528531847.7
2025-05-22,BOVA11,134.82,135.68,133.84,134.05,70997,6065741,817013351.14
2025-05-23,BOVA11,132.26,134.63,131.8,134.47,73863,5087756,680318997.0
2025-05-26,BOVA11,134.56,135.72,134.52,135.01,51503,3834088,517478674.12
2025-05-27,BOVA11,136.65,137.19,136.15,136.46,92383,5172279,706282869.06
2025-05-28,BOVA11,135.98,136.1,135.4,135.71,49948,3717190,504645075.78
2025-05-29,BOVA11,135.7,135.93,134.77,135.36,91884,4519155,612114310.66
2025-05-30,BOVA11,135.23,135.43,133.51,133.99,75935,5171744,693775874.13
2025-06-02,BOVA11,135.03,135.6,133.33,133.6,44976,3143725,421167251.07
2025-06-03,BOVA11,133.51,134.57,133.05,134.4,69845,4421313,592760221.85
2025-06-04,BOVA11,135.01,135.64,133.63,133.81,56227,4990188,670672927.24
2025-06-05,BOVA11,134.11,134.4,132.91,133.25,66999,4926223,658013108.41
2025-06-06,BOVA11,133.47,133.86,132.49,133.06,2246,8340433,1108957387.73
2025-06-09,BOVA11,132.61,132.94,131.07,132.73,83456,5320983,702189452.11
2025-06-10,BOVA11,133.68,134.32,133.0,133.35,76725,5714411,764190486.94
2025-06-11,BOVA11,133.0,134.43,132.51,133.97,18478,4996750,668151023.77
2025-06-12,BOVA11,133.14,134.85,133.03,134.66,77754,3017576,404784276.87
2025-06-13,BOVA11,134.0,134.6,133.4,133.99,33118,6972291,935226831.02
2025-06-16,BOVA11,135.17,136.87,135.15,136.07,26235,7774867,1060529250.92
2025-06-17,BOVA11,136.04,136.41,135.17,135.52,85945,5284805,716357362.62
2025-06-18,BOVA11,135.59,136.08,135.3,135.42,40267,8894582,1206626303.58
2025-06-20,BOVA11,134.61,135.0,133.74,133.9,72586,6062013,813435815.7
2025-06-23,BOVA11,134.03,134.11,132.8,133.47,10586,7548143,1005914130.6
2025-06-24,BOVA11,133.54,135.06,133.14,134.07,86238,7467005,1004110214.33
2025-06-25,BOVA11,133.24,133.53,132.52,132.55,54574,6663014,885614942.43
2025-06-26,BOVA11,133.37,134.29,132.94,133.96,76999,7773826,1040820784.53
2025-06-27,BOVA11,133.43,134.19,133.37,133.79,85388,3757636,502512496.59
2025-06-30,BOVA11,133.56,136.04,133.41,135.85,72640,4715665,638288844.62
2025-07-01,BOVA11,135.98,136.67,135.78,136.52,50210,2903180,395662542.44
2025-07-02,BOVA11,136.59,136.8,135.25,135.91,54662,3619807,491923758.38
2025-07-03,BOVA11,136.45,138.15,136.09,137.92,77233,3879378,534576935.6
2025-07-04,BOVA11,137.39,138.45,137.39,138.13,29962,5572563,770155833.94
2025-07-07,BOVA11,138.05,138.09,136.17,136.45,72090,3691359,505450534.71
2025-07-08,BOVA11,136.34,136.4,135.66,136.15,39287,2574588,350345338.34
2025-07-09,BOVA11,135.94,135.94,134.11,134.11,6675,8538960,1150505912.61
2025-07-10,BOVA11,133.0,134.03,132.93,133.61,77660,5335029,712916278.98
2025-07-11,BOVA11,133.5,133.5,132.53,133.5,79943,5016247,666902869.33
2025-07-14,BOVA11,132.88,132.89,131.85,132.09,6706,4839858,640088269.54
2025-07-15,BOVA11,132.78,132.97,131.35,132.37,87259,5716437,755125236.19
2025-07-16,BOVA11,132.22,132.65,131.28,132.4,78138,6592146,869651266.12
2025-07-17,BOVA11,132.67,132.78,132.01,132.47,60516,3403032,450507390.72
2025-07-18,BOVA11,131.28,132.19,130.3,130.3,58807,6673107,873096387.02
2025-07-21,BOVA11,130.65,131.89,130.65,131.2,2070,4533839,595575181.23
2025-07-22,BOVA11,131.76,132.28,129.99,131.15,1643,4538075,597436890.94
2025-07-23,BOVA11,130.9,132.76,130.65,132.39,81490,3129788,413729555.33
2025-07-24,BOVA11,131.57,131.57,130.69,130.78,58622,3916773,512835575.69
2025-07-25,BOVA11,130.99,131.2,130.3,130.45,51219,3626845,473656428.78
2025-07-28,BOVA11,130.5,130.72,128.7,129.25,79084,3943153,509814361.16
2025-07-29,BOVA11,129.25,130.43,129.2,129.5,52731,4703916,611312392.61
2025-07-30,BOVA11,129.02,132.2,128.96,130.93,86510,6126767,798482740.48
2025-07-31,BOVA11,129.37,130.53,129.08,129.88,78183,4106736,532887849.4
2025-08-01,BOVA11,131.61,131.87,129.2,129.57,66227,3707601,482787395.62
2025-08-04,BOVA11,130.74,131.0,129.54,130.0,56701,2924525,380419389.65
2025-08-05,BOVA11,129.96,131.28,129.78,130.16,49571,2816372,367715559.12
2025-08-06,BOVA11,131.02,132.24,131.02,131.49,73188,4891658,644438451.94
2025-08-07,BOVA11,132.11,133.95,132.11,133.52,74238,8358557,1114636134.87
2025-08-08,BOVA11,133.36,133.6,132.58,132.91,40484,4379026,582585853.04
2025-08-11,BOVA11,132.53,133.29,132.45,132.5,38291,3229323,428810216.53
2025-08-12,BOVA11,134.16,135.36,134.16,135.1,8243,8271166,1115967723.61
2025-08-13,BOVA11,134.32,134.65,133.62,133.66,67019,5346125,716142968.14
2025-08-14,BOVA11,132.93,134.53,132.69,133.36,61504,4263444,569687805.95
2025-08-15,BOVA11,133.22,133.57,132.69,133.56,62776,10297481,1371199204.8
2025-08-18,BOVA11,133.79,134.94,133.62,134.33,98293,4133988,555493335.99
2025-08-19,BOVA11,132.83,132.89,131.17,131.17,54744,7544379,994700960.41
2025-08-20,BOVA11,131.4,132.13,131.22,131.8,30409,1983546,261234677.73
2025-08-21,BOVA11,131.06,132.1,131.0,131.63,31266,2072659,272781822.22
2025-08-22,BOVA11,132.17,135.27,132.15,135.15,83335,7263065,975803218.71
2025-08-25,BOVA11,135.74,136.0,135.11,135.11,42053,3739175,506435161.34
2025-08-26,BOVA11,135.05,135.21,134.17,134.94,36048,3641902,490034515.04
2025-08-27,BOVA11,134.93,136.35,134.52,136.2,57057,4390981,595007018.73
2025-08-28,BOVA11,137.09,139.2,137.09,138.31,94329,9155113,1267172698.77
2025-08-29,BOVA11,138.0,139.38,138.0,138.5,69565,8933528,1240085195.97
2025-09-01,BOVA11,138.7,139.0,137.83,138.29,38995,3683348,509360805.68
2025-09-02,BOVA11,136.88,138.15,136.61,137.37,66496,5174520,710997849.07
2025-09-03,BOVA11,137.27,137.58,136.65,136.87,18408,2481577,339851090.16
2025-09-04,BOVA11,137.0,138.44,136.84,138.01,95473,3507092,483316239.79
2025-09-05,BOVA11,139.16,140.4,138.87,139.65,59367,6907275,964222711.59
2025-09-08,BOVA11,139.86,139.86,138.36,138.8,34351,2536075,352115729.45
2025-09-09,BOVA11,139.05,139.26,138.6,138.6,16292,6058267,841481761.04
2025-09-10,BOVA11,138.7,140.13,138.55,139.16,39115,2656062,370602715.64
2025-09-11,BOVA11,139.61,140.91,139.42,139.96,54511,4508267,633024041.94
2025-09-12,BOVA11,139.21,140.23,139.21,139.21,60698,4283241,597229291.3
2025-09-15,BOVA11,139.7,141.16,139.6,140.45,65226,3362145,472818181.33
2025-09-16,BOVA11,141.04,141.63,140.56,141.11,81433,10040633,1415597851.62
2025-09-17,BOVA11,141.01,143.28,140.86,142.6,751,12057854,1717491970.01
2025-09-18,BOVA11,142.36,142.66,141.97,142.53,87243,5660966,805814462.07
2025-09-19,BOVA11,142.85,143.33,142.43,142.79,37635,3826843,546625913.72
2025-09-22,BOVA11,141.96,142.37,141.1,141.99,38665,3199428,453751168.4
2025-09-23,BOVA11,142.36,144.12,142.09,143.33,53886,3067703,440079502.93
2025-09-24,BOVA11,143.5,143.78,143.05,143.42,38148,2322354,332977062.35
2025-09-25,BOVA11,143.24,143.49,142.2,142.28,78651,5367085,765819625.11
2025-09-26,BOVA11,142.6,143.26,142.11,142.44,38984,2991950,426163902.83
2025-09-29,BOVA11,144.21,144.64,143.25,143.45,86623,4049167,581801391.13
2025-09-30,BOVA11,144.11,144.55,142.84,143.24,561,3469293,497776102.98
2025-10-01,BOVA11,143.8,143.93,142.27,142.52,32075,3510934,501471623.8
2025-10-02,BOVA11,142.6,142.69,140.7,140.99,51518,5220210,737621066.78
2025-10-03,BOVA11,140.96,141.59,140.75,141.22,38239,2641781,372906224.22
2025-10-06,BOVA11,141.22,141.57,140.45,140.67,42959,4551231,640607817.1
2025-10-07,BOVA11,139.99,139.99,138.18,138.45,20748,9177105,1273622466.05
2025-10-08,BOVA11,138.84,139.43,138.73,139.2,47696,3431823,477336631.27
2025-10-09,BOVA11,139.86,140.26,138.66,138.75,72299,3877461,539689153.31
2025-10-10,BOVA11,139.26,139.45,137.3,137.81,73464,6875876,949262364.29
2025-10-13,BOVA11,138.78,139.3,138.63,138.75,60491,3493492,485511893.97
2025-10-14,BOVA11,138.43,139.6,138.29,138.74,66494,4748680,659942632.26
2025-10-15,BOVA11,138.41,140.0,138.31,139.49,59549,4650090,648133338.6
2025-10-16,BOVA11,138.75,140.18,138.57,139.16,64788,14644409,2042285594.12
2025-10-17,BOVA11,138.89,140.42,138.31,140.4,51485,10923092,1528491640.85
2025-10-20,BOVA11,140.8,142.15,140.36,141.27,75473,5163325,730202876.89
2025-10-21,BOVA11,141.2,141.8,140.81,141.17,27932,1973798,278797911.67
2025-10-22,BOVA11,141.64,142.04,140.96,141.88,54990,3175811,449794993.79
2025-10-23,BOVA11,142.94,143.22,142.03,142.68,41225,11427664,1630666924.51
2025-10-24,BOVA11,143.56,144.2,143.0,143.0,55195,3700798,530736771.51
2025-10-27,BOVA11,144.48,144.95,143.7,144.0,47104,2784188,401292097.27
2025-10-28,BOVA11,143.78,144.92,143.43,144.32,46483,7127646,1029416293.59
2025-10-29,BOVA11,144.93,146.01,144.93,145.3,65548,7824595,1139340844.95
2025-10-30,BOVA11,144.54,146.16,144.4,145.7,49997,4150599,604746821.14
2025-10-31,BOVA11,146.19,146.75,145.79,146.41,44001,7156346,1046007133.94
2025-11-03,BOVA11,147.1,147.9,146.52,147.37,40793,4039840,594686926.13
2025-11-04,BOVA11,146.9,147.76,146.81,147.53,29443,3057655,450491490.22
2025-11-05,BOVA11,147.28,150.5,147.19,150.38,30517,5448240,814697113.48
2025-11-06,BOVA11,150.31,151.14,150.05,150.1,73881,6310619,950658331.53
2025-11-07,BOVA11,149.68,150.94,149.26,150.8,49397,3507259,526488153.71
2025-11-10,BOVA11,151.67,152.46,151.48,152.25,61154,4778721,726278903.12
2025-11-11,BOVA11,152.77,155.31,152.77,154.8,6225,8330821,1287700700.26
2025-11-12,BOVA11,154.89,154.89,153.48,154.44,55457,4346406,669617759.6
2025-11-13,BOVA11,154.15,155.15,153.43,154.1,66794,4161660,641139962.83
2025-11-14,BOVA11,153.49,155.21,153.49,154.34,63222,7939875,1227670165.16
2025-11-17,BOVA11,154.46,154.74,153.44,153.79,77758,8303363,1280095646.71
2025-11-18,BOVA11,152.69,153.86,152.53,153.53,69097,7529211,1155469146.22
2025-11-19,BOVA11,152.99,153.17,152.0,152.0,58830,8886667,1355128849.16
2025-11-21,BOVA11,151.94,151.95,150.49,151.95,23596,5814857,880916434.73
2025-11-24,BOVA11,151.63,152.77,151.4,152.35,37537,8827527,1342830979.46
2025-11-25,BOVA11,152.35,153.23,151.62,152.97,39984,3894640,593622120.67
2025-11-26,BOVA11,153.21,155.74,153.09,155.74,49132,6618212,1024956263.55
2025-11-27,BOVA11,155.21,155.55,154.96,155.32,20810,2271768,352580578.25
2025-11-28,BOVA11,155.41,156.52,155.25,155.85,36508,3888138,606041070.83
2025-12-01,BOVA11,155.71,155.99,154.78,155.5,25359,2922763,453986154.27
2025-12-02,BOVA11,155.6,157.97,155.57,157.97,37983,5854674,919496949.54
2025-12-03,BOVA11,158.36,158.71,157.87,158.4,48523,5161918,817110325.79
2025-12-04,BOVA11,159.1,161.38,159.09,161.29,50816,8662644,1391703558.02
2025-12-05,BOVA11,161.29,161.74,153.73,154.18,92357,12013796,1885734142.68
2025-12-08,BOVA11,155.75,156.07,154.3,155.25,74342,8262578,1283104622.4
2025-12-09,BOVA11,153.67,155.67,152.04,154.55,55089,6497394,1002412643.55
2025-12-10,BOVA11,155.2,156.57,154.43,156.0,44085,4233612,658240327.2
2025-12-11,BOVA11,155.35,156.74,154.92,156.19,27920,4440966,694168826.45
2025-12-12,BOVA11,156.61,158.12,156.19,157.5,37379,3434792,540194126.56
2025-12-15,BOVA11,158.86,159.83,158.41,159.37,44887,5085276,809462144.65
2025-12-16,BOVA11,157.5,157.9,155.16,155.16,95520,20862771,3268680293.34
2025-12-17,BOVA11,154.94,154.99,153.41,154.35,93946,8355968,1287698123.47
2025-12-18,BOVA11,154.13,155.44,154.01,154.86,26166,6537872,1010574071.18
2025-12-19,BOVA11,155.05,156.5,154.93,155.3,43758,5110290,795700035.22
2025-12-22,BOVA11,155.3,155.33,154.14,155.07,37406,3770850,584135653.57
2025-12-23,BOVA11,155.82,157.43,155.82,157.43,34996,4205277,660117724.37
2025-12-26,BOVA11,156.54,157.97,156.22,157.82,20267,5194854,816930749.55
2025-12-29,BOVA11,157.76,157.99,156.67,157.41,18641,2987230,469597132.17
2025-12-30,BOVA11,158.3,159.0,157.96,158.0,37630,4155183,658395792.77
2026-01-02,BOVA11,158.83,159.11,157.04,157.36,23699,2721625,428941922.17
2026-01-05,BOVA11,157.35,159.05,157.13,158.52,38047,3437932,544617927.31
2026-01-06,BOVA11,160.15,161.07,160.15,160.2,40353,3425870,549858013.13
2026-01-07,BOVA11,159.96,160.24,158.66,158.8,28534,3347432,532770331.3
2026-01-08,BOVA11,159.01,159.75,158.8,159.6,23074,2149246,342529722.96
2026-01-09,BOVA11,159.5,161.1,159.5,160.1,46046,2641287,423869520.06
2026-01-12,BOVA11,159.81,160.44,159.24,160.15,40439,3082884,493213056.23
2026-01-13,BOVA11,159.29,159.93,158.69,159.07,43809,5029000,800022146.08
2026-01-14,BOVA11,159.97,162.24,158.83,162.24,31517,6972588,1119967913.82
2026-01-15,BOVA11,162.5,163.0,161.67,162.55,38914,8335462,1354227471.81
2026-01-16,BOVA11,162.55,162.66,161.0,161.57,22603,11515583,1858253520.85
2026-01-19,BOVA11,161.51,162.08,161.14,161.94,16326,3188923,515397671.74
2026-01-20,BOVA11,160.75,163.31,160.38,162.92,20685,3941185,640714973.64
2026-01-21,BOVA11,164.96,168.95,164.93,168.95,52756,6040015,1009507527.36
2026-01-22,BOVA11,169.55,174.73,169.29,172.74,96548,9245398,1594167352.77
2026-01-23,BOVA11,173.16,177.3,172.35,175.7,32410,9673007,1688240327.87
2026-01-26,BOVA11,176.36,176.6,174.41,175.3,83466,6867173,1203817557.22
2026-01-27,BOVA11,177.45,179.97,177.18,178.23,44437,7640493,1365947802.94
2026-01-28,BOVA11,179.89,181.69,179.04,181.4,46579,5669537,1023818982.9
2026-01-29,BOVA11,182.3,183.14,178.12,179.65,67715,8769354,1581420594.97
2026-01-30,BOVA11,178.95,180.2,176.65,178.2,28452,6761476,1205847133.37
2026-02-02,BOVA11,178.05,179.47,177.9,179.2,33862,8163198,1458051714.16
2026-02-03,BOVA11,181.66,183.81,180.79,182.19,35171,5835580,1063433738.26
2026-02-04,BOVA11,181.16,181.28,176.76,178.2,64639,7115202,1267766414.22
2026-02-05,BOVA11,178.55,180.67,178.02,178.65,40589,5358557,960586535.75
2026-02-06,BOVA11,178.94,179.8,177.91,179.24,26824,2905591,519905158.76
2026-02-09,BOVA11,179.82,183.0,179.62,182.79,22894,2905667,528452104.7
2026-02-10,BOVA11,182.19,183.43,181.6,182.4,41743,4971512,906960186.39
2026-02-11,BOVA11,184.2,186.96,183.89,185.99,73690,7476956,1390269348.17
2026-02-12,BOVA11,185.65,186.44,183.36,184.28,48567,8509342,1572563329.66
2026-02-13,BOVA11,181.85,182.98,180.1,182.98,30335,7270115,1322725231.93
2026-02-18,BOVA11,184.0,184.1,181.38,182.43,26867,3873635,705750921.53
2026-02-19,BOVA11,182.61,185.2,182.45,184.99,37064,3282837,604396883.29
2026-02-20,BOVA11,183.4,187.0,183.16,186.69,37492,20643919,3831295471.13
2026-02-23,BOVA11,186.07,187.39,184.63,185.17,37128,5352837,992922282.78
2026-02-24,BOVA11,186.01,188.19,186.0,187.78,30688,5044231,945851451.57
2026-02-25,BOVA11,188.89,188.96,186.66,187.46,35837,6105933,1144837679.91
2026-02-26,BOVA11,187.61,188.1,185.3,187.35,26607,4832891,903823732.83
2026-02-27,BOVA11,186.92,187.33,184.87,185.16,42307,4655771,864191448.14
2026-03-02,BOVA11,183.99,186.5,182.91,185.5,64089,5324045,984691213.07
2026-03-03,BOVA11,180.7,181.29,176.96,179.3,64560,8735125,1567676434.22
2026-03-04,BOVA11,182.07,182.85,179.84,181.6,31229,3443280,624753099.91
2026-03-05,BOVA11,181.1,181.17,176.41,176.75,42878,6007521,1070448850.23
2026-03-06,BOVA11,176.66,177.74,175.11,175.89,48823,4818118,849245342.05
2026-03-09,BOVA11,175.2,178.56,174.13,177.26,36731,5441655,959974007.4
2026-03-10,BOVA11,178.49,181.88,177.14,179.75,30155,6508276,1168580810.97
2026-03-11,BOVA11,178.49,182.22,178.44,180.21,26752,3803503,685156421.4
2026-03-12,BOVA11,178.18,178.4,175.02,175.85,32316,6012819,1058827092.06
2026-03-13,BOVA11,176.6,177.66,173.84,174.55,22314,6595018,1154942193.99
2026-03-16,BOVA11,177.04,177.83,175.95,176.55,24431,5401891,954813650.35
2026-03-17,BOVA11,176.5,179.27,176.46,176.83,41409,3993419,708998469.26
2026-03-18,BOVA11,176.0,178.13,175.8,175.8,24235,5233590,925778376.3
2026-03-19,BOVA11,173.09,178.04,172.75,177.15,22095,6340073,1112355667.1
2026-03-20,BOVA11,176.28,176.28,171.59,173.01,81902,13254174,2289793964.26
2026-03-23,BOVA11,175.6,179.6,175.32,178.9,29988,8926182,1592792983.67
2026-03-24,BOVA11,177.83,179.27,176.41,179.19,25016,3680395,656193485.49
2026-03-25,BOVA11,181.0,183.02,180.66,182.2,69310,3524550,641385824.22
2026-03-26,BOVA11,179.91,181.6,179.13,179.45,27552,2944334,529994616.89
2026-03-27,BOVA11,178.19,180.13,177.6,177.74,33920,3048397,543682289.25
2026-03-30,BOVA11,179.91,181.0,178.45,179.0,30967,3134093,563297962.85
2026-03-31,BOVA11,181.77,184.28,180.92,184.28,43075,4817169,882146424.64
2026-04-01,BOVA11,184.63,185.68,183.75,184.18,57889,3578277,660383695.57
2026-04-02,BOVA11,181.52,185.78,181.34,184.37,28444,4011436,738617985.35
2026-04-06,BOVA11,185.05,185.78,184.2,184.56,33193,3977378,735194252.19
2026-04-07,BOVA11,183.69,185.0,182.36,185.0,28025,3275254,601279701.4
2026-04-08,BOVA11,190.87,191.37,187.55,189.0,80815,8297773,1566334254.74
2026-04-09,BOVA11,189.95,191.94,189.3,191.7,31408,5105625,975764830.14
2026-04-10,BOVA11,192.55,193.95,192.22,193.84,42594,6653545,1286068640.42
2026-04-13,BOVA11,193.57,194.6,192.5,194.3,36546,4236190,819722186.18
2026-04-14,BOVA11,194.4,195.72,194.4,195.16,30258,4316435,841917947.08
2026-04-15,BOVA11,194.5,195.54,193.28,193.86,3797,4563509,885427148.06
2026-04-16,BOVA11,194.48,194.84,192.7,193.05,35048,5792523,1118938426.52
2026-04-17,BOVA11,194.8,195.73,191.73,192.1,30049,5962783,1149555669.86
2026-04-20,BOVA11,192.1,193.17,191.64,192.64,24751,2972903,572611406.93
2026-04-22,BOVA11,192.0,192.32,189.05,189.33,34597,4454478,846003198.78
2026-04-23,BOVA11,189.29,189.89,187.38,187.87,29540,3611148,681027182.51
2026-04-24,BOVA11,188.1,188.13,186.52,187.01,40666,6902816,1290889649.52
2026-04-27,BOVA11,187.56,187.85,186.06,186.06,44532,2815933,526132110.32
2026-04-28,BOVA11,184.13,185.57,183.94,185.16,22631,3788014,700231575.01
2026-04-29,BOVA11,184.0,184.21,181.03,181.03,29373,3328853,606261600.62
2026-04-30,BOVA11,182.78,184.66,182.49,184.09,27041,4138378,762131543.35
2026-05-04,BOVA11,183.99,184.3,181.76,181.76,28868,2081912,380447216.59
2026-05-05,BOVA11,182.03,183.95,182.03,183.27,27450,1696761,310848540.73
2026-05-06,BOVA11,184.38,185.27,183.5,184.25,44170,3113319,573983352.72
2026-05-07,BOVA11,183.25,183.25,179.46,179.7,53564,5049271,911026443.95
2026-05-08,BOVA11,181.3,182.78,180.78,180.93,37452,2555289,463378862.69
2026-05-11,BOVA11,180.23,181.13,178.22,178.59,49873,4119787,736435816.11
2026-05-12,BOVA11,177.87,178.43,176.57,177.19,34651,3898513,690426967.75
2026-05-13,BOVA11,176.91,177.19,173.44,173.79,37415,4774636,835072454.99
2026-05-14,BOVA11,175.04,176.19,174.33,175.16,35175,3616896,634683852.14
2026-05-15,BOVA11,172.4,174.21,172.09,173.88,34883,4195586,727572500.99
2026-05-18,BOVA11,173.65,174.0,172.5,174.0,41376,3408174,590957556.58
2026-05-19,BOVA11,171.27,172.7,170.3,170.87,28314,2986498,511173124.3
2026-05-20,BOVA11,172.13,175.01,171.95,173.95,37958,2979866,519192717.6
2026-05-21,BOVA11,173.01,175.47,172.52,174.17,48169,2117357,368827604.11
2026-05-22,BOVA11,173.53,173.53,171.68,173.3,36419,4047186,699352640.82
2026-05-25,BOVA11,173.36,174.56,173.23,174.48,44814,1896370,330085374.15
2026-05-26,BOVA11,173.28,174.34,172.28,173.29,37151,2135746,369293409.7
2026-05-27,BOVA11,174.21,174.65,172.22,172.54,27267,2700246,467613796.54
2026-05-28,BOVA11,173.0,173.6,171.38,171.7,16255,2155822,371339441.41
2026-05-29,BOVA11,171.5,171.7,169.52,170.75,41149,5156060,879515452.0
2026-06-01,BOVA11,170.43,170.54,168.61,169.12,26142,2270268,384229245.56
2026-06-02,BOVA11,170.0,171.83,169.71,171.43,37382,3273231,560270734.15
2026-06-03,BOVA11,168.5,169.24,166.92,167.28,41364,5483677,919152199.86
2026-06-05,BOVA11,166.7,167.48,165.75,165.75,19751,2107389,350526112.33
2026-06-08,BOVA11,165.75,166.68,165.06,165.5,47728,3187197,527599093.08
2026-06-09,BOVA11,166.87,167.61,165.25,166.42,26338,2787711,464106032.04
2026-06-10,BOVA11,166.0,166.2,165.01,165.82,18065,2615642,433202034.27
2026-06-11,BOVA11,165.81,169.0,165.19,168.7,37242,3687230,616953097.0
2026-06-12,BOVA11,167.2,169.5,167.12,167.92,28193,4632345,778793108.44
2026-06-15,BOVA11,170.19,171.2,167.27,167.59,33607,2732265,460409639.13
2026-06-16,BOVA11,166.44,167.14,165.98,166.35,35612,3899498,649595050.15
2026-06-17,BOVA11,167.29,168.73,164.79,165.14,22215,3606873,600797570.39
2026-06-18,BOVA11,165.01,166.49,164.75,165.38,50962,3842642,635197101.78
2026-06-19,BOVA11,165.35,165.73,164.61,165.13,23154,2970598,490952256.4
2026-06-22,BOVA11,165.69,167.72,165.69,167.12,35927,2007256,335468338.62
2026-06-23,BOVA11,165.5,168.69,165.48,168.21,30947,1953789,328036973.12
2026-06-24,BOVA11,167.36,168.47,166.65,167.61,26635,3289088,550384219.56
2026-06-25,BOVA11,168.89,170.34,168.0,169.0,53215,2931447,496236946.46
2026-06-26,BOVA11,168.83,171.0,168.07,170.22,20008,3947621,671914010.82
2026-06-29,BOVA11,170.4,170.92,169.28,170.21,16381,2010518,342067541.88
2026-06-30,BOVA11,168.38,169.82,167.5,169.05,24102,3172627,536301038.28
2026-07-01,BOVA11,167.1,169.18,166.67,168.8,28592,2206562,371881509.69
2026-07-02,BOVA11,169.88,171.5,168.83,169.9,17040,2367166,401551275.57
2026-07-03,BOVA11,170.69,171.72,169.9,171.11,15473,2601918,445575382.29
2026-07-06,BOVA11,169.86,170.21,168.68,169.25,31131,2764264,468048723.49
2026-07-07,BOVA11,169.66,170.6,168.46,169.03,25115,2300917,388965508.22
2026-07-08,BOVA11,168.83,168.83,167.06,167.56,22043,1928780,323562634.74
2026-07-09,BOVA11,168.53,170.05,167.93,169.8,27317,2239318,379702262.23
2026-07-10,BOVA11,172.85,175.01,172.5,175.01,32729,3362377,585223802.8
2026-07-13,BOVA11,175.03,175.13,172.25,172.25,31551,2181020,378356608.12
2026-07-14,BOVA11,173.3,174.05,172.72,173.6,27307,2517042,436250340.42
2026-07-15,BOVA11,173.52,173.52,172.29,172.76,21764,1766268,305520690.92
2026-07-16,BOVA11,172.19,172.41,170.6,170.77,22776,2192016,375324800.13
2026-07-17,BOVA11,170.71,171.52,170.26,170.63,15863,3259216,556174834.65
2026-07-20,BOVA11,170.7,171.4,170.16,170.3,21241,2648578,452330119.24
2026-07-21,BOVA11,170.48,170.76,169.25,170.34,16551,2455014,417610999.99
2026-07-22,BOVA11,171.35,174.7,171.23,174.7,35537,3785805,658088342.0
2026-07-23,BOVA11,174.02,174.85,173.15,173.45,44086,3274229,568346699.75
2026-07-24,BOVA11,172.13,172.5,170.95,170.95,26475,2063308,353986005.47
2026-07-27,BOVA11,171.26,172.75,171.09,172.75,58204,2329673,400901889.77
2026-07-28,BOVA11,175.34,175.56,173.33,173.74,39169,1759430,305968152.85
2026-07-29,BOVA11,173.43,173.5,170.55,170.55,27097,3043225,522273173.92
2026-07-30,BOVA11,171.45,174.31,171.21,174.31,29153,2575160,446047085.61
2026-07-31,BOVA11,175.09,175.69,174.48,175.02,13822,1733689,303702758.15
2026-08-03,BOVA11,175.53,175.67,173.78,174.9,11300,1426378,248974702.02
2026-08-04,BOVA11,177.2,177.75,174.46,174.85,33306,2801983,491145102.66
2026-08-05,BOVA11,175.53,177.21,174.59,174.7,20279,2469125,432957637.23
2026-08-06,BOVA11,173.5,174.63,172.04,172.04,34749,3363032,582895833.38
2026-08-07,BOVA11,172.82,173.13,169.15,169.37,22082,4045013,686698726.44
2026-08-10,BOVA11,169.54,170.11,168.63,169.27,24673,5195835,879826181.49
2026-08-11,BOVA11,169.41,169.41,164.69,165.05,48371,7129443,1180082049.07
2026-08-12,BOVA11,165.27,165.6,164.34,164.67,23984,2519475,415696249.74
2026-08-13,BOVA11,164.4,165.72,163.43,164.15,27465,1300969,214027265.91
2026-08-14,BOVA11,163.73,164.14,162.07,163.9,44978,3342021,544696664.27
2026-08-17,BOVA11,164.11,165.19,163.64,163.8,34649,2971451,487599009.56
2026-08-18,BOVA11,164.05,165.62,163.44,163.55,41047,2455703,403100032.38
2026-08-19,BOVA11,166.22,167.59,164.68,165.0,47940,3865016,640820014.74
2026-08-20,BOVA11,164.3,166.99,164.14,165.0,72817,5532280,914044615.1
2021-08-20,HAPV3,14.7,15.71,14.7,15.53,29210,19646000,302596839.0
2021-08-23,HAPV3,15.42,15.42,15.06,15.2,37967,14336100,218602341.0
2021-08-24,HAPV3,15.42,15.52,15.13,15.28,28640,9739100,148874986.0
2021-08-25,HAPV3,15.21,15.3,14.92,15.28,30727,15732200,237732927.0
2021-08-26,HAPV3,15.22,15.25,14.88,14.96,16507,11982100,179639352.0
2021-08-27,HAPV3,14.95,15.01,14.73,14.85,27655,15053000,223472371.0
2021-08-30,HAPV3,14.82,14.97,14.74,14.81,20085,10881500,161250234.0
2021-08-31,HAPV3,14.87,15.02,14.6,14.72,30958,21850000,321890482.0
2021-09-01,HAPV3,14.9,14.97,14.57,14.92,24580,26778900,394990296.0
2021-09-02,HAPV3,14.77,14.86,14.5,14.71,38115,9620200,140961850.0
2021-09-03,HAPV3,14.79,14.97,14.57,14.89,23310,11371600,168216695.0
2021-09-06,HAPV3,14.86,15.28,14.78,15.16,11504,4334800,65699064.0
2021-09-08,HAPV3,15.06,15.13,14.43,14.57,25531,9112300,133340504.0
2021-09-09,HAPV3,14.48,15.14,14.3,14.86,31264,9648900,140890811.0
2021-09-10,HAPV3,14.86,15.12,14.66,14.66,27813,10740500,159948139.0
2021-09-13,HAPV3,14.85,15.44,14.8,15.18,19664,9036300,137570205.0
2021-09-14,HAPV3,15.16,15.43,15.07,15.23,21519,7844700,119873996.0
2021-09-15,HAPV3,15.38,15.39,14.96,15.38,16429,8307300,126964893.0
2021-09-16,HAPV3,15.3,15.48,15.16,15.28,16471,10456600,160036449.0
2021-09-17,HAPV3,15.26,15.28,14.8,15.25,15924,13395500,202548238.0
2021-09-20,HAPV3,15.15,15.29,14.77,14.88,26656,10815100,161602457.0
2021-09-21,HAPV3,14.9,15.42,14.85,15.18,18930,9681000,147101005.0
2021-09-22,HAPV3,15.3,15.36,14.51,14.59,32715,20345600,302357621.0
2021-09-23,HAPV3,14.55,14.9,14.39,14.89,29604,16115300,237805116.0
2021-09-24,HAPV3,14.96,15.1,14.43,14.74,18428,9510200,140023141.0
2021-09-27,HAPV3,14.66,14.66,14.18,14.47,25285,10627100,152773996.0
2021-09-28,HAPV3,14.1,14.3,13.37,13.63,42052,20825300,284673605.0
2021-09-29,HAPV3,13.63,13.81,13.4,13.6,30135,13669800,185646174.0
2021-09-30,HAPV3,13.68,13.88,13.44,13.59,34831,20609500,279869875.0
2021-10-01,HAPV3,13.53,13.94,13.34,13.44,16571,15608900,212309320.0
2021-10-04,HAPV3,13.39,13.42,12.69,12.82,61385,39426700,508388309.0
2021-10-05,HAPV3,12.8,13.09,12.64,12.83,32630,21230100,273791772.0
2021-10-06,HAPV3,12.65,12.81,12.34,12.59,38083,18724800,234598779.0
2021-10-07,HAPV3,12.55,12.69,12.17,12.5,32167,23887400,296304953.0
2021-10-08,HAPV3,12.69,13.05,12.61,12.87,31057,24575200,316247812.0
2021-10-11,HAPV3,12.77,13.13,12.5,12.89,31274,21071900,271952616.0
2021-10-13,HAPV3,12.95,13.29,12.85,12.91,32886,14030400,182739155.0
2021-10-14,HAPV3,12.88,13.05,12.62,12.73,31464,17575900,224427425.0
2021-10-15,HAPV3,12.73,13.07,12.57,13.01,28364,16461500,212010451.0
2021-10-18,HAPV3,13.05,13.05,12.53,12.6,40450,27934400,356026161.0
2021-10-19,HAPV3,12.5,12.51,11.95,12.08,39173,25974200,316375147.0
2021-10-20,HAPV3,12.13,12.27,11.66,11.71,32157,34342100,408809358.0
2021-10-21,HAPV3,11.56,11.85,11.28,11.61,38314,24211300,280925901.0
2021-10-22,HAPV3,11.26,11.99,10.94,11.61,51493,32310800,368017981.0
2021-10-25,HAPV3,11.57,11.99,11.36,11.85,28560,16072700,190119591.0
2021-10-26,HAPV3,11.52,11.61,11.33,11.53,34952,28204000,323915503.0
2021-10-27,HAPV3,11.57,11.91,11.52,11.87,21967,19807500,234651619.0
2021-10-28,HAPV3,11.75,11.98,11.59,11.73,21954,17240900,202724970.0
2021-10-29,HAPV3,11.78,11.88,11.38,11.54,23806,18389000,212294182.0
2021-11-01,HAPV3,11.75,11.88,11.49,11.77,16913,12895100,151250900.0
2021-11-03,HAPV3,11.33,12.46,11.33,12.38,32633,26262300,318482006.0
2021-11-04,HAPV3,12.28,12.54,12.06,12.26,36666,19693600,241716780.0
2021-11-05,HAPV3,12.25,12.77,12.25,12.75,32377,16123700,203823228.0
2021-11-08,HAPV3,12.5,12.95,12.5,12.76,26218,12316300,157063158.0
2021-11-09,HAPV3,12.76,13.61,12.68,13.28,36471,19195300,256099197.0
2021-11-10,HAPV3,13.47,13.71,13.25,13.3,24105,22075000,298470022.0
2021-11-11,HAPV3,13.3,13.92,12.86,13.74,22240,15372900,208880313.0
2021-11-12,HAPV3,13.81,13.89,13.13,13.2,32514,20987100,279516237.0
2021-11-16,HAPV3,13.17,13.33,12.66,12.86,20796,12147200,156133244.0
2021-11-17,HAPV3,13.13,13.17,12.45,12.59,26888,19414200,246485937.0
2021-11-18,HAPV3,12.57,13.19,12.56,13.06,22044,14085300,183187020.0
2021-11-19,HAPV3,13.1,13.62,13.02,13.19,26663,19941200,265373332.0
2021-11-22,HAPV3,13.27,13.27,12.73,12.77,22737,12573200,162033990.0
2021-11-23,HAPV3,12.84,12.91,12.44,12.84,24017,12071600,153114883.0
2021-11-24,HAPV3,12.67,12.93,12.46,12.53,20674,12820800,162299592.0
2021-11-25,HAPV3,12.53,12.64,12.09,12.27,24206,15879000,194993971.0
2021-11-26,HAPV3,12.01,12.32,11.62,11.66,26040,17279000,204352933.0
2021-11-29,HAPV3,11.78,11.99,11.41,11.41,26839,13581500,157110440.0
2021-11-30,HAPV3,11.39,11.44,10.53,10.91,29393,28776700,312476703.0
2021-12-01,HAPV3,10.94,11.07,10.29,10.33,30835,17676700,186092392.0
2021-12-02,HAPV3,10.38,11.02,10.38,11.02,25449,18628300,199814017.0
2021-12-03,HAPV3,10.89,11.64,10.89,11.43,32793,23596200,269588649.0
2021-12-06,HAPV3,11.47,11.55,11.23,11.23,23870,16124900,182930798.0
2021-12-07,HAPV3,11.37,11.4,11.02,11.18,14686,17587100,196107105.0
2021-12-08,HAPV3,11.26,11.5,11.16,11.32,16272,13132400,149444773.0
2021-12-09,HAPV3,11.32,11.47,11.04,11.21,19004,17307700,195380906.0
2021-12-10,HAPV3,11.46,11.46,11.2,11.2,22927,10456300,118002795.0
2021-12-13,HAPV3,11.32,11.96,11.22,11.55,34194,41140600,480347065.0
2021-12-14,HAPV3,11.6,11.79,11.17,11.31,17116,11078900,126187851.0
2021-12-15,HAPV3,11.34,11.48,10.99,11.36,16422,12241300,137778976.0
2021-12-16,HAPV3,12.4,12.7,11.48,11.54,57309,55600100,657196991.0
2021-12-17,HAPV3,11.35,11.48,11.07,11.37,23887,19936100,226591006.0
2021-12-20,HAPV3,11.21,11.34,10.97,11.25,20460,17320700,193425438.0
2021-12-21,HAPV3,11.31,11.56,11.2,11.42,16581,20939500,239079235.0
2021-12-22,HAPV3,11.49,11.55,10.99,11.05,22188,16710400,185538701.0
2021-12-23,HAPV3,11.12,11.12,10.59,10.59,25632,16040400,171817112.0
2021-12-27,HAPV3,10.56,10.79,10.47,10.59,17112,9660100,102344656.0
2021-12-28,HAPV3,10.61,10.62,10.09,10.31,28823,17770600,182198145.0
2021-12-29,HAPV3,10.31,10.36,9.97,10.09,23073,16961200,171358754.0
2021-12-30,HAPV3,10.2,10.39,10.06,10.38,19261,15551500,160323863.0
2022-01-03,HAPV3,10.38,10.45,9.9,10.05,32279,18142700,183813829.0
2022-01-04,HAPV3,10.07,10.27,9.8,9.91,35067,22340100,222443893.0
2022-01-05,HAPV3,9.86,9.98,9.36,9.36,32759,33701400,325129161.0
2022-01-06,HAPV3,9.45,9.92,9.33,9.71,39058,21871200,211597511.0
2022-01-07,HAPV3,9.61,10.23,9.55,9.92,34160,23863600,239182203.0
2022-01-10,HAPV3,9.89,9.9,9.31,9.4,34863,26746300,254941424.0
2022-01-11,HAPV3,9.32,10.09,9.3,9.96,38365,31431700,309260891.0
2022-01-12,HAPV3,9.9,10.62,9.83,10.4,46817,34694500,361089862.0
2022-01-13,HAPV3,10.32,10.4,10.01,10.17,19705,14289500,145766439.0
2022-01-14,HAPV3,10.11,10.43,9.88,10.31,17092,14620200,148926786.0
2022-01-17,HAPV3,10.31,10.77,10.1,10.5,37117,23427000,247001732.0
2022-01-18,HAPV3,10.44,10.71,10.32,10.52,28609,21314300,224791121.0
2022-01-19,HAPV3,10.59,11.04,10.53,10.92,28125,21517300,232412936.0
2022-01-20,HAPV3,10.95,11.42,10.82,11.2,33550,21128500,238081145.0
2022-01-21,HAPV3,11.36,11.83,11.18,11.62,47503,32683200,378830458.0
2022-01-24,HAPV3,11.8,11.94,11.24,11.34,45590,32084800,370259433.0
2022-01-25,HAPV3,11.26,12.18,11.22,12.02,40859,21961700,257809068.0
2022-01-26,HAPV3,12.2,12.72,12.07,12.55,64129,56179700,701961463.0
2022-01-27,HAPV3,12.64,12.64,11.71,12.12,68052,67746000,814047684.0
2022-01-28,HAPV3,12.12,12.52,12.03,12.4,73352,57632200,709063724.0
2022-01-31,HAPV3,12.38,12.74,12.3,12.66,45443,37794000,474666045.0
2022-02-01,HAPV3,12.59,12.78,12.28,12.48,42345,23904600,298029173.0
2022-02-02,HAPV3,12.48,12.67,12.41,12.49,70999,34546900,433480946.0
2022-02-03,HAPV3,12.5,12.77,12.29,12.61,33610,29204300,366263565.0
2022-02-04,HAPV3,12.71,12.71,12.25,12.43,45130,24464300,304189766.0
2022-02-07,HAPV3,11.94,12.02,11.42,11.85,65531,66626000,785137721.0
2022-02-08,HAPV3,11.85,11.86,11.32,11.38,48304,36099900,415874952.0
2022-02-09,HAPV3,11.38,11.8,11.38,11.56,32984,28264900,327959619.0
2022-02-10,HAPV3,11.56,11.81,11.23,11.72,38626,31003100,361351661.0
2022-02-11,HAPV3,11.79,12.19,11.61,11.9,55340,163987600,1951141750.0
2022-02-14,HAPV3,12.17,12.19,11.71,12.19,58342,40925300,490524822.0
2022-02-15,HAPV3,12.17,12.79,12.11,12.77,54257,52223100,655529463.0
2022-02-16,HAPV3,12.78,13.1,12.56,12.72,54672,40563800,516949988.0
2022-02-17,HAPV3,12.72,12.79,12.49,12.63,32902,25381300,321074954.0
2022-02-18,HAPV3,12.69,12.72,12.1,12.2,43052,45166500,557813609.0
2022-02-21,HAPV3,12.11,12.29,11.88,12.0,31171,25704700,309934437.0
2022-02-22,HAPV3,12.13,12.5,11.99,12.41,35928,54302300,669857969.0
2022-02-23,HAPV3,12.3,12.55,12.1,12.1,38431,27565700,338818282.0
2022-02-24,HAPV3,11.5,12.22,11.28,12.05,68358,54335700,638831260.0
2022-02-25,HAPV3,11.88,12.14,11.82,12.13,57807,72652000,874394085.0
2022-03-02,HAPV3,12.2,13.0,12.16,12.65,12341,56132200,712370015.0
2022-03-03,HAPV3,12.64,12.75,12.21,12.29,39343,32795900,407788847.0
2022-03-04,HAPV3,12.36,12.4,11.85,11.98,31293,20570100,246482123.0
2022-03-07,HAPV3,11.52,12.14,11.46,11.81,44472,46343800,550574886.0
2022-03-08,HAPV3,11.45,12.04,11.35,11.74,49862,25586400,299208564.0
2022-03-09,HAPV3,11.86,12.42,11.79,12.23,55571,30820900,377006367.0
2022-03-10,HAPV3,11.95,12.11,11.79,11.96,46843,16212300,193150489.0
2022-03-11,HAPV3,11.96,12.09,11.43,11.48,38333,24733900,288755165.0
2022-03-14,HAPV3,11.53,11.59,11.2,11.32,36952,30927500,351059602.0
2022-03-15,HAPV3,11.31,11.53,11.18,11.27,45643,24592900,278577888.0
2022-03-16,HAPV3,11.26,12.02,11.26,12.02,38534,39173800,461831462.0
2022-03-17,HAPV3,12.01,12.07,11.75,11.87,33044,37363900,443867735.0
2022-03-18,HAPV3,11.87,12.04,11.65,11.9,47880,37409500,444862508.0
2022-03-21,HAPV3,11.78,11.9,11.48,11.71,41275,24503000,287058440.0
2022-03-22,HAPV3,11.89,12.17,11.78,11.9,76030,32493900,387485280.0
2022-03-23,HAPV3,11.96,12.05,11.44,11.98,37409,19493000,231077937.0
2022-03-24,HAPV3,11.42,11.63,11.05,11.37,91533,90268200,1023698030.0
2022-03-25,HAPV3,11.44,12.39,11.37,11.86,61365,57817100,693621027.0
2022-03-28,HAPV3,11.88,11.94,11.44,11.69,37444,23698200,276473854.0
2022-03-29,HAPV3,12.12,12.29,11.82,12.2,39293,47515900,571692534.0
2022-03-30,HAPV3,12.13,12.34,11.82,12.02,43512,34168900,410621506.0
2022-03-31,HAPV3,12.15,12.24,11.75,11.84,37552,34511400,411902172.0
2022-04-01,HAPV3,11.91,12.57,11.74,12.35,55788,59740200,737926759.0
2022-04-04,HAPV3,12.36,12.5,12.25,12.33,35077,21712100,268541092.0
2022-04-05,HAPV3,12.38,12.57,12.0,12.05,30054,25324400,309004212.0
2022-04-06,HAPV3,11.99,12.0,11.29,11.46,71246,44967900,517177110.0
2022-04-07,HAPV3,11.3,11.54,11.06,11.09,42251,45928900,515942723.0
2022-04-08,HAPV3,11.05,11.24,10.59,11.01,57222,38106200,420349908.0
2022-04-11,HAPV3,10.69,10.94,10.69,10.71,29873,20813000,224411565.0
2022-04-12,HAPV3,10.92,11.07,10.55,10.64,23040,21297200,228835506.0
2022-04-13,HAPV3,10.51,10.71,10.31,10.42,34900,38958500,406949932.0
2022-04-14,HAPV3,10.4,10.53,10.28,10.4,23189,21232500,221369226.0
2022-04-18,HAPV3,10.35,10.49,10.2,10.38,21927,25525700,264959158.0
2022-04-19,HAPV3,10.21,10.7,10.17,10.6,33605,21445800,226586460.0
2022-04-20,HAPV3,10.58,10.73,10.45,10.5,31387,38065200,402269848.0
2022-04-22,HAPV3,10.26,10.42,9.99,10.13,38523,26518300,269430557.0
2022-04-25,HAPV3,10.07,10.52,10.05,10.16,39488,27151100,279429600.0
2022-04-26,HAPV3,9.79,10.06,9.7,9.93,54016,57047900,564682593.0
2022-04-27,HAPV3,9.88,10.18,9.27,9.35,61814,91903900,879272528.0
2022-04-28,HAPV3,9.34,9.5,8.99,9.18,47156,48958000,450223743.0
2022-04-29,HAPV3,9.26,9.42,8.77,8.77,47481,47950100,430643003.0
2022-05-02,HAPV3,8.76,8.99,8.61,8.81,43394,32882700,289457877.0
2022-05-03,HAPV3,8.72,9.03,8.66,8.84,33636,42564300,377953817.0
2022-05-04,HAPV3,8.8,8.9,8.25,8.83,45821,57919100,492984924.0
2022-05-05,HAPV3,8.48,8.58,8.03,8.15,48255,51419200,423711608.0
2022-05-06,HAPV3,8.0,8.36,7.85,8.29,78881,51349400,418741086.0
2022-05-09,HAPV3,8.09,8.31,8.05,8.12,56677,28797800,235357412.0
2022-05-10,HAPV3,8.11,8.27,7.82,8.04,80913,45188500,360957287.0
2022-05-11,HAPV3,8.04,8.05,7.55,7.56,70242,62534900,487416209.0
2022-05-12,HAPV3,7.48,7.87,7.35,7.72,36118,37233500,285766851.0
2022-05-13,HAPV3,7.71,8.11,7.71,8.02,35357,41058900,327521812.0
2022-05-16,HAPV3,8.05,8.08,7.77,7.84,21945,26660400,210630907.0
2022-05-17,HAPV3,6.95,7.06,6.35,6.52,19583,241430800,1598294680.0
2022-05-18,HAPV3,6.58,7.13,6.51,6.81,84579,162117600,1110902604.0
2022-05-19,HAPV3,6.85,6.9,6.46,6.53,44591,57837200,380177120.0
2022-05-20,HAPV3,6.61,6.72,6.52,6.63,39023,52713900,348723822.0
2022-05-23,HAPV3,6.68,6.79,6.49,6.69,81158,34374400,230129726.0
2022-05-24,HAPV3,6.61,6.79,6.52,6.72,94625,57812700,384426187.0
2022-05-25,HAPV3,6.65,6.94,6.59,6.71,30721,54595000,369168782.0
2022-05-26,HAPV3,6.71,7.24,6.67,7.06,47982,77956800,550774686.0
2022-05-27,HAPV3,7.1,7.4,7.06,7.15,44615,65648000,474114872.0
2022-05-30,HAPV3,7.19,7.33,6.88,6.97,31096,25340100,177717669.0
2022-05-31,HAPV3,6.98,7.06,6.67,6.72,60120,96745400,658274105.0
2022-06-01,HAPV3,6.75,6.92,6.63,6.64,47143,30986400,208366633.0
2022-06-02,HAPV3,6.74,6.75,6.45,6.61,26807,30218400,199467088.0
2022-06-03,HAPV3,6.59,6.62,6.26,6.34,33253,41507000,264558972.0
2022-06-06,HAPV3,6.35,6.42,5.89,5.95,39393,53979600,325406687.0
2022-06-07,HAPV3,5.91,5.99,5.74,5.87,49802,39389000,230630209.0
2022-06-08,HAPV3,5.81,6.21,5.77,6.05,36934,71940900,438436935.0
2022-06-09,HAPV3,6.08,6.36,5.88,6.23,39142,58086300,360339295.0
2022-06-10,HAPV3,6.13,6.23,5.94,6.01,41402,47313000,287918057.0
2022-06-13,HAPV3,5.88,5.88,5.54,5.63,34033,38081100,216637009.0
2022-06-14,HAPV3,5.63,5.77,5.56,5.7,50119,44370700,251719829.0
2022-06-15,HAPV3,5.8,6.23,5.7,5.96,43231,56999500,337340339.0
2022-06-17,HAPV3,5.85,6.18,5.75,6.15,67954,78956100,491867090.0
2022-06-20,HAPV3,6.12,6.18,5.85,5.85,29035,32097900,191696282.0
2022-06-21,HAPV3,5.88,5.96,5.65,5.72,31795,39927200,229626743.0
2022-06-22,HAPV3,5.7,5.72,5.51,5.54,27405,51862600,289802866.0
2022-06-23,HAPV3,5.54,5.6,5.42,5.49,45422,64980400,356885403.0
2022-06-24,HAPV3,5.56,5.69,5.42,5.56,39226,38736900,215911968.0
2022-06-27,HAPV3,5.56,5.62,5.34,5.54,33195,82086300,451718150.0
2022-06-28,HAPV3,5.56,5.65,5.19,5.22,49548,67808700,360251137.0
2022-06-29,HAPV3,5.24,5.32,5.01,5.27,44276,52181200,269432469.0
2022-06-30,HAPV3,5.13,5.71,5.11,5.47,49195,76363500,417410335.0
2022-07-01,HAPV3,5.42,5.66,5.35,5.62,64380,58381400,324506673.0
2022-07-04,HAPV3,5.6,6.13,5.52,6.04,38511,49981400,299864671.0
2022-07-05,HAPV3,6.02,6.27,5.87,6.21,50244,76357100,462672738.0
2022-07-06,HAPV3,6.2,6.65,6.13,6.31,44921,59389800,377898439.0
2022-07-07,HAPV3,6.41,6.79,6.23,6.63,59544,60858400,400795766.0
2022-07-08,HAPV3,6.64,6.76,6.21,6.34,39693,40680200,262045230.0
2022-07-11,HAPV3,6.23,6.58,6.01,6.31,37399,44924200,284090365.0
2022-07-12,HAPV3,6.24,6.69,6.18,6.49,64084,51822100,338280805.0
2022-07-13,HAPV3,6.4,6.55,6.18,6.37,47547,45146500,288582611.0
2022-07-14,HAPV3,6.29,6.35,5.96,6.13,40601,62824200,383311886.0
2022-07-15,HAPV3,6.15,6.21,5.76,5.81,49275,58691500,348621661.0
2022-07-18,HAPV3,5.77,5.97,5.54,5.69,34639,44034300,252259464.0
2022-07-19,HAPV3,5.75,5.81,5.54,5.75,38689,33318000,189207603.0
2022-07-20,HAPV3,5.7,6.1,5.61,6.06,26594,41767800,248411590.0
2022-07-21,HAPV3,6.05,6.2,5.99,6.09,35084,33642800,204582779.0
2022-07-22,HAPV3,6.13,6.14,5.89,5.95,16864,22457100,134316395.0
2022-07-25,HAPV3,6.0,6.03,5.78,5.8,17980,25022000,146825295.0
2022-07-26,HAPV3,5.78,5.84,5.33,5.5,35292,68991300,380226393.0
2022-07-27,HAPV3,5.59,5.88,5.53,5.86,19732,28477400,163178883.0
2022-07-28,HAPV3,5.8,6.21,5.75,6.13,26096,33735800,202240830.0
2022-07-29,HAPV3,6.19,6.32,6.0,6.16,22953,57276300,352150800.0
2022-08-01,HAPV3,6.1,6.43,5.99,6.12,38981,53021200,328730258.0
2022-08-02,HAPV3,6.1,6.45,6.07,6.44,35935,53025100,334872488.0
2022-08-03,HAPV3,6.44,6.56,6.31,6.54,33010,39782400,256669560.0
2022-08-04,HAPV3,6.51,6.78,6.48,6.6,30871,53795600,358183285.0
2022-08-05,HAPV3,6.56,6.64,6.33,6.45,28310,39651300,256532422.0
2022-08-08,HAPV3,6.48,7.1,6.46,6.83,38302,55387800,380997340.0
2022-08-09,HAPV3,6.88,6.92,6.28,6.48,44036,40684400,262731214.0
2022-08-10,HAPV3,6.75,7.14,6.75,6.85,40217,50815600,351909403.0
2022-08-11,HAPV3,6.93,7.04,6.43,6.6,40727,55666700,369893430.0
2022-08-12,HAPV3,7.33,7.8,7.23,7.72,10995,125180200,953248139.0
2022-08-15,HAPV3,7.55,8.07,7.53,7.98,79980,86403200,683679644.0
2022-08-16,HAPV3,8.0,8.03,7.6,7.84,42282,46812300,365073391.0
2022-08-17,HAPV3,7.73,7.93,7.39,7.61,58384,65404700,500348243.0
2022-08-18,HAPV3,7.56,8.04,7.52,7.94,46837,65944600,516501512.0
2022-08-19,HAPV3,7.86,7.87,7.48,7.66,48968,46662300,354681869.0
2022-08-22,HAPV3,7.46,7.66,7.19,7.31,31618,42101800,310529532.0
2022-08-23,HAPV3,7.33,7.66,7.23,7.4,48556,60674500,451090811.0
2022-08-24,HAPV3,7.31,7.89,7.28,7.79,26673,39524400,303791713.0
2022-08-25,HAPV3,7.85,8.16,7.76,8.07,65433,92781400,746895760.0
2022-08-26,HAPV3,8.16,8.33,7.82,8.06,56199,72327200,583082728.0
2022-08-29,HAPV3,8.0,8.0,7.67,7.67,29800,65114500,504891348.0
2022-08-30,HAPV3,7.73,7.8,7.47,7.55,27037,49085000,372353585.0
2022-08-31,HAPV3,7.65,7.65,7.23,7.28,80739,71368800,522524412.0
2022-09-01,HAPV3,7.31,7.63,7.14,7.51,57074,87549200,647819548.0
2022-09-02,HAPV3,7.66,7.96,7.64,7.86,33092,56870500,445754168.0
2022-09-05,HAPV3,8.16,8.23,7.77,7.84,24550,38053500,304175410.0
2022-09-06,HAPV3,7.79,7.94,7.63,7.81,34113,53091700,413400388.0
2022-09-08,HAPV3,7.78,8.03,7.69,7.95,41053,32227400,253751487.0
2022-09-09,HAPV3,8.05,8.32,8.03,8.13,40010,60507800,495721658.0
2022-09-12,HAPV3,8.16,8.65,8.16,8.35,44410,76362000,644216383.0
2022-09-13,HAPV3,8.12,8.12,7.68,7.79,42479,57118000,449258845.0
2022-09-14,HAPV3,7.69,7.92,7.63,7.83,16410,23304100,182364073.0
2022-09-15,HAPV3,7.8,7.87,7.51,7.68,25607,47522300,365466560.0
2022-09-16,HAPV3,7.62,7.69,7.36,7.45,49221,66022400,491632643.0
2022-09-19,HAPV3,7.41,7.87,7.24,7.78,51328,58137500,446581305.0
2022-09-20,HAPV3,7.78,7.99,7.77,7.89,30835,35737800,281764780.0
2022-09-21,HAPV3,7.9,8.22,7.9,8.11,36358,62149300,502765109.0
2022-09-22,HAPV3,8.15,8.48,8.03,8.32,46874,90439100,745926413.0
2022-09-23,HAPV3,8.09,8.33,7.98,8.2,28250,40833900,331614055.0
2022-09-26,HAPV3,8.2,8.39,7.85,7.9,37051,59322200,477949829.0
2022-09-27,HAPV3,8.05,8.25,7.76,7.94,34631,52496500,418775856.0
2022-09-28,HAPV3,8.0,8.14,7.71,7.75,34660,61642800,488736045.0
2022-09-29,HAPV3,7.69,7.73,7.28,7.48,62956,62832700,468042328.0
2022-09-30,HAPV3,7.42,7.67,7.34,7.57,29121,56476800,423559316.0
2022-10-03,HAPV3,7.94,8.17,7.77,8.04,69817,60916400,488387137.0
2022-10-04,HAPV3,8.29,8.48,8.16,8.27,56006,50342300,418669639.0
2022-10-05,HAPV3,8.34,8.37,7.92,8.14,58027,50515300,408214003.0
2022-10-06,HAPV3,8.25,8.4,8.05,8.1,30686,31246200,255320314.0
2022-10-07,HAPV3,7.99,8.06,7.63,7.72,32055,42250800,327236808.0
2022-10-10,HAPV3,7.76,7.98,7.66,7.79,30682,25830200,200393193.0
2022-10-11,HAPV3,7.76,7.9,7.43,7.47,86848,57036500,429708837.0
2022-10-13,HAPV3,7.39,7.58,7.17,7.46,57739,52546100,389782145.0
2022-10-14,HAPV3,7.46,7.53,7.03,7.06,29991,44481000,320051608.0
2022-10-17,HAPV3,7.15,7.4,7.06,7.21,41374,38399400,278216345.0
2022-10-18,HAPV3,7.48,7.64,7.28,7.59,41553,53374700,400960778.0
2022-10-19,HAPV3,7.5,7.53,7.31,7.36,58953,49327900,364736139.0
2022-10-20,HAPV3,7.45,7.46,7.21,7.41,56586,56634200,416523355.0
2022-10-21,HAPV3,7.36,7.51,7.06,7.45,75143,99904800,726382507.0
2022-10-24,HAPV3,7.35,7.43,7.17,7.21,34726,37031300,269191734.0
2022-10-25,HAPV3,7.28,7.28,6.89,7.0,47798,72938300,514789150.0
2022-10-26,HAPV3,6.93,6.97,6.63,6.75,51590,75329300,513295113.0
2022-10-27,HAPV3,6.82,7.38,6.8,7.03,38630,41970200,295517613.0
2022-10-28,HAPV3,6.98,7.25,6.9,7.19,53045,44713000,319273186.0
2022-10-31,HAPV3,7.24,7.85,7.06,7.8,68126,71769900,549058462.0
2022-11-01,HAPV3,7.64,7.98,7.51,7.83,58935,37380900,290043428.0
2022-11-03,HAPV3,7.59,8.1,7.59,7.85,33957,34650800,274372224.0
2022-11-04,HAPV3,8.01,8.11,7.78,7.91,43281,49171400,389817185.0
2022-11-07,HAPV3,7.91,8.02,7.52,7.59,42051,35322800,270857787.0
2022-11-08,HAPV3,7.52,7.73,7.44,7.58,48211,37372200,283584231.0
2022-11-09,HAPV3,7.5,7.58,7.3,7.39,40002,32630600,241171751.0
2022-11-10,HAPV3,6.65,7.1,6.22,6.38,17659,178557800,1181407738.0
2022-11-11,HAPV3,6.22,6.56,6.09,6.29,93285,89320900,567469731.0
2022-11-14,HAPV3,6.38,6.58,6.24,6.4,62689,57800700,370565256.0
2022-11-16,HAPV3,6.3,6.39,5.59,5.7,81211,117770200,688060804.0
2022-11-17,HAPV3,5.58,5.62,5.27,5.5,87037,117430700,642629597.0
2022-11-18,HAPV3,5.63,5.97,5.55,5.68,59779,83221900,477124386.0
2022-11-21,HAPV3,5.82,5.9,5.49,5.6,39799,52842400,296618904.0
2022-11-22,HAPV3,5.55,5.66,5.23,5.4,42318,93581000,505415202.0
2022-11-23,HAPV3,5.36,5.38,5.17,5.33,61164,106128200,559036352.0
2022-11-24,HAPV3,5.4,5.6,5.37,5.59,24449,37694800,207201168.0
2022-11-25,HAPV3,5.56,5.63,5.24,5.3,34793,50584400,273421671.0
2022-11-28,HAPV3,5.32,5.4,5.11,5.14,35179,52438500,272938039.0
2022-11-29,HAPV3,5.14,5.27,5.02,5.19,51399,68058400,352614799.0
2022-11-30,HAPV3,5.2,5.33,4.89,5.2,50411,106634500,546345637.0
2022-12-01,HAPV3,5.19,5.19,4.9,4.91,53242,81251700,404970709.0
2022-12-02,HAPV3,4.98,5.35,4.89,5.23,40062,60440700,315209412.0
2022-12-05,HAPV3,5.19,5.19,4.93,4.99,33686,35894800,179769596.0
2022-12-06,HAPV3,5.05,5.06,4.85,5.03,36876,39117000,193811029.0
2022-12-07,HAPV3,5.01,5.29,4.98,5.12,45332,70985500,366320591.0
2022-12-08,HAPV3,4.98,5.03,4.88,4.98,34266,53154700,262866608.0
2022-12-09,HAPV3,5.0,5.01,4.73,4.73,28421,34034300,164364947.0
2022-12-12,HAPV3,4.68,4.78,4.45,4.52,44890,53639000,243006731.0
2022-12-13,HAPV3,4.55,4.74,4.37,4.39,74481,57992700,262252196.0
2022-12-14,HAPV3,4.35,4.58,4.21,4.54,57819,73845600,326822638.0
2022-12-15,HAPV3,4.44,4.69,4.42,4.63,41184,50474400,232667859.0
2022-12-16,HAPV3,4.63,4.68,4.49,4.59,36060,44880500,205757424.0
2022-12-19,HAPV3,4.6,4.68,4.46,4.59,26072,43786000,201191715.0
2022-12-20,HAPV3,4.52,5.0,4.48,4.9,37017,57220900,278256620.0
2022-12-21,HAPV3,4.9,5.21,4.84,5.12,45948,66339100,336753452.0
2022-12-22,HAPV3,5.03,5.34,5.03,5.09,31936,45716200,235227784.0
2022-12-23,HAPV3,5.11,5.4,5.11,5.28,24921,34904400,184154686.0
2022-12-26,HAPV3,5.15,5.24,5.1,5.18,16103,11137300,57674612.0
2022-12-27,HAPV3,5.2,5.22,4.95,5.01,34262,31252700,156668832.0
2022-12-28,HAPV3,5.04,5.27,5.04,5.22,24108,26046100,134898172.0
2022-12-29,HAPV3,5.3,5.32,5.08,5.08,23050,45331000,233786709.0
2023-01-02,HAPV3,4.96,5.0,4.63,4.64,31718,22269600,104479670.0
2023-01-03,HAPV3,4.67,4.8,4.5,4.51,80780,51774300,241234618.0
2023-01-04,HAPV3,4.57,4.65,4.46,4.58,89124,59627400,272644571.0
2023-01-05,HAPV3,4.63,4.78,4.47,4.77,54932,46150400,214932667.0
2023-01-06,HAPV3,4.61,4.79,4.54,4.72,46991,69814800,325264870.0
2023-01-09,HAPV3,4.69,4.7,4.14,4.2,39076,172033100,747976496.0
2023-01-10,HAPV3,4.2,4.39,4.16,4.31,53370,117923700,508326870.0
2023-01-11,HAPV3,4.31,4.66,4.17,4.6,56518,85194100,374937327.0
2023-01-12,HAPV3,4.6,4.69,4.35,4.35,39705,66832100,300073407.0
2023-01-13,HAPV3,4.22,4.29,4.1,4.25,41671,110382300,463655767.0
2023-01-16,HAPV3,4.25,4.32,4.11,4.12,63206,39217900,163594293.0
2023-01-17,HAPV3,4.14,4.26,4.11,4.15,69816,61752700,258427652.0
2023-01-18,HAPV3,4.19,4.29,4.13,4.21,33553,56259000,236309473.0
2023-01-19,HAPV3,4.16,4.4,4.08,4.37,28491,46296600,199967083.0
2023-01-20,HAPV3,4.4,4.44,4.26,4.38,27591,41711100,181610981.0
2023-01-23,HAPV3,4.39,4.49,4.22,4.23,23527,30392300,130308445.0
2023-01-24,HAPV3,4.27,4.58,4.2,4.48,33750,45855200,203433702.0
2023-01-25,HAPV3,4.48,4.65,4.33,4.58,20961,28242500,127381979.0
2023-01-26,HAPV3,4.58,4.68,4.39,4.44,19960,45343800,202589349.0
2023-01-27,HAPV3,4.42,4.72,4.4,4.6,18885,35703300,163765198.0
2023-01-30,HAPV3,4.62,4.75,4.5,4.7,34851,40445300,188848645.0
2023-01-31,HAPV3,4.7,5.23,4.7,5.15,50041,87544600,441067046.0
2023-02-01,HAPV3,5.12,5.24,4.93,5.05,53324,78338700,399021420.0
2023-02-02,HAPV3,5.03,5.22,5.01,5.11,44411,58609900,300485209.0
2023-02-03,HAPV3,5.11,5.12,4.61,4.63,68691,80382600,383329627.0
2023-02-06,HAPV3,4.63,4.77,4.48,4.6,24151,54105700,247512783.0
2023-02-07,HAPV3,4.61,4.8,4.57,4.65,28114,103678900,485765734.0
2023-02-08,HAPV3,4.65,4.72,4.19,4.48,64306,135948800,597447395.0
2023-02-09,HAPV3,4.48,4.8,4.45,4.49,47515,83387900,383766631.0
2023-02-10,HAPV3,4.48,4.8,4.42,4.54,45205,55825600,256747985.0
2023-02-13,HAPV3,4.55,4.7,4.45,4.58,29266,23270500,106756961.0
2023-02-14,HAPV3,4.61,4.71,4.45,4.58,35510,33237200,151705053.0
2023-02-15,HAPV3,4.57,5.04,4.54,4.93,50387,75034300,368979172.0
2023-02-16,HAPV3,4.9,5.17,4.77,5.13,34389,53096300,266594260.0
2023-02-17,HAPV3,5.07,5.13,4.99,5.09,35469,29648700,150665825.0
2023-02-22,HAPV3,4.9,4.98,4.75,4.94,35864,39133400,192028192.0
2023-02-23,HAPV3,4.95,4.97,4.71,4.83,33067,34067400,164082290.0
2023-02-24,HAPV3,4.78,4.85,4.58,4.75,21779,37321600,175696588.0
2023-02-27,HAPV3,4.78,4.83,4.52,4.55,29451,51422400,236865618.0
2023-02-28,HAPV3,4.54,4.78,4.42,4.49,83675,57918800,263863239.0
2023-03-01,HAPV3,3.63,3.69,2.84,3.02,20232,485994800,1502246159.0
2023-03-02,HAPV3,3.12,3.15,2.84,2.92,82490,227342500,679682056.0
2023-03-03,HAPV3,2.91,3.04,2.62,2.68,75069,232305900,643121338.0
2023-03-06,HAPV3,2.8,2.83,2.59,2.72,3275,216781000,587898013.0
2023-03-07,HAPV3,2.74,2.75,2.48,2.68,79263,201959200,524787134.0
2023-03-08,HAPV3,2.73,3.0,2.68,2.92,19865,221521500,641450837.0
2023-03-09,HAPV3,2.63,2.69,1.93,1.94,33383,553080600,1220978561.0
2023-03-10,HAPV3,2.0,2.59,1.97,2.47,79855,371062500,865022777.0
2023-03-13,HAPV3,2.38,2.64,2.33,2.5,48021,104176800,260726338.0
2023-03-14,HAPV3,2.51,2.69,2.38,2.48,49474,99190700,249515601.0
2023-03-15,HAPV3,2.43,2.56,2.35,2.52,46993,70280100,173027479.0
2023-03-16,HAPV3,2.52,2.72,2.45,2.64,40932,101963500,264837240.0
2023-03-17,HAPV3,2.61,2.63,2.29,2.37,44746,131974000,315991609.0
2023-03-20,HAPV3,2.4,2.41,2.07,2.18,55862,118261400,257047875.0
2023-03-21,HAPV3,2.2,2.34,2.19,2.22,31394,67838500,151763037.0
2023-03-22,HAPV3,2.21,2.26,2.14,2.21,30494,62007000,135988139.0
2023-03-23,HAPV3,2.22,2.26,1.98,2.07,28700,70141400,148186687.0
2023-03-24,HAPV3,2.1,2.29,2.03,2.25,37064,93990100,204333873.0
2023-03-27,HAPV3,2.27,2.35,2.19,2.22,96223,57702200,129450002.0
2023-03-28,HAPV3,2.55,2.7,2.5,2.63,72706,173248400,452367022.0
2023-03-29,HAPV3,2.68,2.8,2.56,2.76,84741,134815800,359099762.0
2023-03-30,HAPV3,2.9,3.0,2.75,2.8,66349,173633200,498521000.0
2023-03-31,HAPV3,2.84,2.84,2.57,2.62,58303,113117000,299892031.0
2023-04-03,HAPV3,2.61,2.68,2.36,2.45,79888,119539900,294517227.0
2023-04-04,HAPV3,2.46,2.65,2.42,2.48,53760,71762400,181464884.0
2023-04-05,HAPV3,2.51,2.53,2.3,2.36,51053,63337400,150419922.0
2023-04-06,HAPV3,2.36,2.41,2.22,2.37,32064,84516000,194344454.0
2023-04-10,HAPV3,2.37,2.41,2.31,2.35,13025,31086100,73194606.0
2023-04-11,HAPV3,2.38,2.68,2.38,2.65,39971,101611400,260114145.0
2023-04-12,HAPV3,2.75,2.8,2.6,2.68,77806,138906000,375569474.0
2023-04-13,HAPV3,2.67,2.74,2.54,2.64,59880,127494700,337495538.0
2023-04-14,HAPV3,2.55,2.66,2.47,2.6,34642,117874700,302834213.0
2023-04-17,HAPV3,2.59,2.65,2.49,2.54,26542,145855900,373356157.0
2023-04-18,HAPV3,2.58,2.58,2.4,2.4,34383,106907500,261235572.0
2023-04-19,HAPV3,2.34,2.42,2.25,2.36,61834,107137700,249849176.0
2023-04-20,HAPV3,2.36,2.59,2.34,2.59,57399,129035400,322871833.0
2023-04-24,HAPV3,2.56,2.75,2.53,2.61,34113,138484100,366007662.0
2023-04-25,HAPV3,2.6,2.63,2.49,2.56,25517,63579500,160927986.0
2023-04-26,HAPV3,2.58,2.61,2.46,2.49,25467,38169100,96142471.0
2023-04-27,HAPV3,2.5,2.58,2.44,2.56,28964,89019700,224702492.0
2023-04-28,HAPV3,2.57,2.76,2.53,2.76,35472,113249700,304928081.0
2023-05-02,HAPV3,2.77,2.83,2.67,2.79,38638,88634800,245250251.0
2023-05-03,HAPV3,2.82,2.87,2.75,2.77,44477,90627400,255073044.0
2023-05-04,HAPV3,2.82,2.88,2.7,2.84,38818,78959600,220088858.0
2023-05-05,HAPV3,2.82,2.99,2.73,2.93,33912,103619800,296658132.0
2023-05-08,HAPV3,2.99,3.07,2.9,2.92,38139,66448200,196498047.0
2023-05-09,HAPV3,2.91,2.94,2.81,2.88,26812,127339000,366983876.0
2023-05-10,HAPV3,2.89,3.11,2.87,3.02,35983,156523100,470090157.0
2023-05-11,HAPV3,2.97,3.14,2.92,3.07,72343,111144700,341302768.0
2023-05-12,HAPV3,3.05,3.19,2.95,3.12,47972,99940100,304563951.0
2023-05-15,HAPV3,3.22,3.27,3.08,3.15,41714,127430500,405776989.0
2023-05-16,HAPV3,3.6,3.65,3.36,3.41,77281,254510400,884060953.0
2023-05-17,HAPV3,3.42,3.57,3.34,3.48,49092,132394200,457319986.0
2023-05-18,HAPV3,3.46,3.73,3.43,3.67,82371,157527900,568122359.0
2023-05-19,HAPV3,3.71,3.8,3.58,3.61,62786,148788100,544926211.0
2023-05-22,HAPV3,3.63,3.91,3.61,3.7,50840,126693300,475035189.0
2023-05-23,HAPV3,3.73,3.91,3.61,3.65,40026,110399200,414973131.0
2023-05-24,HAPV3,3.66,3.67,3.48,3.55,15302,128934800,456265531.0
2023-05-25,HAPV3,3.73,3.96,3.73,3.94,69117,154973700,598858764.0
2023-05-26,HAPV3,3.99,4.03,3.81,3.9,55503,85718000,335740301.0
2023-05-29,HAPV3,3.95,3.98,3.88,3.9,25843,47908100,187968799.0
2023-05-30,HAPV3,3.96,4.11,3.88,4.06,44731,107987100,431612711.0
2023-05-31,HAPV3,4.05,4.09,3.91,3.99,30122,103450100,412054554.0
2023-06-01,HAPV3,3.99,4.17,3.93,4.1,74391,99851100,405885128.0
2023-06-02,HAPV3,4.12,4.28,4.05,4.12,49447,86904600,361231249.0
2023-06-05,HAPV3,4.12,4.19,4.08,4.16,32816,40254100,166375412.0
2023-06-06,HAPV3,4.2,4.5,4.17,4.35,87758,128485600,562934727.0
2023-06-07,HAPV3,4.45,4.54,4.23,4.24,65407,104453300,455643151.0
2023-06-09,HAPV3,4.27,4.48,4.21,4.24,72365,104027700,449106356.0
2023-06-12,HAPV3,4.26,4.3,4.1,4.12,63612,91707700,383740951.0
2023-06-13,HAPV3,4.14,4.14,3.94,3.97,67100,86747200,348548089.0
2023-06-14,HAPV3,4.15,4.35,4.07,4.3,59730,140415700,594111352.0
2023-06-15,HAPV3,4.34,4.52,4.31,4.46,69718,100776800,447186518.0
2023-06-16,HAPV3,4.44,4.47,4.29,4.35,56608,134983600,588313942.0
2023-06-19,HAPV3,4.4,4.4,4.23,4.28,23083,41271700,177145739.0
2023-06-20,HAPV3,4.25,4.33,4.15,4.2,9057,100611900,424058366.0
2023-06-21,HAPV3,4.2,4.24,4.08,4.19,67521,89681700,372001967.0
2023-06-22,HAPV3,4.12,4.26,4.01,4.23,67216,70202500,288837024.0
2023-06-23,HAPV3,4.3,4.39,4.26,4.33,32035,56685500,245505794.0
2023-06-26,HAPV3,4.33,4.34,4.06,4.11,42907,78728700,324965713.0
2023-06-27,HAPV3,4.18,4.21,3.98,4.08,94703,79161700,322684842.0
2023-06-28,HAPV3,4.09,4.22,4.08,4.14,86354,64852500,269322187.0
2023-06-29,HAPV3,4.18,4.26,4.14,4.2,54520,55163600,231633992.0
2023-06-30,HAPV3,4.25,4.48,4.23,4.38,44238,97340900,426438235.0
2023-07-03,HAPV3,4.4,4.51,4.3,4.42,22634,51191000,226251113.0
2023-07-04,HAPV3,4.18,4.42,4.13,4.32,31602,84864500,364211010.0
2023-07-05,HAPV3,4.28,4.47,4.26,4.38,25750,60131600,264476141.0
2023-07-06,HAPV3,4.35,4.39,4.22,4.31,27107,40779100,175037080.0
2023-07-07,HAPV3,4.32,4.5,4.31,4.37,39737,51651000,228700071.0
2023-07-10,HAPV3,4.37,4.42,4.26,4.32,34587,32797400,141674897.0
2023-07-11,HAPV3,4.3,4.52,4.16,4.45,49579,68724500,299939651.0
2023-07-12,HAPV3,4.5,4.57,4.32,4.34,34159,46999000,206964747.0
2023-07-13,HAPV3,4.36,4.42,4.26,4.3,34703,73554000,318361357.0
2023-07-14,HAPV3,4.28,4.3,4.04,4.13,30059,53770500,222865497.0
2023-07-17,HAPV3,4.11,4.25,4.07,4.18,27075,31678400,132133391.0
2023-07-18,HAPV3,4.15,4.25,4.12,4.18,24762,37772200,158009760.0
2023-07-19,HAPV3,4.17,4.2,4.08,4.13,26217,41811900,172535484.0
2023-07-20,HAPV3,4.15,4.17,4.1,4.16,21705,30636200,126835820.0
2023-07-21,HAPV3,4.18,4.41,4.18,4.26,37897,98700900,426407542.0
2023-07-24,HAPV3,4.28,4.36,4.1,4.34,34573,66312300,281647366.0
2023-07-25,HAPV3,4.46,4.51,4.39,4.44,28039,46566300,207497503.0
2023-07-26,HAPV3,4.45,4.64,4.37,4.6,35255,80318100,364924905.0
2023-07-27,HAPV3,4.62,4.74,4.48,4.54,26803,49609100,227705319.0
2023-07-28,HAPV3,4.59,4.64,4.49,4.62,23700,52288800,239795765.0
2023-07-31,HAPV3,4.66,4.84,4.66,4.8,36144,83538800,400440760.0
2023-08-01,HAPV3,4.79,4.87,4.73,4.84,35513,70077800,336566940.0
2023-08-02,HAPV3,4.85,4.87,4.67,4.75,32513,61737100,293251932.0
2023-08-03,HAPV3,4.8,4.86,4.59,4.62,33401,95355800,449126631.0
2023-08-04,HAPV3,4.61,4.8,4.55,4.76,38433,89012500,420261465.0
2023-08-07,HAPV3,4.76,4.79,4.66,4.77,27777,31623500,149791343.0
2023-08-08,HAPV3,4.71,5.1,4.57,5.06,44608,113820900,562954767.0
2023-08-09,HAPV3,5.01,5.04,4.79,4.96,40716,80413000,396505787.0
2023-08-10,HAPV3,5.35,5.42,5.13,5.26,51766,249339200,1322163401.0
2023-08-11,HAPV3,5.24,5.39,5.22,5.23,49323,70486800,372963984.0
2023-08-14,HAPV3,5.24,5.24,4.95,5.02,45920,74535300,376085363.0
2023-08-15,HAPV3,5.05,5.08,4.91,5.02,35325,70445000,353259957.0
2023-08-16,HAPV3,4.82,4.87,4.73,4.73,39553,428056800,2060873650.0
2023-08-17,HAPV3,4.77,4.82,4.52,4.57,46414,94525500,436967601.0
2023-08-18,HAPV3,4.55,4.7,4.34,4.63,40266,99940900,456378283.0
2023-08-21,HAPV3,4.58,4.6,4.43,4.49,34172,93655200,419688008.0
2023-08-22,HAPV3,4.52,4.62,4.48,4.56,31125,58417400,266448608.0
2023-08-23,HAPV3,4.57,4.72,4.49,4.69,34888,54110300,251578467.0
2023-08-24,HAPV3,4.71,4.78,4.63,4.69,26528,32418300,152008794.0
2023-08-25,HAPV3,4.71,4.72,4.53,4.59,24935,35785400,164251468.0
2023-08-28,HAPV3,4.6,4.65,4.51,4.54,27042,38297100,174520496.0
2023-08-29,HAPV3,4.57,4.65,4.48,4.6,19183,33339200,152118876.0
2023-08-30,HAPV3,4.62,4.69,4.47,4.47,28419,37063500,168891831.0
2023-08-31,HAPV3,4.48,4.49,4.23,4.26,33254,76001400,328136960.0
2023-09-01,HAPV3,4.3,4.47,4.24,4.43,36665,53150800,233520674.0
2023-09-04,HAPV3,4.42,4.54,4.4,4.45,17067,18807000,84016234.0
2023-09-05,HAPV3,4.38,4.5,4.34,4.41,28204,39182600,173419083.0
2023-09-06,HAPV3,4.57,4.65,4.37,4.4,41066,57773300,260172233.0
2023-09-08,HAPV3,4.36,4.52,4.3,4.37,44316,49025500,214270393.0
2023-09-11,HAPV3,4.42,4.48,4.33,4.44,24547,52606100,231559158.0
2023-09-12,HAPV3,4.43,4.68,4.43,4.64,65353,66522400,306211399.0
2023-09-13,HAPV3,4.58,4.75,4.54,4.58,36736,52259700,241784894.0
2023-09-14,HAPV3,4.62,4.62,4.48,4.5,24806,29842300,134836756.0
2023-09-15,HAPV3,4.5,4.53,4.38,4.41,29823,36652700,162268409.0
2023-09-18,HAPV3,4.41,4.52,4.38,4.42,22983,38799700,172360253.0
2023-09-19,HAPV3,4.44,4.58,4.37,4.5,34701,59840600,267080559.0
2023-09-20,HAPV3,4.5,4.55,4.4,4.43,49409,53771300,241613127.0
2023-09-21,HAPV3,4.38,4.41,4.22,4.26,57200,66857300,286936365.0
2023-09-22,HAPV3,4.28,4.36,4.2,4.28,27131,51506100,220523190.0
2023-09-25,HAPV3,4.25,4.45,4.25,4.38,31603,42207300,184610664.0
2023-09-26,HAPV3,4.34,4.43,4.22,4.26,41967,62072100,267015974.0
2023-09-27,HAPV3,4.3,4.47,4.2,4.31,35036,80357200,346771014.0
2023-09-28,HAPV3,4.31,4.52,4.26,4.47,49350,85750500,381054304.0
2023-09-29,HAPV3,4.65,4.72,4.58,4.7,76273,132901800,616876501.0
2023-10-02,HAPV3,4.69,4.75,4.49,4.57,45358,53987100,247327433.0
2023-10-03,HAPV3,4.5,4.52,4.27,4.32,44074,58563000,255567351.0
2023-10-04,HAPV3,4.33,4.45,4.23,4.37,63273,85446400,372671888.0
2023-10-05,HAPV3,4.38,4.4,4.11,4.16,64414,83152100,346994720.0
2023-10-06,HAPV3,4.05,4.12,3.86,4.04,61843,136725100,548296027.0
2023-10-09,HAPV3,3.99,4.19,3.91,4.08,49388,54872900,221502769.0
2023-10-10,HAPV3,4.12,4.34,4.1,4.26,73951,100956500,429006695.0
2023-10-11,HAPV3,4.27,4.3,4.16,4.23,32768,55993400,235486501.0
2023-10-13,HAPV3,4.2,4.22,4.0,4.02,46130,60710900,247971743.0
2023-10-16,HAPV3,4.03,4.21,3.9,4.0,76234,95867200,388656188.0
2023-10-17,HAPV3,3.97,4.07,3.9,3.93,55214,52288900,207335222.0
2023-10-18,HAPV3,3.91,3.92,3.68,3.8,98983,132784000,501422613.0
2023-10-19,HAPV3,3.81,3.94,3.77,3.82,65623,72256800,277368979.0
2023-10-20,HAPV3,3.78,4.0,3.76,3.87,45678,79372700,306897572.0
2023-10-23,HAPV3,3.82,4.08,3.75,4.0,72914,77001500,306701820.0
2023-10-24,HAPV3,4.07,4.18,4.01,4.08,29279,55299700,225689073.0
2023-10-25,HAPV3,4.07,4.12,3.8,3.87,34996,82315100,320256690.0
2023-10-26,HAPV3,3.91,3.97,3.81,3.91,64835,92306200,358365685.0
2023-10-27,HAPV3,3.91,3.93,3.65,3.74,32263,110735200,416345861.0
2023-10-30,HAPV3,3.78,3.83,3.62,3.64,46817,57094500,211357970.0
2023-10-31,HAPV3,3.65,3.77,3.57,3.69,26095,55789200,205721145.0
2023-11-01,HAPV3,3.71,3.86,3.61,3.74,77547,185267500,691417061.0
2023-11-03,HAPV3,3.85,4.1,3.83,4.04,82766,122408400,492716061.0
2023-11-06,HAPV3,4.06,4.08,3.92,3.98,41181,40001800,159415659.0
2023-11-07,HAPV3,3.99,4.32,3.99,4.32,62202,108125200,457537840.0
2023-11-08,HAPV3,4.39,4.51,4.18,4.31,62007,87140500,372510732.0
2023-11-09,HAPV3,4.49,4.62,4.28,4.46,89034,221385800,980347970.0
2023-11-10,HAPV3,4.47,4.52,4.37,4.4,38668,59942200,266076376.0
2023-11-13,HAPV3,4.4,4.45,4.28,4.31,31793,67402900,293602507.0
2023-11-14,HAPV3,4.35,4.59,4.32,4.55,85937,108160000,484341681.0
2023-11-16,HAPV3,4.53,4.75,4.52,4.71,88963,84165500,392919985.0
2023-11-17,HAPV3,4.75,4.75,4.53,4.58,43452,105895600,487791990.0
2023-11-20,HAPV3,4.58,4.68,4.55,4.64,82236,51808800,239275424.0
2023-11-21,HAPV3,4.58,4.66,4.51,4.65,69876,52522200,241430688.0
2023-11-22,HAPV3,4.67,4.84,4.51,4.56,53649,114011500,532881984.0
2023-11-23,HAPV3,4.6,4.62,4.48,4.5,18602,27375400,124525930.0
2023-11-24,HAPV3,4.5,4.56,4.39,4.43,30177,37268200,166786824.0
2023-11-27,HAPV3,4.47,4.59,4.42,4.56,34204,41576200,188441880.0
2023-11-28,HAPV3,4.59,4.73,4.51,4.69,44188,87924100,410078297.0
2023-11-29,HAPV3,4.74,4.75,4.42,4.45,57657,94148100,429434414.0
2023-11-30,HAPV3,4.49,4.51,4.31,4.37,43041,137071700,599696714.0
2023-12-01,HAPV3,4.4,4.48,4.24,4.42,60677,70437200,309026910.0
2023-12-04,HAPV3,4.38,4.41,4.24,4.29,47338,64564200,278406792.0
2023-12-05,HAPV3,4.31,4.43,4.28,4.38,25159,36738900,160533606.0
2023-12-06,HAPV3,4.42,4.5,4.27,4.27,34735,41460700,180809384.0
2023-12-07,HAPV3,4.31,4.41,4.22,4.28,29963,40046300,172087961.0
2023-12-08,HAPV3,4.3,4.41,4.26,4.35,36646,46799900,203112593.0
2023-12-11,HAPV3,4.32,4.35,4.2,4.23,23607,39678400,168877598.0
2023-12-12,HAPV3,4.06,4.25,4.03,4.15,48912,167902700,696001190.0
2023-12-13,HAPV3,4.19,4.52,4.14,4.51,56883,76800300,334198894.0
2023-12-14,HAPV3,4.57,4.63,4.46,4.63,55455,93302300,423331934.0
2023-12-15,HAPV3,4.6,4.64,4.38,4.38,49657,74466300,333097711.0
2023-12-18,HAPV3,4.43,4.52,4.33,4.51,39027,55542400,245915809.0
2023-12-19,HAPV3,4.55,4.68,4.4,4.46,42175,73841600,331097034.0
2023-12-20,HAPV3,4.43,4.44,4.14,4.34,63243,128681700,553158717.0
2023-12-21,HAPV3,4.38,4.41,4.28,4.33,27694,53828000,233198790.0
2023-12-22,HAPV3,4.33,4.35,4.25,4.35,57541,46063900,197566420.0
2023-12-26,HAPV3,4.34,4.42,4.31,4.31,24576,21471000,93415892.0
2023-12-27,HAPV3,4.31,4.42,4.27,4.38,19657,26298000,114986719.0
2023-12-28,HAPV3,4.34,4.49,4.34,4.45,28774,31749900,140892694.0
2024-01-02,HAPV3,4.39,4.41,4.29,4.29,22245,32581000,141302322.0
2024-01-03,HAPV3,4.29,4.35,4.22,4.24,27811,47113900,201783123.0
2024-01-04,HAPV3,4.26,4.28,4.09,4.11,29656,47624100,197290805.0
2024-01-05,HAPV3,4.11,4.32,4.07,4.27,31980,50722200,215739924.0
2024-01-08,HAPV3,4.27,4.49,4.25,4.43,42886,40303500,178519964.0
2024-01-09,HAPV3,4.4,4.56,4.37,4.44,25155,56169500,252174799.0
2024-01-10,HAPV3,4.46,4.55,4.4,4.45,29467,37888400,169637011.0
2024-01-11,HAPV3,4.44,4.45,4.3,4.33,51262,36486700,158982894.0
2024-01-12,HAPV3,4.35,4.55,4.35,4.53,35038,69213200,310274642.0
2024-01-15,HAPV3,4.5,4.63,4.5,4.56,19393,25791000,118154435.0
2024-01-16,HAPV3,4.53,4.58,4.41,4.45,28036,40855100,182675691.0
2024-01-17,HAPV3,4.44,4.5,4.25,4.3,65560,62258700,270819655.0
2024-01-18,HAPV3,4.34,4.34,3.98,4.0,52541,227808300,932215494.0
2024-01-19,HAPV3,4.02,4.05,3.8,4.02,52401,130791200,516374272.0
2024-01-22,HAPV3,4.02,4.04,3.77,3.79,38325,137894700,531844127.0
2024-01-23,HAPV3,3.84,4.01,3.82,3.94,39372,81807000,322708778.0
2024-01-24,HAPV3,4.0,4.05,3.94,3.96,26322,58987600,235159970.0
2024-01-25,HAPV3,3.99,4.07,3.95,4.01,24945,40956000,165066332.0
2024-01-26,HAPV3,4.03,4.06,3.89,3.93,37364,70017700,277571738.0
2024-01-29,HAPV3,3.93,3.96,3.85,3.9,24263,58088600,226317832.0
2024-01-30,HAPV3,3.91,3.92,3.76,3.86,37669,55888700,213400655.0
2024-01-31,HAPV3,3.89,4.02,3.86,3.88,46046,67106200,264924542.0
2024-02-01,HAPV3,3.9,3.95,3.85,3.91,26039,56456200,220256922.0
2024-02-02,HAPV3,3.91,3.96,3.79,3.83,30458,63875600,246975268.0
2024-02-05,HAPV3,3.85,3.91,3.8,3.85,40244,52484000,202489121.0
2024-02-06,HAPV3,3.87,3.95,3.73,3.82,58961,153026900,580972895.0
2024-02-07,HAPV3,3.82,3.84,3.51,3.66,71725,177729800,646217368.0
2024-02-08,HAPV3,3.66,3.66,3.34,3.47,65968,172944800,594825039.0
2024-02-09,HAPV3,3.38,3.55,3.31,3.51,44860,92548600,319903117.0
2024-02-14,HAPV3,3.51,3.55,3.4,3.42,95910,65308000,226149170.0
2024-02-15,HAPV3,3.46,3.47,3.38,3.45,45041,55701300,190410282.0
2024-02-16,HAPV3,3.5,3.55,3.41,3.48,32177,63737000,221126200.0
2024-02-19,HAPV3,3.47,3.51,3.43,3.49,20255,20860100,72244260.0
2024-02-20,HAPV3,3.47,3.58,3.44,3.55,20532,57145500,201359193.0
2024-02-21,HAPV3,3.56,3.56,3.31,3.39,35365,136309300,460544165.0
2024-02-22,HAPV3,3.41,3.58,3.37,3.58,28621,55336600,194085269.0
2024-02-23,HAPV3,3.6,3.63,3.51,3.59,30243,52726200,188840341.0
2024-02-26,HAPV3,3.57,3.63,3.53,3.58,17343,27303700,97633428.0
2024-02-27,HAPV3,3.63,3.77,3.63,3.75,31628,72202600,269559718.0
2024-02-28,HAPV3,3.73,3.84,3.66,3.79,26738,45158700,169241308.0
2024-02-29,HAPV3,3.75,3.77,3.64,3.67,29443,55807200,205694144.0
2024-03-01,HAPV3,3.67,3.74,3.59,3.72,16662,37057100,136277547.0
2024-03-04,HAPV3,3.7,3.75,3.6,3.6,21429,46766100,170265476.0
2024-03-05,HAPV3,3.72,3.82,3.66,3.75,41276,99817800,374556395.0
2024-03-06,HAPV3,3.77,3.88,3.7,3.78,29851,81506700,309933672.0
2024-03-07,HAPV3,3.76,3.86,3.74,3.81,26662,36634100,139707899.0
2024-03-08,HAPV3,3.72,4.0,3.71,3.88,26566,69257900,268892625.0
2024-03-11,HAPV3,3.84,3.94,3.81,3.85,30659,52429500,203687037.0
2024-03-12,HAPV3,3.87,3.98,3.8,3.92,38629,69378700,271418890.0
2024-03-13,HAPV3,3.88,3.95,3.85,3.89,18640,40916500,159405232.0
2024-03-14,HAPV3,3.87,3.92,3.81,3.85,21552,23528500,91020712.0
2024-03-15,HAPV3,3.87,3.88,3.8,3.82,14356,28485100,108929757.0
2024-03-18,HAPV3,3.85,3.91,3.83,3.86,15903,21019800,81318236.0
2024-03-19,HAPV3,3.86,3.88,3.74,3.83,19112,33517300,127334441.0
2024-03-20,HAPV3,3.84,3.97,3.82,3.97,34222,44307400,173884265.0
2024-03-21,HAPV3,3.95,4.02,3.88,3.9,14476,34255600,134354010.0
2024-03-22,HAPV3,3.88,3.93,3.84,3.88,13692,17165500,66624183.0
2024-03-25,HAPV3,3.9,3.93,3.8,3.85,24355,34686200,133744917.0
2024-03-26,HAPV3,3.82,3.84,3.76,3.79,13938,27366800,104041819.0
2024-03-27,HAPV3,3.79,3.81,3.67,3.76,26836,60197600,225391396.0
2024-03-28,HAPV3,3.71,3.81,3.65,3.7,32649,86290600,319721673.0
2024-04-01,HAPV3,3.83,3.95,3.66,3.94,44099,131956200,505348572.0
2024-04-02,HAPV3,3.91,3.94,3.77,3.89,46776,58382600,224325217.0
2024-04-03,HAPV3,3.87,3.92,3.75,3.9,38329,67229600,257662881.0
2024-04-04,HAPV3,3.9,4.1,3.88,4.01,35001,92910600,373579650.0
2024-04-05,HAPV3,4.05,4.14,3.94,3.97,30987,63425400,253292388.0
2024-04-08,HAPV3,3.98,4.06,3.93,4.01,28036,38843800,155698472.0
2024-04-09,HAPV3,4.03,4.16,4.0,4.07,26964,75618300,309283045.0
2024-04-10,HAPV3,4.04,4.05,3.91,3.94,32408,82094200,326740105.0
2024-04-11,HAPV3,3.94,4.04,3.86,3.96,22865,74092200,293565306.0
2024-04-12,HAPV3,3.96,3.96,3.83,3.88,47747,76037300,295374865.0
2024-04-15,HAPV3,3.89,3.93,3.73,3.73,44749,98571800,374797285.0
2024-04-16,HAPV3,3.66,3.67,3.56,3.6,54026,129894300,469487684.0
2024-04-17,HAPV3,3.62,3.65,3.53,3.54,69102,91232100,326683150.0
2024-04-18,HAPV3,3.54,3.62,3.45,3.5,55009,98305700,347521643.0
2024-04-19,HAPV3,3.5,3.68,3.5,3.6,35002,75426600,272619731.0
2024-04-22,HAPV3,3.62,3.68,3.58,3.64,22408,47943300,173731253.0
2024-04-23,HAPV3,3.61,3.66,3.54,3.61,23313,50211900,180878832.0
2024-04-24,HAPV3,3.62,3.71,3.6,3.6,23451,48592600,177155121.0
2024-04-25,HAPV3,3.6,3.63,3.49,3.62,36637,71936000,256783138.0
2024-04-26,HAPV3,3.64,3.82,3.63,3.78,20907,40151700,151428209.0
2024-04-29,HAPV3,3.76,3.91,3.76,3.82,24125,36499800,139478419.0
2024-04-30,HAPV3,3.79,3.82,3.68,3.69,23055,30470100,113614841.0
2024-05-02,HAPV3,3.77,3.83,3.72,3.72,27001,64881700,243565516.0
2024-05-03,HAPV3,3.82,3.89,3.8,3.85,29917,49296700,189639060.0
2024-05-06,HAPV3,3.86,3.96,3.85,3.88,22664,45227800,176853138.0
2024-05-07,HAPV3,3.95,4.14,3.95,4.04,39759,106201200,431038662.0
2024-05-08,HAPV3,4.06,4.14,4.02,4.13,23482,96862200,395807909.0
2024-05-09,HAPV3,4.04,4.15,4.0,4.1,20780,98856700,404949964.0
2024-05-10,HAPV3,4.07,4.14,3.96,4.05,27109,102814200,416247077.0
2024-05-13,HAPV3,4.05,4.12,4.03,4.03,40090,60160500,244659792.0
2024-05-14,HAPV3,4.31,4.49,4.26,4.45,64943,223036400,975899029.0
2024-05-15,HAPV3,4.49,4.57,4.39,4.4,29590,59651900,266060363.0
2024-05-16,HAPV3,4.44,4.53,4.36,4.49,46575,67072200,298233824.0
2024-05-17,HAPV3,4.49,4.59,4.49,4.51,31102,82406500,373959070.0
2024-05-20,HAPV3,4.5,4.67,4.5,4.55,35648,95742600,438207993.0
2024-05-21,HAPV3,4.56,4.59,4.45,4.48,38930,67141500,302114337.0
2024-05-22,HAPV3,4.51,4.54,4.39,4.4,30547,94362400,418304034.0
2024-05-23,HAPV3,4.39,4.44,4.22,4.26,31946,66302200,286432736.0
2024-05-24,HAPV3,4.25,4.34,4.23,4.26,30971,38004600,162710507.0
2024-05-27,HAPV3,4.27,4.3,4.2,4.27,12880,25370200,108136048.0
2024-05-28,HAPV3,4.32,4.37,4.14,4.15,48831,91218600,388213575.0
2024-05-29,HAPV3,4.11,4.19,4.04,4.15,33737,54959400,226733300.0
2024-05-31,HAPV3,4.15,4.15,3.96,3.99,29342,81347600,326203597.0
2024-06-03,HAPV3,4.01,4.1,3.96,4.07,25954,55771900,226079049.0
2024-06-04,HAPV3,4.05,4.1,3.98,4.06,34606,74893500,302504763.0
2024-06-05,HAPV3,4.05,4.05,3.92,3.95,25863,74202000,295388493.0
2024-06-06,HAPV3,3.95,4.08,3.91,4.01,27094,71507900,285771870.0
2024-06-07,HAPV3,3.95,3.98,3.86,3.89,25073,72594800,284906106.0
2024-06-10,HAPV3,3.91,3.93,3.85,3.85,19726,27173500,105410031.0
2024-06-11,HAPV3,3.87,3.98,3.86,3.91,18767,36646900,143624308.0
2024-06-12,HAPV3,3.96,4.02,3.76,3.79,31748,56993200,218756183.0
2024-06-13,HAPV3,3.78,3.8,3.68,3.74,19464,60158500,225832353.0
2024-06-14,HAPV3,3.73,3.81,3.7,3.75,22938,41965700,157189866.0
2024-06-17,HAPV3,3.72,3.74,3.64,3.66,29352,50061400,184725248.0
2024-06-18,HAPV3,3.65,3.78,3.62,3.65,53859,47820400,176396661.0
2024-06-19,HAPV3,3.65,3.74,3.61,3.7,39503,28421200,104553009.0
2024-06-20,HAPV3,3.73,3.81,3.61,3.65,41439,48779100,179736332.0
2024-06-21,HAPV3,3.62,3.69,3.56,3.67,36044,84180300,306678815.0
2024-06-24,HAPV3,3.7,3.9,3.69,3.89,34988,67090600,257316765.0
2024-06-25,HAPV3,3.88,3.94,3.81,3.83,27654,41970500,162024961.0
2024-06-26,HAPV3,3.82,3.86,3.72,3.81,28116,37125400,140403523.0
2024-06-27,HAPV3,3.82,3.93,3.78,3.91,33859,31748700,123187239.0
2024-06-28,HAPV3,3.9,3.92,3.8,3.83,24006,41261400,159055420.0
2024-07-01,HAPV3,3.83,3.87,3.75,3.76,18878,50127300,190611532.0
2024-07-02,HAPV3,3.77,3.79,3.68,3.72,16294,42325300,157392429.0
2024-07-03,HAPV3,3.75,3.93,3.74,3.89,21604,53710700,208122500.0
2024-07-04,HAPV3,3.93,4.03,3.91,3.97,21263,48420600,193276357.0
2024-07-05,HAPV3,3.95,3.99,3.9,3.95,31294,37566100,148063914.0
2024-07-08,HAPV3,3.93,4.0,3.92,3.93,15940,29688000,117429868.0
2024-07-09,HAPV3,3.92,4.08,3.92,4.06,35427,44820600,180107835.0
2024-07-10,HAPV3,4.1,4.16,4.0,4.07,31208,43592200,177047983.0
2024-07-11,HAPV3,4.09,4.15,4.06,4.09,15413,36357600,148952362.0
2024-07-12,HAPV3,4.1,4.13,4.05,4.08,24383,85563000,349463593.0
2024-07-15,HAPV3,4.1,4.19,4.08,4.15,14163,40352000,166702741.0
2024-07-16,HAPV3,4.15,4.24,4.13,4.16,17800,53880300,225824453.0
2024-07-17,HAPV3,4.18,4.18,4.05,4.06,23013,49318600,202684436.0
2024-07-18,HAPV3,4.02,4.05,3.91,3.94,30171,53777000,213790364.0
2024-07-19,HAPV3,3.98,4.02,3.89,3.89,14193,36629900,144412528.0
2024-07-22,HAPV3,3.9,3.95,3.87,3.92,17703,35465500,138762782.0
2024-07-23,HAPV3,3.94,3.98,3.87,3.92,19498,43416900,170308245.0
2024-07-24,HAPV3,3.92,4.05,3.87,3.95,22734,50971200,202600465.0
2024-07-25,HAPV3,3.95,4.06,3.92,4.03,20751,52015400,208201003.0
2024-07-26,HAPV3,4.04,4.2,4.03,4.18,38183,41805200,172884625.0
2024-07-29,HAPV3,4.18,4.25,4.11,4.16,16555,34669200,144877167.0
2024-07-30,HAPV3,4.15,4.17,4.1,4.12,18423,30216000,124967798.0
2024-07-31,HAPV3,4.13,4.24,4.06,4.07,43949,78726100,323788613.0
2024-08-01,HAPV3,4.1,4.29,4.1,4.21,28637,85452500,359395736.0
2024-08-02,HAPV3,4.21,4.31,4.18,4.3,34939,73792500,314142825.0
2024-08-05,HAPV3,4.2,4.32,4.14,4.31,36153,96505500,410101845.0
2024-08-06,HAPV3,4.3,4.42,4.25,4.29,47396,87975900,379678677.0
2024-08-07,HAPV3,4.34,4.41,4.29,4.41,43968,67012500,291283093.0
2024-08-08,HAPV3,4.42,4.51,4.39,4.5,32856,86048300,383656677.0
2024-08-09,HAPV3,4.55,4.59,4.21,4.43,89442,135886500,600113892.0
2024-08-12,HAPV3,4.45,4.52,4.28,4.3,32244,60976500,267296188.0
2024-08-13,HAPV3,4.32,4.44,4.29,4.41,47844,75880800,330258322.0
2024-08-14,HAPV3,4.42,4.5,4.37,4.41,38715,73019800,322457486.0
2024-08-15,HAPV3,4.42,4.48,4.36,4.42,44933,53696500,237790411.0
2024-08-16,HAPV3,4.45,4.5,4.23,4.27,42639,75754200,329739756.0
2024-08-19,HAPV3,4.31,4.5,4.27,4.45,50782,47983400,211462919.0
2024-08-20,HAPV3,4.45,4.59,4.38,4.56,29812,50852600,229107738.0
2024-08-21,HAPV3,4.59,4.63,4.5,4.56,62288,42539000,193747181.0
2024-08-22,HAPV3,4.55,4.6,4.34,4.37,36202,41145300,181684419.0
2024-08-23,HAPV3,4.37,4.52,4.35,4.49,31258,40812100,182325304.0
2024-08-26,HAPV3,4.49,4.52,4.44,4.48,17493,28400300,127311998.0
2024-08-27,HAPV3,4.45,4.5,4.4,4.46,23115,32423400,144795510.0
2024-08-28,HAPV3,4.42,4.49,4.42,4.46,19126,36824900,163838058.0
2024-08-29,HAPV3,4.44,4.47,4.29,4.29,29502,38643000,167902658.0
2024-08-30,HAPV3,4.22,4.32,4.18,4.24,41711,99681500,423771737.0
2024-09-02,HAPV3,4.23,4.31,4.17,4.28,22896,29747600,126145345.0
2024-09-03,HAPV3,4.28,4.42,4.28,4.37,33168,48524500,211825122.0
2024-09-04,HAPV3,4.41,4.6,4.38,4.44,29093,92477200,416409161.0
2024-09-05,HAPV3,4.47,4.6,4.46,4.55,22500,50639200,230305762.0
2024-09-06,HAPV3,4.54,4.59,4.48,4.48,21367,43404700,196304611.0
2024-09-09,HAPV3,4.48,4.5,4.42,4.5,25804,45257800,201970421.0
2024-09-10,HAPV3,4.5,4.55,4.45,4.52,14128,69915600,314505423.0
2024-09-11,HAPV3,4.55,4.56,4.5,4.5,16199,26840700,121373168.0
2024-09-12,HAPV3,4.48,4.52,4.45,4.49,14964,33078100,148031611.0
2024-09-13,HAPV3,4.52,4.62,4.49,4.6,30294,45764100,209547599.0
2024-09-16,HAPV3,4.63,4.75,4.59,4.62,39359,53337800,248791597.0
2024-09-17,HAPV3,4.63,4.63,4.53,4.61,29570,45999800,210769390.0
2024-09-18,HAPV3,4.61,4.74,4.56,4.66,44076,106491700,493291503.0
2024-09-19,HAPV3,4.7,4.71,4.47,4.47,26483,53423800,242756221.0
2024-09-20,HAPV3,4.43,4.54,4.28,4.33,54205,79158100,345831225.0
2024-09-23,HAPV3,4.3,4.36,4.18,4.23,32331,76987500,324873435.0
2024-09-24,HAPV3,4.27,4.35,4.25,4.25,44675,41507000,177976722.0
2024-09-25,HAPV3,4.3,4.31,4.03,4.12,25772,127931500,524929763.0
2024-09-26,HAPV3,4.14,4.22,4.04,4.07,42652,56971900,233943562.0
2024-09-27,HAPV3,4.07,4.09,3.96,4.0,28946,66166800,265806194.0
2024-09-30,HAPV3,4.04,4.15,3.97,4.0,51716,63767700,256483652.0
2024-10-01,HAPV3,4.05,4.1,4.02,4.04,29827,74920700,304232812.0
2024-10-02,HAPV3,4.09,4.21,4.08,4.14,28179,76631000,317132156.0
2024-10-03,HAPV3,4.1,4.11,3.99,4.01,35852,69288000,280482128.0
2024-10-04,HAPV3,4.0,4.09,3.94,4.02,49078,59919500,242199013.0
2024-10-07,HAPV3,4.04,4.06,3.96,3.97,40910,54209700,217674718.0
2024-10-08,HAPV3,3.93,4.04,3.9,3.94,43937,45168300,179589550.0
2024-10-09,HAPV3,3.91,3.96,3.86,3.89,65790,86147700,337225585.0
2024-10-10,HAPV3,3.91,3.91,3.8,3.81,47174,71544500,275229647.0
2024-10-11,HAPV3,3.79,3.9,3.75,3.87,32745,54536400,208778383.0
2024-10-14,HAPV3,3.87,3.92,3.82,3.85,37037,69614300,269367166.0
2024-10-15,HAPV3,3.88,3.94,3.83,3.85,37687,56474300,218461734.0
2024-10-16,HAPV3,3.85,3.87,3.78,3.86,39305,70440800,269878244.0
2024-10-17,HAPV3,3.83,3.84,3.72,3.72,10274,72248400,271149244.0
2024-10-18,HAPV3,3.75,3.8,3.72,3.76,46145,54632900,205564443.0
2024-10-21,HAPV3,3.77,3.81,3.64,3.65,38619,77334300,284736128.0
2024-10-22,HAPV3,3.6,3.69,3.51,3.69,59229,102730700,369184305.0
2024-10-23,HAPV3,3.64,3.83,3.64,3.81,23914,94597700,355118386.0
2024-10-24,HAPV3,3.81,3.82,3.69,3.78,30061,82475900,309032644.0
2024-10-25,HAPV3,3.77,3.81,3.62,3.64,23556,59711900,221510300.0
2024-10-28,HAPV3,3.68,3.73,3.64,3.71,29482,43287700,160110702.0
2024-10-29,HAPV3,3.73,3.76,3.56,3.6,33013,102370300,371424173.0
2024-10-30,HAPV3,3.62,3.62,3.53,3.6,77914,69132100,246428560.0
2024-10-31,HAPV3,3.57,3.61,3.5,3.52,12505,44601700,157841747.0
2024-11-01,HAPV3,3.52,3.54,3.32,3.33,41728,104287100,354149118.0
2024-11-04,HAPV3,3.39,3.52,3.37,3.46,45201,66598200,230064377.0
2024-11-05,HAPV3,3.45,3.45,3.33,3.41,30696,48986100,165721158.0
2024-11-06,HAPV3,3.33,3.4,3.29,3.39,26820,62681900,210456094.0
2024-11-07,HAPV3,3.38,3.46,3.28,3.3,19420,61808200,207227630.0
2024-11-08,HAPV3,3.24,3.25,3.16,3.19,36907,96207200,308033472.0
2024-11-11,HAPV3,3.19,3.22,3.11,3.17,22952,78190700,246963270.0
2024-11-12,HAPV3,3.17,3.33,3.15,3.31,46935,79440500,258823630.0
2024-11-13,HAPV3,3.13,3.37,3.02,3.1,59644,209270500,664143928.0
2024-11-14,HAPV3,3.1,3.24,3.08,3.17,37910,106965500,339677297.0
2024-11-18,HAPV3,3.17,3.17,2.95,2.95,42687,110787700,336163036.0
2024-11-19,HAPV3,2.95,3.05,2.88,3.02,47086,113617500,340447278.0
2024-11-21,HAPV3,2.96,2.97,2.88,2.88,66481,70257900,204797337.0
2024-11-22,HAPV3,2.93,2.98,2.88,2.98,45440,56285300,165351575.0
2024-11-25,HAPV3,2.98,3.02,2.94,3.02,38652,91079700,272596421.0
2024-11-26,HAPV3,3.03,3.06,2.99,3.05,38201,50747100,153829345.0
2024-11-27,HAPV3,3.05,3.08,2.85,2.88,76427,81829100,241549822.0
2024-11-28,HAPV3,2.85,2.88,2.7,2.71,41260,91321500,253376914.0
2024-11-29,HAPV3,2.72,2.76,2.59,2.7,736,200243100,533068302.0
2024-12-02,HAPV3,2.68,2.8,2.66,2.67,33645,64836200,176409282.0
2024-12-03,HAPV3,2.69,2.75,2.66,2.71,50387,66666500,180725622.0
2024-12-04,HAPV3,2.72,2.73,2.62,2.62,40801,51333900,136343380.0
2024-12-05,HAPV3,2.66,2.75,2.59,2.59,19072,59355800,158069220.0
2024-12-06,HAPV3,2.58,2.63,2.46,2.47,41004,76530200,192022274.0
2024-12-09,HAPV3,2.5,2.53,2.4,2.41,56323,59185100,144881286.0
2024-12-10,HAPV3,2.45,2.55,2.43,2.52,35663,86933100,218038738.0
2024-12-11,HAPV3,2.53,2.8,2.53,2.67,43346,128488300,343791119.0
2024-12-12,HAPV3,2.64,2.82,2.58,2.7,41518,167306700,452843715.0
2024-12-13,HAPV3,2.69,2.71,2.59,2.61,50189,130540000,346261634.0
2024-12-16,HAPV3,2.61,2.73,2.55,2.57,37867,98527700,259117070.0
2024-12-17,HAPV3,2.44,2.44,2.17,2.28,86125,313556000,711147832.0
2024-12-18,HAPV3,2.28,2.43,2.11,2.12,11188,367138700,823193130.0
2024-12-19,HAPV3,2.15,2.36,2.14,2.29,71006,114645300,262047175.0
2024-12-20,HAPV3,2.31,2.47,2.23,2.38,59408,145251100,347848303.0
2024-12-23,HAPV3,2.36,2.37,2.25,2.25,9848,70234100,161254295.0
2024-12-26,HAPV3,2.24,2.26,2.18,2.23,35202,61370000,137155710.0
2024-12-27,HAPV3,2.26,2.29,2.17,2.21,29076,60368900,133770888.0
2024-12-30,HAPV3,2.22,2.26,2.19,2.23,47103,54300000,121001181.0
2025-01-02,HAPV3,2.21,2.24,2.14,2.17,48778,53181700,116477556.0
2025-01-03,HAPV3,2.15,2.22,2.1,2.1,42229,53170300,113745907.0
2025-01-06,HAPV3,2.14,2.2,2.13,2.18,27375,49024100,106432089.0
2025-01-07,HAPV3,2.2,2.38,2.17,2.38,35777,114445400,266495677.0
2025-01-08,HAPV3,2.36,2.41,2.26,2.35,43711,92035100,214890633.0
2025-01-09,HAPV3,2.34,2.37,2.26,2.26,18009,42863400,99195249.0
2025-01-10,HAPV3,2.25,2.26,2.18,2.2,35083,48510500,107386457.0
2025-01-13,HAPV3,2.21,2.23,2.15,2.16,55393,51973200,112770190.0
2025-01-14,HAPV3,2.17,2.2,2.14,2.2,30227,45358300,98702282.0
2025-01-15,HAPV3,2.24,2.44,2.23,2.43,26262,114150700,271891775.0
2025-01-16,HAPV3,2.4,2.41,2.33,2.37,58114,79934700,189374059.0
2025-01-17,HAPV3,2.38,2.38,2.24,2.24,32048,58189500,134113504.0
2025-01-20,HAPV3,2.22,2.33,2.19,2.27,40826,45853500,104576559.0
2025-01-21,HAPV3,2.28,2.32,2.24,2.28,37366,52508300,120194525.0
2025-01-22,HAPV3,2.28,2.36,2.27,2.31,42112,55235800,127923983.0
2025-01-23,HAPV3,2.33,2.38,2.27,2.29,55772,55574700,128887421.0
2025-01-24,HAPV3,2.29,2.38,2.28,2.29,31592,45982600,106910135.0
2025-01-27,HAPV3,2.29,2.41,2.28,2.38,40882,70688700,167201760.0
2025-01-28,HAPV3,2.39,2.47,2.31,2.32,40128,135921400,324776838.0
2025-01-29,HAPV3,2.34,2.37,2.28,2.29,18174,51724500,119989886.0
2025-01-30,HAPV3,2.3,2.46,2.27,2.45,27128,100860700,239954520.0
2025-01-31,HAPV3,2.48,2.5,2.41,2.42,38129,55616100,135617667.0
2025-02-03,HAPV3,2.41,2.47,2.34,2.44,33113,79876500,193051350.0
2025-02-04,HAPV3,2.44,2.48,2.32,2.39,48884,120439600,289633910.0
2025-02-05,HAPV3,2.4,2.4,2.29,2.32,37960,96725900,226004138.0
2025-02-06,HAPV3,2.31,2.34,2.26,2.27,58583,72965100,166826607.0
2025-02-07,HAPV3,2.27,2.33,2.22,2.33,50174,127519900,289885802.0
2025-02-10,HAPV3,2.34,2.47,2.33,2.34,62970,62060600,148337479.0
2025-02-11,HAPV3,2.35,2.52,2.35,2.51,28297,123582800,306058702.0
2025-02-12,HAPV3,2.4,2.42,2.31,2.33,84100,143711300,338306919.0
2025-02-13,HAPV3,2.32,2.35,2.28,2.32,69868,90636600,209957998.0
2025-02-14,HAPV3,2.36,2.52,2.33,2.51,77188,142875600,345593381.0
2025-02-17,HAPV3,2.54,2.61,2.51,2.54,38831,96701300,246551618.0
2025-02-18,HAPV3,2.52,2.55,2.46,2.47,48039,82033900,204478075.0
2025-02-19,HAPV3,2.44,2.51,2.4,2.43,50021,73077800,179473598.0
2025-02-20,HAPV3,2.44,2.47,2.4,2.44,35719,97669500,237838086.0
2025-02-21,HAPV3,2.45,2.49,2.34,2.36,25824,88654700,212323589.0
2025-02-24,HAPV3,2.37,2.38,2.23,2.23,34762,119456400,272319535.0
2025-02-25,HAPV3,2.23,2.28,2.13,2.13,49599,105924100,231617368.0
2025-02-26,HAPV3,2.16,2.2,2.08,2.1,913,134316800,286313324.0
2025-02-27,HAPV3,2.12,2.2,2.09,2.12,39804,96915200,207513432.0
2025-02-28,HAPV3,2.11,2.16,2.04,2.11,71726,703389500,1483071057.0
2025-03-05,HAPV3,2.07,2.14,1.98,2.13,35465,77802900,163718485.0
2025-03-06,HAPV3,2.13,2.16,2.07,2.08,48331,66517100,140267191.0
2025-03-07,HAPV3,2.08,2.22,2.06,2.17,94838,97225000,208921471.0
2025-03-10,HAPV3,2.14,2.15,2.05,2.05,38197,78062300,163310601.0
2025-03-11,HAPV3,2.06,2.09,2.03,2.06,29466,59563500,122746214.0
2025-03-12,HAPV3,2.06,2.11,2.05,2.08,50153,54749900,114022221.0
2025-03-13,HAPV3,2.08,2.11,2.05,2.08,28322,63416600,132214593.0
2025-03-14,HAPV3,2.1,2.21,2.1,2.18,26368,111755000,241576089.0
2025-03-17,HAPV3,2.18,2.31,2.15,2.29,28924,87512900,197475987.0
2025-03-18,HAPV3,2.29,2.47,2.29,2.36,34413,144028500,343032643.0
2025-03-19,HAPV3,2.36,2.38,2.21,2.26,61927,202496800,460641256.0
2025-03-20,HAPV3,2.07,2.44,2.07,2.25,66709,525875200,1208319738.0
2025-03-21,HAPV3,2.25,2.27,2.15,2.17,38570,104525400,228168318.0
2025-03-24,HAPV3,2.17,2.2,2.07,2.08,32707,63575900,135025515.0
2025-03-25,HAPV3,2.16,2.28,2.15,2.23,49018,88230000,195759587.0
2025-03-26,HAPV3,2.22,2.28,2.21,2.23,41805,69332300,154874467.0
2025-03-27,HAPV3,2.26,2.38,2.23,2.35,36343,84639700,196507726.0
2025-03-28,HAPV3,2.33,2.34,2.23,2.3,40744,68471100,156379607.0
2025-03-31,HAPV3,2.26,2.29,2.16,2.21,40508,76895800,170107936.0
2025-04-01,HAPV3,2.21,2.27,2.18,2.22,38668,52326800,115894466.0
2025-04-02,HAPV3,2.21,2.29,2.16,2.18,30699,48394100,106619334.0
2025-04-03,HAPV3,2.17,2.29,2.17,2.25,23781,62135700,139666020.0
2025-04-04,HAPV3,2.2,2.21,2.11,2.13,30545,67491000,144587253.0
2025-04-07,HAPV3,2.1,2.19,2.04,2.06,23914,85987200,179151120.0
2025-04-08,HAPV3,2.07,2.11,1.99,2.03,23703,81175900,166035585.0
2025-04-09,HAPV3,2.01,2.22,2.0,2.16,29829,88987300,190689754.0
2025-04-10,HAPV3,2.16,2.25,2.14,2.22,20788,60359900,131894319.0
2025-04-11,HAPV3,2.23,2.27,2.17,2.24,21839,46930100,104532005.0
2025-04-14,HAPV3,2.27,2.3,2.23,2.25,17801,37200000,83810069.0
2025-04-15,HAPV3,2.25,2.26,2.2,2.21,16901,30568000,67996278.0
2025-04-16,HAPV3,2.2,2.25,2.14,2.21,23548,66518200,145886237.0
2025-04-17,HAPV3,2.22,2.22,2.15,2.16,23851,57331500,124884912.0
2025-04-22,HAPV3,2.16,2.24,2.12,2.21,24967,63032400,138288356.0
2025-04-23,HAPV3,2.25,2.29,2.23,2.24,38316,83006400,187488292.0
2025-04-24,HAPV3,2.24,2.49,2.23,2.44,52937,177762600,426426938.0
2025-04-25,HAPV3,2.44,2.45,2.37,2.41,59843,64731600,155220436.0
2025-04-28,HAPV3,2.43,2.52,2.43,2.44,31454,82648800,204914466.0
2025-04-29,HAPV3,2.45,2.47,2.35,2.36,29522,86827400,207828793.0
2025-04-30,HAPV3,2.36,2.36,2.28,2.32,37028,87510900,202634215.0
2025-05-02,HAPV3,2.32,2.35,2.28,2.33,21019,54896200,127447806.0
2025-05-05,HAPV3,2.33,2.34,2.26,2.26,18990,58814200,135152902.0
2025-05-06,HAPV3,2.28,2.32,2.24,2.27,19958,48012000,109455098.0
2025-05-07,HAPV3,2.3,2.31,2.23,2.25,25102,43654900,99165005.0
2025-05-08,HAPV3,2.36,2.62,2.36,2.46,30715,135652700,340402777.0
2025-05-09,HAPV3,2.47,2.52,2.33,2.35,36160,117295700,284529275.0
2025-05-12,HAPV3,2.38,2.47,2.32,2.39,35095,105823300,253214633.0
2025-05-13,HAPV3,2.75,2.76,2.59,2.66,71791,200123900,531153251.0
2025-05-14,HAPV3,2.65,2.76,2.62,2.66,39719,84771800,228538975.0
2025-05-15,HAPV3,2.69,2.8,2.68,2.7,41375,83555700,228577412.0
2025-05-16,HAPV3,2.7,2.86,2.68,2.82,30491,74190800,207756152.0
2025-05-19,HAPV3,2.83,2.92,2.76,2.82,36566,105948500,301765383.0
2025-05-20,HAPV3,2.82,2.9,2.77,2.86,51155,69841300,197621575.0
2025-05-21,HAPV3,2.91,2.91,2.71,2.84,24395,105400200,297567149.0
2025-05-22,HAPV3,2.82,2.91,2.77,2.84,30311,115248800,329705287.0
2025-05-23,HAPV3,2.78,2.87,2.7,2.84,44765,76039400,213324726.0
2025-05-26,HAPV3,2.82,2.9,2.82,2.83,13491,33937600,97246401.0
2025-05-27,HAPV3,2.9,2.99,2.88,2.92,35270,147970500,431397279.0
2025-05-28,HAPV3,2.92,2.93,2.84,2.91,30055,73810500,213361399.0
2025-05-29,HAPV3,2.89,2.91,2.84,2.85,25005,49719900,142520749.0
2025-05-30,HAPV3,2.86,2.89,2.75,2.86,22604,59042700,166917995.0
2025-06-02,HAPV3,2.88,2.91,2.79,2.81,23066,41178900,116591102.0
2025-06-03,HAPV3,2.8,2.92,2.79,2.87,24771,64156900,185197361.0
2025-06-04,HAPV3,2.9,2.92,2.87,2.87,29026,58760900,169835129.0
2025-06-05,HAPV3,2.81,2.85,2.69,2.7,25152,79838100,220512258.0
2025-06-06,HAPV3,40.0,40.66,38.65,39.91,25002,9747500,385931388.0
2025-06-09,HAPV3,39.44,39.99,38.62,39.89,11386,3682100,145254622.0
2025-06-10,HAPV3,40.75,40.96,39.9,40.63,12996,4154000,167848795.0
2025-06-11,HAPV3,40.15,40.74,39.0,39.53,14810,5356400,211975061.0
2025-06-12,HAPV3,39.53,39.71,38.84,39.52,20541,5575100,218828596.0
2025-06-13,HAPV3,39.01,39.37,38.31,38.49,20036,4952700,191913529.0
2025-06-16,HAPV3,38.75,39.95,38.32,39.16,13662,5934500,231602522.0
2025-06-17,HAPV3,39.0,39.68,38.85,39.38,14356,2966000,116453719.0
2025-06-18,HAPV3,39.2,39.74,38.91,39.49,11527,3778000,148836063.0
2025-06-20,HAPV3,39.01,39.49,37.13,37.42,14159,7490500,281165831.0
2025-06-23,HAPV3,37.1,37.46,35.94,36.75,15310,5001100,183219547.0
2025-06-24,HAPV3,37.47,38.4,37.39,37.86,20563,6366700,242002156.0
2025-06-25,HAPV3,37.5,37.7,35.44,35.77,21590,8260200,297290369.0
2025-06-26,HAPV3,36.1,36.71,35.52,36.59,20481,8377800,302206967.0
2025-06-27,HAPV3,36.15,36.69,35.92,36.27,13825,3964000,143365573.0
2025-06-30,HAPV3,36.06,37.38,35.95,36.85,18478,6602200,243348606.0
2025-07-01,HAPV3,36.86,37.07,35.91,36.4,13694,3777800,137439705.0
2025-07-02,HAPV3,36.67,36.69,34.15,34.53,24827,7549000,261990057.0
2025-07-03,HAPV3,34.47,35.54,34.32,34.95,18955,7227800,254275753.0
2025-07-04,HAPV3,34.71,35.86,34.52,35.61,7537,1892900,67061701.0
2025-07-07,HAPV3,35.23,35.86,34.22,34.86,18857,4993200,173477953.0
2025-07-08,HAPV3,34.9,35.12,34.04,34.32,18946,4734800,162564038.0
2025-07-09,HAPV3,34.04,34.31,33.4,33.63,17964,4843100,163501346.0
2025-07-10,HAPV3,33.21,33.28,32.32,33.11,27977,7316300,240108676.0
2025-07-11,HAPV3,32.88,32.88,31.77,32.32,18298,4998300,160981146.0
2025-07-14,HAPV3,31.88,33.49,31.33,33.3,24739,9285800,304396607.0
2025-07-15,HAPV3,33.42,33.8,32.95,33.58,11739,2952400,98613854.0
2025-07-16,HAPV3,33.54,33.66,32.7,33.5,14732,3093900,102748387.0
2025-07-17,HAPV3,33.26,33.67,32.87,33.67,13099,2969900,99196194.0
2025-07-18,HAPV3,33.48,33.48,32.19,32.19,10650,3220600,105268538.0
2025-07-21,HAPV3,32.35,32.35,31.3,31.49,11864,3185000,100891069.0
2025-07-22,HAPV3,31.51,32.15,31.01,31.12,11391,3123100,98368641.0
2025-07-23,HAPV3,31.13,32.26,30.51,31.82,11181,2889200,91123743.0
2025-07-24,HAPV3,31.97,32.09,31.39,31.96,10713,2464300,78392185.0
2025-07-25,HAPV3,32.03,32.81,31.78,32.58,10374,2536800,82226486.0
2025-07-28,HAPV3,32.88,32.97,31.59,31.99,13316,3716900,119044246.0
2025-07-29,HAPV3,32.16,33.02,31.66,32.46,13336,3117500,101310328.0
2025-07-30,HAPV3,32.2,34.07,31.63,33.49,19221,4310900,141511132.0
2025-07-31,HAPV3,33.1,33.74,32.46,33.07,14430,3872900,128287180.0
2025-08-01,HAPV3,33.53,33.96,32.53,32.66,14073,3112700,102852812.0
2025-08-04,HAPV3,33.27,34.0,32.99,33.95,17824,5245300,175836512.0
2025-08-05,HAPV3,33.99,35.61,33.73,35.53,26459,6889200,240558874.0
2025-08-06,HAPV3,35.77,36.55,35.2,35.87,16905,3834400,137278782.0
2025-08-07,HAPV3,36.22,36.77,35.99,36.17,15973,2742300,99549400.0
2025-08-08,HAPV3,35.97,36.18,35.3,35.63,13196,2812400,100180978.0
2025-08-11,HAPV3,35.49,35.49,34.95,35.14,11602,2367900,83276466.0
2025-08-12,HAPV3,35.78,36.38,35.25,35.6,13740,4064800,144484793.0
2025-08-13,HAPV3,35.56,35.7,34.51,34.88,24546,4991900,174234804.0
2025-08-14,HAPV3,36.7,38.42,36.5,37.77,39557,13913300,519508424.0
2025-08-15,HAPV3,37.69,38.66,37.48,38.2,18062,5563700,211786506.0
2025-08-18,HAPV3,38.36,39.49,38.19,39.37,20339,4109700,161020907.0
2025-08-19,HAPV3,39.05,39.22,37.65,37.82,20872,4757200,181620107.0
2025-08-20,HAPV3,37.86,38.0,37.24,37.54,14152,3391900,127238863.0
2025-08-21,HAPV3,37.35,38.13,36.65,36.85,18795,6320200,235624945.0
2025-08-22,HAPV3,37.08,38.5,36.85,38.31,18797,5494300,209103439.0
2025-08-25,HAPV3,38.49,39.31,38.47,39.1,13655,4662500,181947062.0
2025-08-26,HAPV3,39.43,39.43,38.6,38.94,18220,3193700,124149641.0
2025-08-27,HAPV3,39.0,40.07,38.75,39.8,12215,4545800,179332341.0
2025-08-28,HAPV3,40.09,41.32,40.09,40.9,21820,6901100,282243196.0
2025-08-29,HAPV3,40.9,42.15,40.87,41.71,16620,6301300,263221954.0
2025-09-01,HAPV3,42.1,42.2,41.27,41.55,7944,2203600,91526041.0
2025-09-02,HAPV3,41.12,41.78,40.42,41.36,13936,4704400,194251878.0
2025-09-03,HAPV3,41.25,41.49,40.67,40.85,10020,3914100,160450237.0
2025-09-04,HAPV3,40.9,41.41,40.88,41.29,10199,2260900,93176454.0
2025-09-05,HAPV3,41.5,42.66,41.32,41.38,18972,5806500,242348362.0
2025-09-08,HAPV3,41.29,41.7,39.9,40.45,15073,3604300,145437509.0
2025-09-09,HAPV3,40.52,40.57,39.41,39.64,13994,3955500,156943101.0
2025-09-10,HAPV3,40.0,40.27,39.46,40.0,11366,3421400,136700125.0
2025-09-11,HAPV3,40.09,40.62,39.45,39.74,10582,3199400,127756938.0
2025-09-12,HAPV3,39.46,39.69,38.89,39.33,9840,2138600,84134108.0
2025-09-15,HAPV3,39.45,39.79,39.03,39.33,11426,3133800,123494517.0
2025-09-16,HAPV3,39.52,39.88,38.05,38.14,18061,9813600,379462854.0
2025-09-17,HAPV3,38.14,39.05,37.55,38.64,14940,5607800,215445577.0
2025-09-18,HAPV3,38.65,38.94,37.95,38.8,14351,6595700,253446673.0
2025-09-19,HAPV3,39.04,39.54,38.18,38.18,11524,5795900,223090396.0
2025-09-22,HAPV3,38.12,38.12,37.06,37.56,10057,3559900,133240004.0
2025-09-23,HAPV3,37.42,38.28,37.22,38.05,8072,2497800,94693926.0
2025-09-24,HAPV3,38.01,38.17,37.18,37.3,9034,3109000,116264261.0
2025-09-25,HAPV3,37.23,37.23,36.6,37.01,11357,3145500,115944055.0
2025-09-26,HAPV3,37.29,37.29,36.47,36.59,8472,2797500,102653408.0
2025-09-29,HAPV3,37.19,37.89,36.2,36.35,9828,2840800,103907823.0
2025-09-30,HAPV3,36.74,36.84,35.78,35.85,10229,3594200,129595957.0
2025-10-01,HAPV3,35.91,36.07,35.37,35.48,9713,2173200,77365409.0
2025-10-02,HAPV3,35.6,35.82,34.78,35.55,14465,3960600,139645227.0
2025-10-03,HAPV3,35.56,36.16,35.36,35.86,9534,2657000,95089313.0
2025-10-06,HAPV3,35.88,36.52,35.85,36.0,11783,3060900,110436712.0
2025-10-07,HAPV3,35.77,35.77,34.7,35.33,12881,3543500,124508599.0
2025-10-08,HAPV3,35.49,36.42,35.21,36.13,10465,3955900,142449827.0
2025-10-09,HAPV3,36.27,36.53,35.7,35.87,6757,1653700,59453780.0
2025-10-10,HAPV3,35.88,36.03,33.57,33.71,19908,11277300,386193408.0
2025-10-13,HAPV3,34.01,34.52,33.64,33.76,9473,3726600,126500065.0
2025-10-14,HAPV3,33.68,33.76,32.74,32.96,13171,3921900,129798744.0
2025-10-15,HAPV3,33.19,33.62,32.9,33.4,12892,4084600,135617503.0
2025-10-16,HAPV3,33.16,33.33,32.57,32.62,9833,3336500,109899606.0
2025-10-17,HAPV3,32.39,33.27,32.11,32.9,9314,3275400,107847739.0
2025-10-20,HAPV3,32.9,33.51,32.76,33.04,9011,2767600,91879820.0
2025-10-21,HAPV3,32.97,33.05,32.46,32.63,7653,1872700,61154049.0
2025-10-22,HAPV3,32.75,32.75,32.03,32.36,7958,1944800,62933414.0
2025-10-23,HAPV3,32.52,32.71,31.84,32.23,7566,2709000,86943686.0
2025-10-24,HAPV3,32.41,32.86,32.09,32.43,8732,2689600,87139365.0
2025-10-27,HAPV3,33.0,33.0,32.29,32.39,6600,1796100,58339011.0
2025-10-28,HAPV3,32.28,32.79,31.92,32.12,8062,2116000,68377510.0
2025-10-29,HAPV3,32.42,32.67,31.6,31.6,13412,4430700,141567322.0
2025-10-30,HAPV3,31.51,32.18,31.25,31.57,12992,4478300,142247234.0
2025-10-31,HAPV3,31.87,31.87,31.25,31.28,15645,7898500,248324256.0
2025-11-03,HAPV3,31.43,31.69,30.2,30.4,13682,5486700,168207895.0
2025-11-04,HAPV3,30.2,30.8,30.1,30.55,13319,4153600,126623539.0
2025-11-05,HAPV3,30.85,31.68,30.34,31.6,16264,6532000,202213499.0
2025-11-06,HAPV3,31.57,31.57,30.65,31.36,9966,2675200,83288771.0
2025-11-07,HAPV3,31.28,31.65,30.63,31.07,10060,3960000,122666977.0
2025-11-10,HAPV3,31.32,31.42,30.92,31.36,11894,3368600,105013132.0
2025-11-11,HAPV3,31.36,31.83,31.18,31.58,19235,8045800,253738110.0
2025-11-12,HAPV3,31.58,32.77,30.84,32.69,23488,9718600,310394010.0
2025-11-13,HAPV3,22.5,22.5,16.75,18.89,9546,123599300,2354211747.0
2025-11-14,HAPV3,20.0,20.0,17.59,17.79,60128,55985500,1031960529.0
2025-11-17,HAPV3,18.03,19.07,17.74,18.0,39819,17960000,331769653.0
2025-11-18,HAPV3,17.9,17.9,17.0,17.0,27158,13165800,227764357.0
2025-11-19,HAPV3,17.06,17.46,17.03,17.34,28364,11456100,198140386.0
2025-11-21,HAPV3,17.3,17.8,16.9,17.42,21443,8694300,150640459.0
2025-11-24,HAPV3,17.42,17.77,17.03,17.13,16388,6051300,105010242.0
2025-11-25,HAPV3,17.21,17.38,17.0,17.06,15267,6320800,108733688.0
2025-11-26,HAPV3,17.15,17.24,15.84,15.84,25100,16848200,277972796.0
2025-11-27,HAPV3,15.96,16.03,15.0,15.0,21575,13753500,211196743.0
2025-11-28,HAPV3,15.06,15.1,14.09,14.1,25445,14116500,204526288.0
2025-12-01,HAPV3,14.12,14.41,13.86,14.06,18542,11754800,165647562.0
2025-12-02,HAPV3,14.16,14.76,14.01,14.6,21976,13789900,198294434.0
2025-12-03,HAPV3,14.7,14.79,14.4,14.64,12552,6622800,96446064.0
2025-12-04,HAPV3,14.75,15.55,14.71,15.55,21632,9648300,147250127.0
2025-12-05,HAPV3,15.61,15.61,14.28,14.47,27946,16379300,244393323.0
2025-12-08,HAPV3,14.79,14.79,13.6,13.6,16208,8835100,123310533.0
2025-12-09,HAPV3,13.45,13.82,12.77,13.51,26502,20124500,269187579.0
2025-12-10,HAPV3,13.56,13.78,13.37,13.48,13591,6857600,92986003.0
2025-12-11,HAPV3,13.39,14.43,13.37,13.94,18995,11219800,156946014.0
2025-12-12,HAPV3,14.0,14.95,13.93,14.7,21203,11912700,172395911.0
2025-12-15,HAPV3,14.81,15.48,14.81,15.29,15928,6938300,105979059.0
2025-12-16,HAPV3,15.11,15.2,14.31,14.47,14734,6628800,97392867.0
2025-12-17,HAPV3,14.5,14.55,14.23,14.51,15246,8674600,124997405.0
2025-12-18,HAPV3,14.54,14.55,14.16,14.23,11542,4783500,68429794.0
2025-12-19,HAPV3,14.25,14.53,14.11,14.26,18963,7298200,104159568.0
2025-12-22,HAPV3,14.25,14.52,14.06,14.06,15551,5861900,83285524.0
2025-12-23,HAPV3,14.14,14.58,13.83,14.15,19099,10791400,152593143.0
2025-12-26,HAPV3,14.1,14.55,14.02,14.55,8739,6007100,85942092.0
2025-12-29,HAPV3,14.62,14.94,14.49,14.75,10086,3901900,57606796.0
2025-12-30,HAPV3,14.89,15.0,14.55,14.73,9525,5389700,79648338.0
2026-01-02,HAPV3,14.76,14.88,14.36,14.56,10622,6999300,101796793.0
2026-01-05,HAPV3,14.53,15.25,14.28,15.17,12572,5719700,85873885.0
2026-01-06,HAPV3,15.17,16.68,15.17,16.49,19505,10048900,163374036.0
2026-01-07,HAPV3,16.49,16.63,16.05,16.14,10456,3737500,60639429.0
2026-01-08,HAPV3,16.15,16.28,15.29,15.37,13862,9929700,155786050.0
2026-01-09,HAPV3,15.42,15.96,15.23,15.25,15650,6057000,94079607.0
2026-01-12,HAPV3,15.26,15.46,15.08,15.26,8992,3445600,52661593.0
2026-01-13,HAPV3,15.27,15.27,13.8,13.98,34205,19831500,281063854.0
2026-01-14,HAPV3,14.14,14.34,13.6,13.89,14184,8697200,121112317.0
2026-01-15,HAPV3,13.89,14.03,13.15,13.25,15459,10836400,145826053.0
2026-01-16,HAPV3,13.25,13.45,12.93,12.99,13268,8085100,106146855.0
2026-01-19,HAPV3,13.0,13.66,12.85,13.49,10501,5526000,73629754.0
2026-01-20,HAPV3,13.39,13.73,13.2,13.23,9482,4942900,66354878.0
2026-01-21,HAPV3,13.45,13.97,13.36,13.88,10706,6612700,90750709.0
2026-01-22,HAPV3,13.95,14.58,13.79,13.79,21397,8526200,121127228.0
2026-01-23,HAPV3,13.83,13.98,13.4,13.74,19243,10984200,149894656.0
2026-01-26,HAPV3,13.86,13.97,13.3,13.59,12614,7056400,95192062.0
2026-01-27,HAPV3,13.76,14.09,13.67,13.87,25256,10534400,146287941.0
2026-01-28,HAPV3,14.0,14.1,13.46,13.75,17680,9108400,125305449.0
2026-01-29,HAPV3,13.81,13.91,13.18,13.43,13029,10765800,145693459.0
2026-01-30,HAPV3,13.39,13.5,12.86,13.0,16838,10066900,131589761.0
2026-02-02,HAPV3,13.08,13.08,12.7,12.74,18935,9094900,116450882.0
2026-02-03,HAPV3,12.88,13.26,12.8,12.8,11717,7672400,99681322.0
2026-02-04,HAPV3,12.78,12.82,12.26,12.46,18082,9454300,117730277.0
2026-02-05,HAPV3,12.48,12.5,12.05,12.05,17532,7913500,96941444.0
2026-02-06,HAPV3,11.94,11.99,11.69,11.77,20320,12654200,150132833.0
2026-02-09,HAPV3,11.87,12.03,11.36,11.45,20103,10680500,123234776.0
2026-02-10,HAPV3,11.47,11.74,11.31,11.33,9786,6477700,74331344.0
2026-02-11,HAPV3,11.42,11.55,11.19,11.19,16194,9248300,105032808.0
2026-02-12,HAPV3,11.25,11.36,10.7,10.72,16786,12949000,141291838.0
2026-02-13,HAPV3,10.62,10.71,10.4,10.4,20937,16197900,170412958.0
2026-02-18,HAPV3,10.48,10.5,10.06,10.12,16114,12216800,124550230.0
2026-02-19,HAPV3,10.15,11.05,10.15,10.79,34186,16322000,173047845.0
2026-02-20,HAPV3,10.7,11.04,10.36,10.5,16019,14298100,150972811.0
2026-02-23,HAPV3,10.45,10.47,9.97,9.97,15654,11413300,115542835.0
2026-02-24,HAPV3,10.13,10.49,10.08,10.49,15040,11031900,113656416.0
2026-02-25,HAPV3,10.52,10.58,10.09,10.26,10749,7566800,77790635.0
2026-02-26,HAPV3,10.3,11.18,10.3,10.75,26869,15745500,170749432.0
2026-02-27,HAPV3,10.69,11.12,10.43,10.49,17970,10395400,110939940.0
2026-03-02,HAPV3,10.36,10.42,10.2,10.36,12031,8312700,85708066.0
2026-03-03,HAPV3,10.07,10.31,9.85,10.01,24347,15973400,159771879.0
2026-03-04,HAPV3,10.18,10.36,9.95,9.96,15944,12721700,128502096.0
2026-03-05,HAPV3,10.01,10.03,9.6,9.6,15565,11196000,109738525.0
2026-03-06,HAPV3,9.52,9.9,9.45,9.58,14457,7678000,74024677.0
2026-03-09,HAPV3,9.51,9.57,9.3,9.42,12690,7587800,71560814.0
2026-03-10,HAPV3,9.53,9.76,9.35,9.52,9450,6731700,64387846.0
2026-03-11,HAPV3,9.41,9.61,9.38,9.58,10754,6136800,58288728.0
2026-03-12,HAPV3,9.41,9.59,9.21,9.24,15723,7553600,70635083.0
2026-03-13,HAPV3,9.27,9.43,8.67,8.67,19617,16053800,143018011.0
2026-03-16,HAPV3,8.8,8.96,8.54,8.88,22059,14789000,129460145.0
2026-03-17,HAPV3,8.82,8.95,8.61,8.62,16335,11210100,98149712.0
2026-03-18,HAPV3,8.54,8.54,8.11,8.21,20148,14318200,118683301.0
2026-03-19,HAPV3,7.0,9.73,7.0,9.44,50593,57746500,489104353.0
2026-03-20,HAPV3,9.2,9.4,8.56,8.96,32863,24453000,219371002.0
2026-03-23,HAPV3,9.5,9.97,9.24,9.44,21579,13393300,128875237.0
2026-03-24,HAPV3,9.4,9.75,8.99,9.6,12020,8228800,77040426.0
2026-03-25,HAPV3,9.72,10.22,9.51,10.05,16946,14788000,146014870.0
2026-03-26,HAPV3,9.83,10.23,9.79,9.94,10927,6536700,65468714.0
2026-03-27,HAPV3,9.8,10.0,9.32,9.69,12543,9446300,91573468.0
2026-03-30,HAPV3,9.89,9.94,9.44,9.93,16141,7941800,77360826.0
2026-03-31,HAPV3,10.09,10.45,9.91,10.1,13838,7234600,73104141.0
2026-04-01,HAPV3,10.1,10.55,10.0,10.48,15487,9931900,102132722.0
2026-04-02,HAPV3,10.25,11.15,10.05,10.62,18078,12270900,131425660.0
2026-04-06,HAPV3,10.75,11.35,10.62,10.68,14137,11550000,126100276.0
2026-04-07,HAPV3,10.77,10.8,9.9,10.26,14598,32723700,335205519.0
2026-04-08,HAPV3,11.75,12.04,11.19,11.19,27846,15401400,178413109.0
2026-04-09,HAPV3,11.14,11.94,10.84,11.72,18831,10325100,117755992.0
2026-04-10,HAPV3,11.85,13.38,11.84,13.25,32355,21734900,282630968.0
2026-04-13,HAPV3,13.22,13.49,13.0,13.07,17048,9385800,124196339.0
2026-04-14,HAPV3,13.2,13.29,12.8,13.05,16453,7090200,92738924.0
2026-04-15,HAPV3,13.05,13.05,12.15,12.65,17362,10972400,136428502.0
2026-04-16,HAPV3,12.65,13.05,12.25,12.35,15564,8974400,112449547.0
2026-04-17,HAPV3,12.71,12.95,12.23,12.23,12982,4633400,58197482.0
2026-04-20,HAPV3,12.11,12.58,12.07,12.38,10470,3864500,47728040.0
2026-04-22,HAPV3,12.38,12.78,12.22,12.65,8247,4273100,53464272.0
2026-04-23,HAPV3,12.75,13.31,12.51,13.3,25449,12918300,167643139.0
2026-04-24,HAPV3,13.42,14.17,13.3,14.09,28422,14048500,195416765.0
2026-04-27,HAPV3,14.2,14.2,13.1,13.15,44575,21500100,291930678.0
2026-04-28,HAPV3,13.05,13.07,11.92,12.04,21554,14379200,174556439.0
2026-04-29,HAPV3,11.81,12.16,11.57,11.75,13251,5019300,59431844.0
2026-04-30,HAPV3,11.84,12.84,11.51,12.39,20359,13349700,163638945.0
2026-05-04,HAPV3,12.43,12.8,11.23,11.5,26366,12213500,144553648.0
2026-05-05,HAPV3,11.69,12.29,10.99,11.71,23521,13193000,154639229.0
2026-05-06,HAPV3,12.05,12.4,11.78,11.91,14159,5665900,68409980.0
2026-05-07,HAPV3,11.9,12.3,11.76,11.85,17193,10003200,120739780.0
2026-05-08,HAPV3,12.0,12.67,11.77,11.81,11097,7118100,86537986.0
2026-05-11,HAPV3,11.81,12.04,11.25,11.44,16845,8669400,100979804.0
2026-05-12,HAPV3,12.3,13.23,11.91,12.5,41965,25945600,324413964.0
2026-05-13,HAPV3,12.83,14.42,12.24,12.74,51827,23108900,307360531.0
2026-05-14,HAPV3,13.04,13.58,12.61,13.26,23651,11417000,149530294.0
2026-05-15,HAPV3,12.95,13.15,12.36,12.45,20934,11777400,148535552.0
2026-05-18,HAPV3,12.51,12.97,12.42,12.83,18642,12484100,158652220.0
2026-05-19,HAPV3,12.5,13.0,12.23,12.71,15195,9144300,115978601.0
2026-05-20,HAPV3,12.85,13.44,12.81,13.27,13343,6539700,86690813.0
2026-05-21,HAPV3,13.2,13.2,12.34,12.34,18567,12758700,161620197.0
2026-05-22,HAPV3,12.46,12.64,11.71,12.05,20421,10072600,121527534.0
2026-05-25,HAPV3,12.34,12.55,12.18,12.4,8336,4208000,52064158.0
2026-05-26,HAPV3,12.4,12.6,12.03,12.6,11348,5559000,68569740.0
2026-05-27,HAPV3,12.73,13.04,12.32,12.4,12148,6347000,79922437.0
2026-05-28,HAPV3,12.5,12.79,12.31,12.48,15413,6396900,80243486.0
2026-05-29,HAPV3,12.5,12.53,11.84,12.15,19133,11170500,134931318.0
2026-06-01,HAPV3,12.24,12.42,11.9,12.2,13098,5171700,62986467.0
2026-06-02,HAPV3,12.23,12.43,12.07,12.23,10262,4549600,55667717.0
2026-06-03,HAPV3,11.98,12.06,11.06,11.22,28481,14470800,166179699.0
2026-06-05,HAPV3,11.18,11.39,10.94,10.94,13277,5672400,62853514.0
2026-06-08,HAPV3,10.9,11.23,10.81,10.89,10577,4300600,47120399.0
2026-06-09,HAPV3,10.9,11.53,10.9,11.38,11765,5806400,65574280.0
2026-06-10,HAPV3,11.47,11.47,11.12,11.41,8690,4382400,49508294.0
2026-06-11,HAPV3,11.42,11.79,11.08,11.59,12338,5654500,64579202.0
2026-06-12,HAPV3,11.52,11.93,11.26,11.4,13431,5236500,60470219.0
2026-06-15,HAPV3,11.86,12.22,11.33,11.42,17186,8720200,102349103.0
2026-06-16,HAPV3,11.34,11.47,11.21,11.21,9731,4429100,50131437.0
2026-06-17,HAPV3,11.24,11.37,10.52,10.58,21337,8940000,97325258.0
2026-06-18,HAPV3,10.47,11.02,10.42,10.58,9443,4530400,48458104.0
2026-06-19,HAPV3,10.65,10.7,10.31,10.31,7567,5820100,60768176.0
2026-06-22,HAPV3,10.43,10.79,10.33,10.61,9558,5396100,57023117.0
2026-06-23,HAPV3,10.49,10.72,10.19,10.28,14747,6092200,63030086.0
2026-06-24,HAPV3,10.22,10.53,10.15,10.17,8344,3968200,40985724.0
2026-06-25,HAPV3,10.26,10.42,10.03,10.12,7096,4593400,46781610.0
2026-06-26,HAPV3,10.16,10.38,9.94,10.24,8513,3249700,33079132.0
2026-06-29,HAPV3,10.21,10.37,10.06,10.35,5105,2171900,22300469.0
2026-06-30,HAPV3,10.23,10.49,10.0,10.21,11027,4331900,44631148.0
2026-07-01,HAPV3,10.1,10.55,9.99,10.55,7152,3629500,37383068.0
2026-07-02,HAPV3,10.63,10.86,10.36,10.41,6396,2336700,24627603.0
2026-07-03,HAPV3,10.55,10.7,10.37,10.63,5870,2240700,23712130.0
2026-07-06,HAPV3,10.51,10.56,10.29,10.38,9520,3316100,34425401.0
2026-07-07,HAPV3,10.4,10.48,10.12,10.19,8943,2906800,29716729.0
2026-07-08,HAPV3,10.14,10.2,9.96,9.96,5356,2594600,26084702.0
2026-07-09,HAPV3,10.0,10.21,9.81,10.07,9414,4140000,41494550.0
2026-07-10,HAPV3,10.36,10.67,10.22,10.6,9847,5384000,56563617.0
2026-07-13,HAPV3,10.57,10.72,10.34,10.46,7289,3022700,31798236.0
2026-07-14,HAPV3,10.5,11.19,10.47,11.19,12572,5509300,60137102.0
2026-07-15,HAPV3,11.12,11.17,10.81,10.99,13379,5577500,61238218.0
2026-07-16,HAPV3,10.88,11.01,10.71,10.95,7182,3366000,36657346.0
2026-07-17,HAPV3,10.97,11.47,10.89,11.38,15438,5483100,62086780.0
2026-07-20,HAPV3,11.43,11.63,11.29,11.55,13897,4875400,56005089.0
2026-07-21,HAPV3,11.52,11.58,11.06,11.24,16396,6142600,69053723.0
2026-07-22,HAPV3,11.28,11.63,11.24,11.39,11172,3224000,37005920.0
2026-07-23,HAPV3,11.32,11.32,10.47,10.47,10787,6010900,64792637.0
2026-07-24,HAPV3,10.42,10.5,9.89,9.92,12308,6042500,60970107.0
2026-07-27,HAPV3,10.02,10.55,10.02,10.19,8502,4298600,44431550.0
2026-07-28,HAPV3,10.52,10.72,10.33,10.6,8410,4244100,44781079.0
2026-07-29,HAPV3,10.62,10.76,10.43,10.55,7823,3626500,38365805.0
2026-07-30,HAPV3,10.55,11.04,10.55,11.01,11305,4492400,48733620.0
2026-07-31,HAPV3,11.1,11.34,10.93,11.28,5191,2016600,22654202.0
2026-08-03,HAPV3,11.41,11.96,11.39,11.91,13596,5267500,61858019.0
2026-08-04,HAPV3,12.1,12.2,11.62,11.78,11331,3939700,46524579.0
2026-08-05,HAPV3,11.9,11.9,11.07,11.11,10109,4782600,54428080.0
2026-08-06,HAPV3,11.11,11.26,10.77,11.13,8389,3544600,39161394.0
2026-08-07,HAPV3,11.13,11.52,10.75,10.77,8764,4204700,46092977.0
2026-08-10,HAPV3,10.79,10.82,10.26,10.3,8909,7414500,77789339.0
2026-08-11,HAPV3,10.31,10.54,9.73,9.79,10645,6387300,63840113.0
2026-08-12,HAPV3,9.8,9.86,9.48,9.58,9706,6702400,64458155.0
2026-08-13,HAPV3,7.81,8.81,6.41,6.41,43184,46181400,332669062.0
2026-08-14,HAPV3,6.4,6.78,6.14,6.73,27666,23960900,153453868.0
2026-08-17,HAPV3,6.7,7.09,6.56,6.58,19192,12645200,85014099.0
2026-08-18,HAPV3,6.58,7.08,6.54,6.78,20397,15880500,109144699.0
2026-08-19,HAPV3,6.85,6.89,6.52,6.56,13764,9460700,63046742.0
2026-08-20,HAPV3,6.51,6.52,6.01,6.09,22178,16784000,103870494.0
2021-08-20,LREN3,38.68,39.53,38.6,39.2,28251,8984800,351073021.0
2021-08-23,LREN3,39.11,39.6,37.68,38.05,34525,9121600,348844276.0
2021-08-24,LREN3,38.22,39.18,38.22,38.9,25498,6022300,233636154.0
2021-08-25,LREN3,38.85,39.77,38.47,39.32,19311,5805100,226475996.0
2021-08-26,LREN3,38.99,39.25,37.82,37.91,30680,8680000,332098329.0
2021-08-27,LREN3,38.06,38.54,37.53,38.21,18788,7292400,278659220.0
2021-08-30,LREN3,38.2,38.38,37.64,37.98,16282,3902000,148230327.0
2021-08-31,LREN3,38.16,38.83,37.28,38.06,22593,7922700,300930117.0
2021-09-01,LREN3,37.8,38.22,37.15,37.5,28163,10375300,389816636.0
2021-09-02,LREN3,37.4,37.4,36.53,36.53,27264,7053200,259901289.0
2021-09-03,LREN3,36.8,37.12,36.06,37.12,25613,10629000,389726633.0
2021-09-06,LREN3,36.84,37.45,36.81,37.12,9268,2532300,94227859.0
2021-09-08,LREN3,37.06,37.18,35.06,35.18,41307,11490200,410919949.0
2021-09-09,LREN3,35.32,36.32,34.56,35.81,36480,10865100,382631900.0
2021-09-10,LREN3,36.56,37.08,35.82,36.17,40469,9210700,335149472.0
2021-09-13,LREN3,36.7,37.53,36.46,37.17,26131,6797800,252083513.0
2021-09-14,LREN3,37.3,37.97,37.06,37.38,27045,8619700,323674660.0
2021-09-15,LREN3,37.64,37.98,36.33,36.79,25814,9669000,355983611.0
2021-09-16,LREN3,36.75,37.48,36.47,37.25,22272,6346000,236012944.0
2021-09-17,LREN3,37.08,37.4,36.51,36.55,25476,11189900,411787697.0
2021-09-20,LREN3,36.18,36.61,35.22,35.71,36438,7269900,259204587.0
2021-09-21,LREN3,35.95,37.26,35.75,36.55,26080,7344400,269060432.0
2021-09-22,LREN3,36.71,36.87,35.93,36.61,30199,7357600,268438203.0
2021-09-23,LREN3,36.76,37.47,36.56,37.2,24969,10285300,382457474.0
2021-09-24,LREN3,36.96,37.08,36.53,36.98,18598,4933100,181706904.0
2021-09-27,LREN3,37.11,37.16,35.52,35.85,19728,6090100,219681778.0
2021-09-28,LREN3,35.62,35.66,33.78,34.24,40811,10544900,362269669.0
2021-09-29,LREN3,34.44,35.48,34.2,34.48,26161,6164700,214300025.0
2021-09-30,LREN3,34.51,35.18,34.15,34.42,27024,7137700,246471048.0
2021-10-01,LREN3,34.48,36.3,34.14,36.22,33621,10446200,373662336.0
2021-10-04,LREN3,36.03,36.13,33.97,34.32,24717,7589400,261978828.0
2021-10-05,LREN3,34.37,34.88,33.88,34.23,31538,12006500,411870491.0
2021-10-06,LREN3,33.4,33.9,32.45,33.8,41484,11022300,366433437.0
2021-10-07,LREN3,34.08,34.3,33.44,33.77,23355,7337300,247792356.0
2021-10-08,LREN3,34.2,36.0,34.12,34.7,33958,10979700,386576309.0
2021-10-11,LREN3,34.94,34.94,33.76,33.9,22550,6958700,237737492.0
2021-10-13,LREN3,34.08,35.4,33.84,34.78,37606,13794700,482460772.0
2021-10-14,LREN3,34.84,35.16,34.15,34.6,19470,4692600,162078218.0
2021-10-15,LREN3,34.44,36.0,34.24,35.75,36244,10430500,369998842.0
2021-10-18,LREN3,35.69,36.63,34.9,35.99,26752,8237300,296542843.0
2021-10-19,LREN3,35.5,35.5,33.83,34.43,39144,12762900,438835254.0
2021-10-20,LREN3,34.18,35.93,34.18,34.94,37708,12743700,449020816.0
2021-10-21,LREN3,33.99,35.14,33.12,33.39,52185,17908400,610011874.0
2021-10-22,LREN3,33.0,33.11,30.4,32.05,4913,33233200,1053363533.0
2021-10-25,LREN3,32.15,33.4,31.87,32.85,39100,12671600,415726380.0
2021-10-26,LREN3,32.5,32.74,31.26,31.49,35724,11477900,364432754.0
2021-10-27,LREN3,31.62,33.19,31.52,32.37,41678,12557500,410002108.0
2021-10-28,LREN3,31.74,32.96,31.74,32.35,35247,10110800,327342371.0
2021-10-29,LREN3,32.66,32.92,31.87,32.23,32278,9373800,302943379.0
2021-11-01,LREN3,32.25,33.47,32.25,33.2,26978,7113600,235519125.0
2021-11-03,LREN3,33.03,35.49,32.97,34.86,56949,12339300,427545287.0
2021-11-04,LREN3,34.85,35.31,33.73,34.1,27911,9549500,327237471.0
2021-11-05,LREN3,31.43,32.8,31.31,31.6,34639,9878400,315432730.0
2021-11-08,LREN3,31.66,31.66,30.62,31.0,18796,5415200,168065779.0
2021-11-09,LREN3,31.17,33.0,31.1,32.32,28517,7943100,257507728.0
2021-11-10,LREN3,32.03,33.83,32.03,32.76,39643,12068300,399234116.0
2021-11-11,LREN3,33.17,34.76,32.87,33.93,38525,13957400,474970142.0
2021-11-12,LREN3,33.8,33.8,31.94,32.23,55381,20338700,664468412.0
2021-11-16,LREN3,32.57,32.73,30.85,31.21,42813,11843200,372375507.0
2021-11-17,LREN3,31.71,31.88,30.1,30.98,33431,8698000,268536138.0
2021-11-18,LREN3,31.08,31.87,30.85,31.85,28658,9395400,296038747.0
2021-11-19,LREN3,31.9,33.41,31.83,32.32,41018,14532100,475004493.0
2021-11-22,LREN3,32.45,32.66,30.96,31.18,23396,7208200,228166984.0
2021-11-23,LREN3,31.41,31.71,30.16,31.15,31221,9635000,296844477.0
2021-11-24,LREN3,31.08,31.46,29.99,30.61,37299,11295400,346368263.0
2021-11-25,LREN3,30.72,31.48,30.42,30.77,28043,8927400,275753557.0
2021-11-26,LREN3,30.0,30.0,28.6,29.36,36896,12979900,378306029.0
2021-11-29,LREN3,29.75,30.07,28.7,28.94,30592,8821400,257574514.0
2021-11-30,LREN3,28.6,29.31,27.8,28.45,52427,19591200,555327642.0
2021-12-01,LREN3,28.9,29.66,27.97,28.29,40907,10688100,307542478.0
2021-12-02,LREN3,28.76,29.09,28.16,28.61,46557,14850100,424542039.0
2021-12-03,LREN3,28.74,30.38,28.64,29.25,33603,10778300,319125283.0
2021-12-06,LREN3,29.47,30.0,28.98,29.79,25696,9548300,282556768.0
2021-12-07,LREN3,30.19,30.32,28.96,29.46,28012,9473700,279006903.0
2021-12-08,LREN3,29.4,29.94,28.76,29.6,29104,9571500,281255699.0
2021-12-09,LREN3,29.32,29.58,27.86,28.25,36615,11891800,337551144.0
2021-12-10,LREN3,28.65,29.04,28.14,28.4,28665,8837100,251773253.0
2021-12-13,LREN3,28.51,28.76,27.81,27.81,26605,10734300,301113327.0
2021-12-14,LREN3,28.06,28.27,26.29,26.45,53671,16004600,431518992.0
2021-12-15,LREN3,26.57,27.13,25.97,26.99,41796,15093500,400710956.0
2021-12-16,LREN3,27.2,27.27,25.93,26.2,29400,12146700,321207932.0
2021-12-17,LREN3,25.82,26.71,25.41,26.24,32266,14755400,386996914.0
2021-12-20,LREN3,25.81,26.15,25.13,25.26,30079,10783100,273659724.0
2021-12-21,LREN3,25.5,25.67,24.55,24.69,32149,10889300,269865318.0
2021-12-22,LREN3,24.66,24.74,23.85,24.6,34362,14927900,363703473.0
2021-12-23,LREN3,24.7,24.89,23.88,24.17,21175,5953400,144024314.0
2021-12-27,LREN3,24.15,24.86,24.11,24.37,21193,6871000,168542626.0
2021-12-28,LREN3,24.53,24.85,24.17,24.46,21680,7083400,172864312.0
2021-12-29,LREN3,24.47,24.51,23.9,23.9,14172,7020000,168880732.0
2021-12-30,LREN3,23.95,24.76,23.91,24.44,24891,7548300,184176704.0
2022-01-03,LREN3,24.45,24.65,23.08,23.08,43839,11665200,273271054.0
2022-01-04,LREN3,23.25,23.55,22.44,22.8,39529,16175500,368854439.0
2022-01-05,LREN3,22.72,22.98,21.65,21.69,38316,13078300,289412974.0
2022-01-06,LREN3,21.87,22.94,21.44,22.8,64773,21405100,479115730.0
2022-01-07,LREN3,22.75,23.39,22.27,22.99,46744,15523500,357259742.0
2022-01-10,LREN3,22.74,23.11,22.36,22.74,35275,7373400,167366621.0
2022-01-11,LREN3,22.66,23.52,22.35,23.26,30046,10202200,236670904.0
2022-01-12,LREN3,23.45,24.89,23.3,24.65,49180,20968200,513856160.0
2022-01-13,LREN3,24.41,25.0,24.15,24.76,32069,9710100,238944005.0
2022-01-14,LREN3,24.7,24.77,23.72,23.97,29943,8439300,202727790.0
2022-01-17,LREN3,23.95,24.23,23.44,23.49,14847,4096300,97265221.0
2022-01-18,LREN3,23.43,23.75,23.05,23.5,29449,6345400,148932917.0
2022-01-19,LREN3,23.8,25.14,23.67,24.85,43789,12686800,314633024.0
2022-01-20,LREN3,25.3,26.62,25.16,26.14,58303,22423500,584318062.0
2022-01-21,LREN3,25.9,26.99,25.54,26.44,46969,17309600,460255449.0
2022-01-24,LREN3,26.34,26.38,25.54,25.88,37586,8087800,208998318.0
2022-01-25,LREN3,25.62,27.29,25.57,27.01,52763,18346700,485509145.0
2022-01-26,LREN3,27.91,28.87,27.28,27.75,63453,16685600,465994402.0
2022-01-27,LREN3,28.2,28.89,27.6,27.93,56047,15589400,438102634.0
2022-01-28,LREN3,27.55,28.36,27.39,28.15,39087,11471800,320817551.0
2022-01-31,LREN3,28.09,28.47,27.82,28.12,31244,11328100,318536950.0
2022-02-01,LREN3,28.05,28.61,26.72,26.98,33958,11837100,322077974.0
2022-02-02,LREN3,27.1,27.49,26.08,26.59,34537,8882000,235315753.0
2022-02-03,LREN3,26.68,27.25,26.19,26.67,23719,7040500,187981182.0
2022-02-04,LREN3,26.5,26.62,25.4,26.2,25747,7007500,181745282.0
2022-02-07,LREN3,26.11,26.52,25.36,25.69,19825,5801100,149602202.0
2022-02-08,LREN3,25.31,25.77,24.72,25.58,34134,9215200,233893473.0
2022-02-09,LREN3,26.33,26.43,25.57,25.91,21380,5645800,146637263.0
2022-02-10,LREN3,26.03,26.16,25.36,25.58,31302,8556000,219852591.0
2022-02-11,LREN3,25.63,26.33,24.86,25.35,36982,13087100,335543365.0
2022-02-14,LREN3,25.52,26.27,25.51,25.91,25946,8001100,207718676.0
2022-02-15,LREN3,26.3,27.24,26.16,27.11,37806,11342800,305500509.0
2022-02-16,LREN3,27.19,27.67,26.77,27.51,39072,11687500,319310052.0
2022-02-17,LREN3,27.46,28.03,27.21,27.23,31290,9631500,264952004.0
2022-02-18,LREN3,27.55,27.72,26.96,27.6,28726,9478300,259801587.0
2022-02-21,LREN3,27.46,27.46,25.92,26.37,22784,7323000,194545576.0
2022-02-22,LREN3,26.66,26.92,25.81,25.93,31643,10563300,276627454.0
2022-02-23,LREN3,25.9,27.07,25.53,25.7,30877,10592300,276470007.0
2022-02-24,LREN3,25.15,25.97,24.36,25.51,39292,12812000,321286861.0
2022-02-25,LREN3,25.59,25.69,24.76,25.32,37352,12570400,316237792.0
2022-03-02,LREN3,24.5,26.06,24.44,25.24,19374,6224600,157687998.0
2022-03-03,LREN3,25.29,25.62,24.6,24.76,28129,6577000,163336680.0
2022-03-04,LREN3,24.71,24.88,23.86,24.13,26394,9023900,217414772.0
2022-03-07,LREN3,23.7,23.95,21.98,21.98,60080,27869200,631835702.0
2022-03-08,LREN3,22.03,23.97,21.44,23.38,77518,50316500,1151725762.0
2022-03-09,LREN3,23.74,25.07,23.27,24.46,52158,29906300,731749976.0
2022-03-10,LREN3,23.9,24.45,23.12,23.74,39025,13732400,328420051.0
2022-03-11,LREN3,23.8,24.18,22.64,22.85,31723,7590600,175448028.0
2022-03-14,LREN3,23.15,23.2,22.16,22.3,21600,6545700,146769788.0
2022-03-15,LREN3,22.09,22.71,21.92,22.38,42352,13716400,307503185.0
2022-03-16,LREN3,22.6,23.0,22.34,22.8,25163,7919700,180111694.0
2022-03-17,LREN3,22.77,23.11,22.27,22.9,27827,15552100,355153320.0
2022-03-18,LREN3,21.4,24.3,21.13,24.15,80154,43469300,995255525.0
2022-03-21,LREN3,24.15,24.19,22.96,24.04,45191,15579600,369547715.0
2022-03-22,LREN3,24.37,25.3,24.32,24.9,48516,16608100,413231421.0
2022-03-23,LREN3,24.8,26.26,24.34,26.15,72703,22260900,572378493.0
2022-03-24,LREN3,26.13,27.95,25.81,27.65,67692,21177800,570103026.0
2022-03-25,LREN3,27.9,28.52,27.32,27.58,41020,15427500,428905476.0
2022-03-28,LREN3,27.64,27.83,26.54,26.92,30050,10434100,280105686.0
2022-03-29,LREN3,27.8,28.08,27.18,27.49,36979,10413900,287088897.0
2022-03-30,LREN3,27.5,27.97,26.93,27.34,27752,6624900,182526512.0
2022-03-31,LREN3,27.48,27.91,27.11,27.5,24573,10657100,292767022.0
2022-04-01,LREN3,27.9,29.3,27.88,29.06,50844,21261500,614077407.0
2022-04-04,LREN3,29.18,29.61,28.3,29.39,32371,11957800,348340982.0
2022-04-05,LREN3,29.45,29.83,27.55,27.96,38463,15315000,438711519.0
2022-04-06,LREN3,27.84,27.84,26.6,27.05,55636,15942700,431333063.0
2022-04-07,LREN3,26.71,27.23,26.3,26.82,39615,10724500,288071678.0
2022-04-08,LREN3,26.57,27.37,26.16,26.73,44835,21570400,577274519.0
2022-04-11,LREN3,26.3,27.02,26.01,26.75,31856,10367800,276321937.0
2022-04-12,LREN3,27.15,27.54,26.07,26.2,26142,13511800,359503694.0
2022-04-13,LREN3,26.5,26.71,26.01,26.67,26572,11197900,296582835.0
2022-04-14,LREN3,26.51,27.08,26.42,26.74,25321,9447700,252710629.0
2022-04-18,LREN3,26.61,27.0,26.19,26.43,15707,8534000,226598491.0
2022-04-19,LREN3,26.28,26.44,25.89,26.25,19025,9992700,261967966.0
2022-04-20,LREN3,26.0,26.27,25.2,25.98,33704,12036200,310175689.0
2022-04-22,LREN3,25.4,25.61,24.7,25.02,42022,11626100,291202755.0
2022-04-25,LREN3,24.67,25.16,24.32,25.0,25642,10646500,265061292.0
2022-04-26,LREN3,24.87,25.75,24.27,24.46,42442,15031700,371652187.0
2022-04-27,LREN3,24.9,25.32,24.16,24.53,39316,25730500,637383501.0
2022-04-28,LREN3,24.51,24.74,24.07,24.39,25788,12724800,309388139.0
2022-04-29,LREN3,24.57,25.05,23.67,23.75,32658,11394100,276395597.0
2022-05-02,LREN3,23.71,23.97,23.2,23.9,26856,11441300,270681482.0
2022-05-03,LREN3,24.14,24.19,23.32,23.52,27058,10328000,243395210.0
2022-05-04,LREN3,23.42,24.44,22.54,24.26,35802,14708400,344087743.0
2022-05-05,LREN3,23.98,24.08,22.55,22.87,30645,9387200,215451875.0
2022-05-06,LREN3,23.22,24.96,22.97,24.24,93121,37092000,888309135.0
2022-05-09,LREN3,23.9,24.54,23.42,23.89,36233,11425900,272943831.0
2022-05-10,LREN3,24.3,25.24,24.07,24.74,42326,12904600,318136661.0
2022-05-11,LREN3,24.74,24.89,24.16,24.53,26956,9112100,223572738.0
2022-05-12,LREN3,24.36,25.72,24.24,25.28,39347,10069800,254491001.0
2022-05-13,LREN3,25.4,25.94,25.3,25.47,27605,5367300,137829491.0
2022-05-16,LREN3,25.6,26.15,25.31,25.9,25384,6915800,179660856.0
2022-05-17,LREN3,26.63,27.04,25.84,26.03,44241,17296300,454331069.0
2022-05-18,LREN3,25.8,25.96,25.17,25.5,28847,9848100,252334398.0
2022-05-19,LREN3,25.49,25.87,25.24,25.67,22446,8245800,210909288.0
2022-05-20,LREN3,25.95,26.19,25.48,25.65,26450,8211400,211316610.0
2022-05-23,LREN3,25.95,26.0,25.38,25.39,23613,7201300,183985725.0
2022-05-24,LREN3,25.05,25.34,24.38,25.17,40889,13469700,334848722.0
2022-05-25,LREN3,25.05,25.7,24.57,25.56,34500,12197300,306744076.0
2022-05-26,LREN3,25.66,26.86,25.48,26.24,36780,11538500,304902975.0
2022-05-27,LREN3,26.32,26.59,25.93,26.09,24784,5588600,146654750.0
2022-05-30,LREN3,26.43,26.53,25.73,25.87,12709,4151600,108268484.0
2022-05-31,LREN3,26.15,26.82,25.74,26.6,35471,15997700,424833441.0
2022-06-01,LREN3,26.73,27.11,26.33,26.94,33439,12397000,331482915.0
2022-06-02,LREN3,27.24,28.39,27.17,28.03,42252,16438000,458798162.0
2022-06-03,LREN3,28.16,28.5,27.33,28.19,31379,10437800,291912120.0
2022-06-06,LREN3,28.36,28.42,26.94,26.98,21109,5537000,151291185.0
2022-06-07,LREN3,26.67,26.83,26.07,26.68,44429,9997300,265543608.0
2022-06-08,LREN3,26.44,26.68,26.0,26.35,35627,8778500,230938242.0
2022-06-09,LREN3,26.29,26.39,24.93,25.22,45871,24448900,624098308.0
2022-06-10,LREN3,25.12,25.28,23.96,24.08,50453,18831800,458585672.0
2022-06-13,LREN3,23.6,23.65,22.95,23.15,40750,10974900,255017361.0
2022-06-14,LREN3,22.99,23.73,22.78,22.93,36263,9098000,209639935.0
2022-06-15,LREN3,23.39,24.5,23.35,23.9,44835,14634200,349818553.0
2022-06-17,LREN3,23.42,23.82,22.76,23.74,43549,20016100,470695366.0
2022-06-20,LREN3,23.84,24.61,23.24,23.87,21579,9937100,237368809.0
2022-06-21,LREN3,23.89,24.13,22.9,23.11,33868,14227200,330711068.0
2022-06-22,LREN3,22.71,23.88,22.66,23.47,27098,8213900,192745016.0
2022-06-23,LREN3,23.49,24.38,23.48,23.85,33689,12033500,287896166.0
2022-06-24,LREN3,24.01,24.1,22.87,23.15,25556,10987700,256323239.0
2022-06-27,LREN3,23.21,23.88,23.12,23.19,19199,6230300,145759356.0
2022-06-28,LREN3,23.34,23.39,22.31,22.72,29209,8885300,202561807.0
2022-06-29,LREN3,22.73,22.81,22.07,22.3,21416,6088400,135916623.0
2022-06-30,LREN3,21.97,22.79,21.77,22.62,40678,9205200,206539224.0
2022-07-01,LREN3,22.43,23.44,22.2,23.1,36992,15403800,355114716.0
2022-07-04,LREN3,23.03,23.57,22.82,23.03,12615,5335200,123970137.0
2022-07-05,LREN3,22.75,23.24,22.45,23.09,30323,9343000,213336817.0
2022-07-06,LREN3,23.05,24.03,23.01,23.86,36414,10288400,244300787.0
2022-07-07,LREN3,24.11,25.02,24.01,24.75,36127,12932000,319346083.0
2022-07-08,LREN3,24.76,25.39,24.45,24.78,26849,10964900,272390184.0
2022-07-11,LREN3,24.49,24.56,23.92,24.07,25617,7636600,184778801.0
2022-07-12,LREN3,23.97,24.69,23.95,24.18,24729,7278600,176860106.0
2022-07-13,LREN3,24.01,25.2,23.96,24.6,42314,18043400,448355672.0
2022-07-14,LREN3,24.38,24.88,24.24,24.74,34996,12680600,311339810.0
2022-07-15,LREN3,24.76,25.4,24.52,25.07,35030,11699900,293377519.0
2022-07-18,LREN3,25.46,26.03,24.84,25.04,38060,15832900,403349616.0
2022-07-19,LREN3,25.23,25.59,24.33,24.74,27664,8507400,210225462.0
2022-07-20,LREN3,24.74,25.25,24.5,25.12,26829,8869800,221386809.0
2022-07-21,LREN3,24.99,25.15,24.61,24.82,16703,4965800,123365479.0
2022-07-22,LREN3,24.91,25.18,23.91,24.42,25659,6485900,158314977.0
2022-07-25,LREN3,24.66,24.99,24.57,24.7,15724,4710800,116685726.0
2022-07-26,LREN3,24.68,24.72,23.82,24.04,18673,7104200,171570874.0
2022-07-27,LREN3,24.2,25.32,24.13,25.22,25764,7211500,179791497.0
2022-07-28,LREN3,25.08,26.17,24.92,25.97,26331,7445800,191888294.0
2022-07-29,LREN3,25.98,26.08,25.01,25.29,25787,17415700,441077802.0
2022-08-01,LREN3,25.12,25.83,25.12,25.34,33803,9307700,236697044.0
2022-08-02,LREN3,25.29,25.68,25.12,25.57,24965,8371800,213353948.0
2022-08-03,LREN3,25.61,27.32,25.59,27.26,54668,24590000,657909238.0
2022-08-04,LREN3,27.91,28.96,27.88,28.25,57852,25924200,737471153.0
2022-08-05,LREN3,28.91,29.3,26.69,27.47,76439,32818200,914146569.0
2022-08-08,LREN3,27.81,28.03,27.11,27.5,41097,15360100,423036610.0
2022-08-09,LREN3,27.73,28.04,26.38,26.86,40407,11896500,319964787.0
2022-08-10,LREN3,28.04,28.29,27.47,27.97,45354,31327000,872969539.0
2022-08-11,LREN3,28.08,28.54,26.81,27.24,41565,13319400,364608068.0
2022-08-12,LREN3,27.51,28.05,27.4,27.69,25421,11371300,314701883.0
2022-08-15,LREN3,27.4,28.8,27.23,28.63,41531,13009800,368465985.0
2022-08-16,LREN3,28.63,28.65,27.57,28.06,31729,9683700,270593761.0
2022-08-17,LREN3,27.83,28.15,27.42,27.65,38879,11740700,325642433.0
2022-08-18,LREN3,27.6,27.83,27.26,27.65,23934,7222400,199076014.0
2022-08-19,LREN3,27.37,27.5,26.8,27.13,46075,15612300,423155130.0
2022-08-22,LREN3,26.75,27.09,26.3,26.57,26469,13502700,359744511.0
2022-08-23,LREN3,26.54,27.33,26.34,27.0,21429,9486800,256602490.0
2022-08-24,LREN3,27.08,27.87,26.92,27.23,22597,6285400,172114062.0
2022-08-25,LREN3,27.33,27.92,27.27,27.6,27898,6452400,178146330.0
2022-08-26,LREN3,27.67,27.99,27.42,27.8,29526,11119300,307353771.0
2022-08-29,LREN3,27.68,27.99,27.15,27.53,20740,9064200,249676687.0
2022-08-30,LREN3,27.63,27.73,26.99,27.39,18853,9633600,264985962.0
2022-08-31,LREN3,27.74,27.92,26.29,26.47,27208,12859600,343679698.0
2022-09-01,LREN3,26.53,26.71,25.71,26.57,53939,18465400,484616022.0
2022-09-02,LREN3,26.76,27.16,26.27,26.7,23471,9333100,249083141.0
2022-09-05,LREN3,27.05,27.14,26.57,26.97,11650,4485500,120440149.0
2022-09-06,LREN3,26.63,26.65,25.68,26.03,32721,10098000,262169743.0
2022-09-08,LREN3,26.25,26.62,25.6,26.02,34217,17705800,461432870.0
2022-09-09,LREN3,26.51,27.09,26.39,26.85,23561,10039000,268876664.0
2022-09-12,LREN3,27.33,28.13,27.12,27.52,28139,14125100,391342227.0
2022-09-13,LREN3,26.91,27.36,26.57,27.22,27402,6736500,182185504.0
2022-09-14,LREN3,27.09,27.67,26.77,27.38,18591,7168700,195918891.0
2022-09-15,LREN3,27.31,27.72,26.75,26.8,17585,6380200,172053412.0
2022-09-16,LREN3,26.73,26.73,25.53,26.38,49615,21242300,553301895.0
2022-09-19,LREN3,26.29,26.99,26.23,26.72,20329,6266600,166889004.0
2022-09-20,LREN3,26.7,26.94,26.31,26.82,28960,7494800,199773706.0
2022-09-21,LREN3,26.83,28.1,26.52,27.62,35686,13710200,375649020.0
2022-09-22,LREN3,27.82,28.58,27.55,28.45,46417,14869300,416862632.0
2022-09-23,LREN3,27.89,28.58,27.73,28.57,34973,11230800,318246456.0
2022-09-26,LREN3,28.31,28.55,27.65,27.86,36497,12805800,357365509.0
2022-09-27,LREN3,28.14,28.61,27.75,27.96,40764,12027300,337733179.0
2022-09-28,LREN3,27.81,28.24,27.15,27.63,48131,17010800,469128805.0
2022-09-29,LREN3,27.25,27.31,26.54,26.94,33495,13183300,354531277.0
2022-09-30,LREN3,26.75,28.24,26.51,27.85,32814,10987700,305047010.0
2022-10-03,LREN3,28.9,30.28,28.5,30.12,52568,17600600,523285634.0
2022-10-04,LREN3,30.75,30.8,29.31,29.98,37366,11361300,339193095.0
2022-10-05,LREN3,30.0,30.8,29.57,30.58,33339,12788800,389097142.0
2022-10-06,LREN3,30.58,31.8,30.57,31.27,46536,16274800,510975130.0
2022-10-07,LREN3,31.28,31.37,30.65,30.88,26732,7610400,235720391.0
2022-10-10,LREN3,30.92,31.1,30.38,30.73,23286,5631300,172467089.0
2022-10-11,LREN3,30.64,30.89,29.6,29.95,47918,12081700,363158593.0
2022-10-13,LREN3,29.57,29.82,29.18,29.18,36957,8858700,260835865.0
2022-10-14,LREN3,29.12,29.54,28.33,28.54,24514,7132600,205975267.0
2022-10-17,LREN3,29.0,29.62,28.81,29.09,22568,6795700,198784110.0
2022-10-18,LREN3,29.84,29.9,29.12,29.47,27316,9462300,278530150.0
2022-10-19,LREN3,29.49,29.6,29.0,29.35,22546,5345400,156371396.0
2022-10-20,LREN3,29.53,29.69,28.34,28.69,40994,13054700,374593964.0
2022-10-21,LREN3,28.56,29.5,28.14,29.06,45082,12531700,360520979.0
2022-10-24,LREN3,28.97,28.99,28.03,28.59,27289,7058100,200436227.0
2022-10-25,LREN3,28.54,29.04,27.9,28.04,29409,8399700,238306503.0
2022-10-26,LREN3,27.84,28.08,27.07,27.31,36942,10291100,283138700.0
2022-10-27,LREN3,27.55,28.66,27.27,28.3,33001,12699800,357626098.0
2022-10-28,LREN3,28.07,29.25,27.92,28.88,39056,11088100,320301501.0
2022-10-31,LREN3,28.92,31.19,28.8,30.9,60036,27685200,838490718.0
2022-11-01,LREN3,31.04,31.28,29.97,30.47,40392,11299200,346597103.0
2022-11-03,LREN3,29.81,30.79,29.76,30.47,40898,12276100,374469235.0
2022-11-04,LREN3,30.0,30.0,28.58,29.18,89352,37029300,1085328819.0
2022-11-07,LREN3,28.96,29.29,27.63,28.27,46852,17170400,485909618.0
2022-11-08,LREN3,28.12,28.6,27.53,27.82,39576,13444300,376174137.0
2022-11-09,LREN3,27.8,28.3,27.19,27.43,37533,12108800,334686924.0
2022-11-10,LREN3,26.57,26.84,24.73,25.13,81339,35996300,916859586.0
2022-11-11,LREN3,25.2,25.39,24.21,24.52,67719,18848900,464423698.0
2022-11-14,LREN3,25.08,25.5,24.67,25.19,54806,19836000,496947640.0
2022-11-16,LREN3,25.15,25.15,23.62,24.1,81303,22327100,537667210.0
2022-11-17,LREN3,23.8,24.32,23.02,24.25,59226,22157200,524237012.0
2022-11-18,LREN3,24.45,25.23,24.04,24.24,39130,15020200,368275643.0
2022-11-21,LREN3,24.67,25.35,24.2,25.11,39631,13356700,332647008.0
2022-11-22,LREN3,25.14,25.29,24.4,24.7,44171,12291400,303471581.0
2022-11-23,LREN3,24.4,24.64,23.98,24.22,34908,11314300,274740857.0
2022-11-24,LREN3,24.66,25.75,24.48,25.57,25510,11315500,284942641.0
2022-11-25,LREN3,25.38,25.4,23.84,23.97,38687,12389900,300342402.0
2022-11-28,LREN3,23.95,24.15,22.91,22.91,46402,25620400,597136477.0
2022-11-29,LREN3,23.1,23.62,22.42,22.96,42466,13041700,300606102.0
2022-11-30,LREN3,22.9,23.29,22.47,23.15,41044,18836200,433080419.0
2022-12-01,LREN3,22.7,22.84,22.09,22.42,57759,17493900,392311048.0
2022-12-02,LREN3,22.59,22.91,21.8,22.31,54378,17025700,382119833.0
2022-12-05,LREN3,21.9,22.02,20.57,20.57,55401,22986000,485473735.0
2022-12-06,LREN3,21.0,21.67,20.95,21.61,68994,35245800,755325309.0
2022-12-07,LREN3,21.61,22.3,21.43,22.04,54054,20625200,453165459.0
2022-12-08,LREN3,21.99,22.28,21.02,21.13,54759,21061100,450412344.0
2022-12-09,LREN3,21.33,21.33,20.64,20.74,26377,9250100,193793123.0
2022-12-12,LREN3,20.75,21.1,19.99,20.47,43095,13435300,273459769.0
2022-12-13,LREN3,20.69,20.92,19.84,19.92,42795,13446700,273560742.0
2022-12-14,LREN3,19.79,20.76,19.14,20.45,62610,24242600,483387451.0
2022-12-15,LREN3,20.06,21.03,19.71,19.94,33384,13037700,264348955.0
2022-12-16,LREN3,20.07,20.18,19.21,19.44,31721,17798800,346856263.0
2022-12-19,LREN3,19.58,20.6,19.52,20.38,51065,18240300,368562306.0
2022-12-20,LREN3,20.25,22.03,20.03,21.24,58974,28438700,611022916.0
2022-12-21,LREN3,21.43,21.61,20.61,20.87,45567,15621000,329811176.0
2022-12-22,LREN3,20.88,21.15,20.48,20.65,41667,14308900,296317120.0
2022-12-23,LREN3,20.8,22.11,20.57,21.88,51563,19451900,422142339.0
2022-12-26,LREN3,21.98,21.99,20.7,20.71,20556,7836900,164150345.0
2022-12-27,LREN3,20.91,20.96,19.9,20.38,29167,9750800,197516408.0
2022-12-28,LREN3,20.59,21.18,20.36,20.84,22543,7653500,158637465.0
2022-12-29,LREN3,21.03,21.1,20.13,20.48,31425,15124000,310274822.0
2023-01-02,LREN3,20.27,20.33,19.06,19.33,26620,7901100,153060978.0
2023-01-03,LREN3,19.45,19.64,18.68,18.87,38546,16029900,305517875.0
2023-01-04,LREN3,19.26,19.39,18.78,18.99,46802,15570400,297013542.0
2023-01-05,LREN3,19.15,19.41,18.38,18.7,68761,35651300,665096821.0
2023-01-06,LREN3,18.9,19.58,18.78,19.39,37786,22888400,440282652.0
2023-01-09,LREN3,19.09,19.84,18.78,19.44,33621,15663800,303387446.0
2023-01-10,LREN3,19.29,20.21,19.1,20.02,30423,12697700,251779190.0
2023-01-11,LREN3,20.1,20.9,20.1,20.82,34186,15054000,311103573.0
2023-01-12,LREN3,20.45,21.96,20.01,21.24,71712,28781500,608939638.0
2023-01-13,LREN3,21.28,21.76,19.97,20.14,42896,22731300,471430434.0
2023-01-16,LREN3,20.76,20.91,19.43,19.73,41771,17356000,345645472.0
2023-01-17,LREN3,19.9,20.1,19.66,19.94,24131,12056500,240163096.0
2023-01-18,LREN3,20.35,21.3,20.29,20.65,44964,22351900,465207982.0
2023-01-19,LREN3,20.5,21.01,20.14,20.8,37377,13306400,275518115.0
2023-01-20,LREN3,20.98,21.28,20.45,20.55,46726,18894900,392652563.0
2023-01-23,LREN3,20.77,21.04,20.39,20.39,26014,9068400,187001455.0
2023-01-24,LREN3,20.5,21.39,20.44,21.29,24993,7469600,157816763.0
2023-01-25,LREN3,21.23,21.88,20.8,21.73,32875,11338400,244205635.0
2023-01-26,LREN3,21.65,21.98,21.54,21.83,23179,6645100,144863839.0
2023-01-27,LREN3,21.85,22.0,21.21,21.26,15934,5173200,110805765.0
2023-01-30,LREN3,21.31,21.7,21.04,21.19,20029,7586900,161863665.0
2023-01-31,LREN3,21.48,21.83,21.25,21.63,33048,13739500,295778321.0
2023-02-01,LREN3,21.6,22.23,21.13,21.66,30191,10283900,221562446.0
2023-02-02,LREN3,21.55,22.43,21.43,21.78,39980,13705400,301468012.0
2023-02-03,LREN3,21.32,21.32,20.08,20.26,55152,24095800,493485202.0
2023-02-06,LREN3,20.5,20.51,19.77,20.2,34139,13331400,267104057.0
2023-02-07,LREN3,20.34,20.35,19.66,19.77,33484,14272300,283749315.0
2023-02-08,LREN3,20.0,20.4,19.55,20.1,30136,12985200,259536222.0
2023-02-09,LREN3,20.14,20.31,19.13,19.25,39445,16984800,331144260.0
2023-02-10,LREN3,19.15,19.62,19.02,19.28,32295,8439200,162102707.0
2023-02-13,LREN3,19.33,19.64,18.97,19.34,26944,9008300,173870378.0
2023-02-14,LREN3,19.46,19.56,18.54,18.72,28316,11920700,224241506.0
2023-02-15,LREN3,18.82,19.75,18.55,19.23,34583,14605000,282514222.0
2023-02-16,LREN3,19.01,19.58,18.65,19.38,35835,19776900,379404215.0
2023-02-17,LREN3,18.79,19.83,18.43,19.62,52446,33809800,651787924.0
2023-02-22,LREN3,19.18,19.4,18.52,18.69,28420,20340900,382804330.0
2023-02-23,LREN3,18.75,19.37,18.61,19.18,33195,23075200,437460941.0
2023-02-24,LREN3,19.17,19.41,18.85,19.01,24292,12633700,240921602.0
2023-02-27,LREN3,19.1,19.54,18.98,19.2,32381,23122300,447128629.0
2023-02-28,LREN3,19.04,19.42,18.65,18.65,22937,11459500,216320721.0
2023-03-01,LREN3,18.74,18.8,17.63,17.9,38259,22539900,404556334.0
2023-03-02,LREN3,17.9,18.48,17.75,18.1,28852,13492200,245196223.0
2023-03-03,LREN3,18.27,18.27,17.74,17.75,28476,9995000,179220052.0
2023-03-06,LREN3,17.77,18.56,17.45,18.14,29188,12173200,220033050.0
2023-03-07,LREN3,18.21,18.51,17.97,18.24,25332,8998400,164051927.0
2023-03-08,LREN3,18.19,19.79,18.12,19.6,53840,27862100,538922366.0
2023-03-09,LREN3,19.5,20.23,19.15,19.33,46076,23989000,472529316.0
2023-03-10,LREN3,19.0,19.15,18.47,18.93,38261,16012500,300872845.0
2023-03-13,LREN3,18.71,19.74,18.49,19.22,36579,12849600,247758482.0
2023-03-14,LREN3,19.1,19.32,18.33,18.47,31460,14173100,264779303.0
2023-03-15,LREN3,18.3,18.75,17.8,18.54,50062,21644900,396047095.0
2023-03-16,LREN3,18.53,19.04,18.28,18.7,38088,20024400,372867960.0
2023-03-17,LREN3,18.55,18.57,17.93,18.07,27831,18757500,339539442.0
2023-03-20,LREN3,18.19,18.21,17.23,17.46,25921,18052500,316562412.0
2023-03-21,LREN3,17.7,17.73,17.35,17.6,29579,12194400,213695044.0
2023-03-22,LREN3,17.66,17.91,17.12,17.27,37740,22287800,388117401.0
2023-03-23,LREN3,17.26,17.42,16.25,16.82,43456,23996500,401535636.0
2023-03-24,LREN3,16.9,17.3,16.78,16.99,22746,12837100,218785012.0
2023-03-27,LREN3,17.14,17.33,16.84,17.28,32751,12096400,207694204.0
2023-03-28,LREN3,17.3,17.94,16.96,17.87,30016,19237600,340497426.0
2023-03-29,LREN3,17.75,17.8,16.64,17.0,40326,18473900,314860319.0
2023-03-30,LREN3,17.65,18.1,17.37,17.64,43263,24422300,431036253.0
2023-03-31,LREN3,17.5,17.73,16.38,16.57,68347,50297100,843331850.0
2023-04-03,LREN3,16.63,16.63,15.18,15.41,67591,51077800,790016605.0
2023-04-04,LREN3,15.53,15.94,15.39,15.39,35778,22640600,353114402.0
2023-04-05,LREN3,15.42,15.49,14.85,14.97,45598,29412600,443422602.0
2023-04-06,LREN3,15.16,15.73,14.92,15.71,44390,26650900,409375155.0
2023-04-10,LREN3,15.82,15.99,15.43,15.46,24758,12266200,191910984.0
2023-04-11,LREN3,15.9,17.22,15.85,16.9,82352,46360000,777451157.0
2023-04-12,LREN3,17.31,18.0,17.15,17.19,66900,34929000,611765382.0
2023-04-13,LREN3,17.25,17.31,16.62,16.85,39283,15494000,262420948.0
2023-04-14,LREN3,16.72,16.8,16.17,16.3,40463,28539400,468055053.0
2023-04-17,LREN3,16.44,16.94,16.3,16.74,40087,24215400,403624395.0
2023-04-18,LREN3,16.81,16.81,15.94,16.05,30481,18405300,298323777.0
2023-04-19,LREN3,15.81,15.81,15.06,15.17,39362,21922000,334919202.0
2023-04-20,LREN3,15.17,15.48,14.94,15.18,35501,22440000,340163180.0
2023-04-24,LREN3,15.14,15.46,14.97,15.1,19075,18083100,274741157.0
2023-04-25,LREN3,14.77,14.92,14.45,14.77,23128,20456200,300645500.0
2023-04-26,LREN3,14.85,15.25,14.6,14.98,24841,18527800,275790110.0
2023-04-27,LREN3,14.9,15.03,14.46,15.01,27365,17413100,258505787.0
2023-04-28,LREN3,15.14,15.86,15.01,15.84,28865,22743400,354291900.0
2023-05-02,LREN3,15.7,15.72,14.85,14.92,36181,25383700,381613719.0
2023-05-03,LREN3,14.95,14.95,14.37,14.57,39961,24466800,356242652.0
2023-05-04,LREN3,15.36,15.76,14.97,15.46,54259,35962800,551584397.0
2023-05-05,LREN3,15.43,17.07,15.41,16.9,43930,36947600,611965664.0
2023-05-08,LREN3,16.99,17.64,16.78,16.8,53060,22736700,388222782.0
2023-05-09,LREN3,16.86,17.79,16.86,17.5,40391,27381700,477283617.0
2023-05-10,LREN3,17.53,17.81,17.42,17.5,26761,19365400,340671311.0
2023-05-11,LREN3,17.18,17.36,16.8,16.92,28682,19472000,330891211.0
2023-05-12,LREN3,16.8,17.02,16.57,16.82,26671,11960600,201088725.0
2023-05-15,LREN3,16.95,17.48,16.51,17.34,21907,16173600,277193655.0
2023-05-16,LREN3,17.3,17.58,16.91,16.98,28115,12257000,211680566.0
2023-05-17,LREN3,17.06,18.67,17.05,18.62,54440,38644400,701978405.0
2023-05-18,LREN3,18.41,19.17,18.27,18.85,62592,31240200,586519768.0
2023-05-19,LREN3,18.99,20.11,18.64,19.41,58189,51162900,996821396.0
2023-05-22,LREN3,19.25,19.54,18.9,18.93,37554,22002000,420866580.0
2023-05-23,LREN3,18.95,19.6,18.49,18.62,42291,33179300,629709209.0
2023-05-24,LREN3,18.53,18.68,17.99,18.39,38267,21261300,391321360.0
2023-05-25,LREN3,19.13,19.65,18.81,19.5,43022,21081000,407763790.0
2023-05-26,LREN3,19.83,20.45,19.69,20.04,52482,23365200,469883551.0
2023-05-29,LREN3,20.12,20.19,19.47,19.69,17432,7576300,149172022.0
2023-05-30,LREN3,19.91,20.03,19.1,19.32,32478,15297600,297876573.0
2023-05-31,LREN3,19.39,19.63,18.98,19.45,32208,20329900,393620671.0
2023-06-01,LREN3,19.55,20.74,19.23,20.56,56100,25138400,507896616.0
2023-06-02,LREN3,20.8,21.41,20.33,20.47,50191,31872300,661676098.0
2023-06-05,LREN3,20.5,20.76,20.18,20.52,19094,8138200,166555651.0
2023-06-06,LREN3,20.73,21.44,20.66,21.12,44267,25728700,544690049.0
2023-06-07,LREN3,21.51,22.15,21.24,21.65,36827,18801200,405990439.0
2023-06-09,LREN3,21.86,22.47,21.77,21.83,44034,16461500,363518688.0
2023-06-12,LREN3,21.99,23.16,21.84,22.82,33531,20245000,458668831.0
2023-06-13,LREN3,23.01,23.12,21.33,21.5,39811,19075900,418096260.0
2023-06-14,LREN3,21.58,21.76,20.94,21.49,54524,30578900,652772449.0
2023-06-15,LREN3,21.7,22.0,21.04,21.07,36607,18731300,399905038.0
2023-06-16,LREN3,20.96,21.02,20.32,20.33,54626,27458700,563815507.0
2023-06-19,LREN3,20.3,20.93,20.3,20.78,20483,11976400,248113391.0
2023-06-20,LREN3,20.67,21.83,20.43,21.58,41564,29000000,617783966.0
2023-06-21,LREN3,21.57,21.93,21.26,21.76,40040,28796600,618759664.0
2023-06-22,LREN3,21.37,21.53,20.74,21.4,28559,15213300,320946139.0
2023-06-23,LREN3,21.6,22.73,21.2,22.31,33916,17974300,395438845.0
2023-06-26,LREN3,22.29,22.29,21.36,21.64,18768,12010800,260287879.0
2023-06-27,LREN3,21.95,22.13,20.76,21.09,40760,27231800,576168290.0
2023-06-28,LREN3,20.91,21.66,20.63,20.93,31183,16819200,356203521.0
2023-06-29,LREN3,21.07,21.59,20.69,21.39,33855,20029100,425009341.0
2023-06-30,LREN3,21.6,21.6,19.59,20.0,81673,64610000,1313253543.0
2023-07-03,LREN3,19.82,20.42,19.5,20.29,37039,23585900,475337202.0
2023-07-04,LREN3,20.3,20.66,20.19,20.28,21374,12253100,250352999.0
2023-07-05,LREN3,20.21,20.8,20.04,20.45,27707,13630900,280065033.0
2023-07-06,LREN3,20.36,20.62,19.57,19.8,32203,15704600,312323761.0
2023-07-07,LREN3,19.93,20.7,19.79,20.42,35491,21918200,447645163.0
2023-07-10,LREN3,20.38,20.38,19.02,19.1,40909,35468500,692062231.0
2023-07-11,LREN3,19.2,19.22,18.32,18.86,60302,29718900,555418116.0
2023-07-12,LREN3,19.21,19.26,18.51,18.57,32725,17720600,332661183.0
2023-07-13,LREN3,18.76,18.97,18.39,18.45,31568,17635600,328041241.0
2023-07-14,LREN3,18.59,18.59,17.64,17.83,45354,25470600,457223285.0
2023-07-17,LREN3,17.69,18.13,17.57,17.96,32057,31908100,570028559.0
2023-07-18,LREN3,17.76,18.4,17.67,18.11,35326,29791600,537889154.0
2023-07-19,LREN3,18.11,18.11,17.61,17.78,39835,32109700,571733960.0
2023-07-20,LREN3,17.95,18.06,17.78,17.88,54375,45479400,814293935.0
2023-07-21,LREN3,17.9,18.52,17.9,18.3,40461,33977500,621208539.0
2023-07-24,LREN3,18.3,19.0,18.23,18.86,44105,34446700,640998278.0
2023-07-25,LREN3,18.94,19.48,18.52,18.64,29765,20322100,386313691.0
2023-07-26,LREN3,18.7,19.17,18.39,19.0,23073,26640500,500063403.0
2023-07-27,LREN3,18.97,19.17,18.59,18.63,16031,12679700,238480379.0
2023-07-28,LREN3,18.74,18.86,18.4,18.64,17061,10908700,203046852.0
2023-07-31,LREN3,18.89,19.25,18.69,18.75,24990,16842400,318463042.0
2023-08-01,LREN3,18.71,18.75,18.49,18.65,25174,16763600,312503229.0
2023-08-02,LREN3,18.6,19.11,18.49,19.0,25135,12618000,237968746.0
2023-08-03,LREN3,19.39,19.53,18.39,18.55,32042,26706700,503037513.0
2023-08-04,LREN3,18.55,20.15,18.46,19.62,63607,53256400,1041457351.0
2023-08-07,LREN3,19.71,19.75,18.93,19.0,26124,21550000,414595499.0
2023-08-08,LREN3,18.52,19.5,17.93,19.15,25350,14600100,276747044.0
2023-08-09,LREN3,18.93,19.01,17.99,18.3,48102,32678100,602862407.0
2023-08-10,LREN3,18.75,19.06,18.4,18.72,31304,26634500,501156637.0
2023-08-11,LREN3,18.83,19.18,18.48,18.51,22278,15285900,286261842.0
2023-08-14,LREN3,18.5,18.56,17.24,17.57,38478,24208400,429817430.0
2023-08-15,LREN3,17.7,17.7,17.04,17.44,38270,22166800,384079943.0
2023-08-16,LREN3,17.76,18.31,17.3,17.49,56536,28855800,514664367.0
2023-08-17,LREN3,17.71,17.71,17.01,17.11,26455,17495700,300880990.0
2023-08-18,LREN3,17.09,17.67,16.91,17.36,24433,18585200,323887397.0
2023-08-21,LREN3,17.47,17.47,16.9,17.11,32521,22869600,391274457.0
2023-08-22,LREN3,17.26,17.41,17.09,17.18,14357,12057000,208101983.0
2023-08-23,LREN3,17.27,17.44,17.0,17.41,23656,18726400,323111149.0
2023-08-24,LREN3,17.36,17.55,16.75,16.89,33203,21462700,366126691.0
2023-08-25,LREN3,16.73,16.83,16.41,16.61,23622,14766500,244615093.0
2023-08-28,LREN3,16.68,16.86,16.45,16.7,21948,17213700,286821484.0
2023-08-29,LREN3,16.85,16.96,16.44,16.7,21974,11104000,185233343.0
2023-08-30,LREN3,16.71,16.81,16.43,16.44,18309,11429900,189765906.0
2023-08-31,LREN3,16.36,16.36,15.85,16.03,24134,21229000,341227544.0
2023-09-01,LREN3,16.05,17.08,16.05,16.77,37843,28483000,476819038.0
2023-09-04,LREN3,16.7,17.04,16.3,16.44,17598,10451100,173581652.0
2023-09-05,LREN3,16.34,16.34,15.93,16.07,31194,20960100,337171012.0
2023-09-06,LREN3,16.07,16.14,15.48,15.57,33926,26999000,423567978.0
2023-09-08,LREN3,15.45,15.68,15.25,15.52,27961,11458900,177812783.0
2023-09-11,LREN3,15.83,15.93,15.4,15.75,19662,13971200,219224054.0
2023-09-12,LREN3,15.67,16.1,15.57,16.01,19595,11441400,182621642.0
2023-09-13,LREN3,15.99,16.71,15.87,16.25,25307,17186300,281893943.0
2023-09-14,LREN3,16.42,16.52,15.85,16.06,18250,11468600,183942801.0
2023-09-15,LREN3,16.1,16.11,15.4,15.58,22887,20283700,316239153.0
2023-09-18,LREN3,15.62,15.66,15.26,15.43,17514,10656900,164876010.0
2023-09-19,LREN3,15.52,15.52,14.4,14.6,32173,35535700,525567004.0
2023-09-20,LREN3,14.55,14.93,14.38,14.66,63128,36453800,535111987.0
2023-09-21,LREN3,14.3,14.34,13.87,13.95,48997,32911400,461519634.0
2023-09-22,LREN3,14.06,14.14,13.79,13.89,40158,22788900,318141330.0
2023-09-25,LREN3,13.75,13.93,13.56,13.8,29574,22211400,305760790.0
2023-09-26,LREN3,13.53,13.78,13.03,13.16,68822,46175400,613292632.0
2023-09-27,LREN3,13.3,13.37,12.64,12.9,57999,56301900,726401418.0
2023-09-28,LREN3,12.9,13.54,12.75,13.42,50960,39311900,524056823.0
2023-09-29,LREN3,13.59,13.89,13.23,13.4,41379,25611100,345116480.0
2023-10-02,LREN3,13.23,13.27,12.73,12.85,33848,19060800,246128887.0
2023-10-03,LREN3,12.83,12.94,12.5,12.53,36882,17733600,225162804.0
2023-10-04,LREN3,12.86,13.16,12.59,12.93,32925,20806700,268429867.0
2023-10-05,LREN3,12.89,13.23,12.63,12.73,30857,21437100,274347359.0
2023-10-06,LREN3,12.43,12.72,12.09,12.59,33094,23575200,293101432.0
2023-10-09,LREN3,12.4,12.84,12.15,12.68,24013,20253400,253085964.0
2023-10-10,LREN3,12.87,13.1,12.77,13.0,34046,22324400,289682540.0
2023-10-11,LREN3,13.1,13.21,12.93,13.1,32016,21485700,280356536.0
2023-10-13,LREN3,13.02,13.06,12.55,12.69,47355,24135600,307487591.0
2023-10-16,LREN3,12.89,13.21,12.58,12.96,33768,16262100,210949085.0
2023-10-17,LREN3,12.8,13.05,12.62,12.81,43806,19208100,246665081.0
2023-10-18,LREN3,12.71,12.72,12.22,12.24,47274,35243500,435221398.0
2023-10-19,LREN3,12.25,12.58,12.24,12.34,25632,11384300,140988735.0
2023-10-20,LREN3,12.23,12.42,12.05,12.22,25648,16790500,205136275.0
2023-10-23,LREN3,12.22,12.65,12.16,12.4,20648,15596700,193929657.0
2023-10-24,LREN3,12.6,12.66,12.2,12.38,25848,15879400,196115581.0
2023-10-25,LREN3,12.35,12.61,12.15,12.35,23364,26826900,331692059.0
2023-10-26,LREN3,12.45,12.7,12.35,12.68,23131,12904700,162382279.0
2023-10-27,LREN3,12.68,12.72,12.17,12.21,20694,14070200,174105399.0
2023-10-30,LREN3,12.3,12.32,11.81,11.94,24939,15509200,185791759.0
2023-10-31,LREN3,11.97,12.38,11.72,12.26,24106,14091200,170969732.0
2023-11-01,LREN3,12.37,12.69,12.18,12.27,35827,22985200,285506279.0
2023-11-03,LREN3,12.7,13.26,12.68,13.24,37080,19558500,255929059.0
2023-11-06,LREN3,13.4,13.46,12.52,12.61,28010,14642600,187385142.0
2023-11-07,LREN3,12.56,13.42,12.5,13.18,42008,25626300,336747973.0
2023-11-08,LREN3,13.13,13.73,12.96,13.45,40822,21963700,294950898.0
2023-11-09,LREN3,13.59,14.07,13.25,13.55,42206,30615500,418319609.0
2023-11-10,LREN3,13.75,13.75,12.71,12.96,60241,44179900,581205209.0
2023-11-13,LREN3,12.95,13.52,12.87,13.35,36603,22501900,298453426.0
2023-11-14,LREN3,13.4,14.15,13.25,14.03,42078,24013100,334910912.0
2023-11-16,LREN3,14.0,14.58,13.95,14.4,53889,31963500,459816437.0
2023-11-17,LREN3,14.53,14.81,14.26,14.35,30695,18786600,271921861.0
2023-11-20,LREN3,14.45,14.71,14.22,14.65,24903,16014000,232054911.0
2023-11-21,LREN3,14.5,14.62,14.25,14.4,26888,22606500,325475427.0
2023-11-22,LREN3,14.59,15.28,14.51,14.98,53373,28609000,428124594.0
2023-11-23,LREN3,15.05,15.16,14.76,15.03,19244,8059500,120837206.0
2023-11-24,LREN3,14.93,15.22,14.48,14.56,32321,25730700,381562064.0
2023-11-27,LREN3,14.71,15.23,14.65,14.87,29547,18277700,273408557.0
2023-11-28,LREN3,14.96,15.53,14.73,15.45,34592,28408100,436051914.0
2023-11-29,LREN3,15.61,16.25,15.61,16.09,58799,48674000,782177661.0
2023-11-30,LREN3,16.25,16.51,15.86,16.37,38453,28035700,456469092.0
2023-12-01,LREN3,16.41,16.75,16.18,16.38,40883,29681000,488316751.0
2023-12-04,LREN3,16.3,16.44,15.93,16.05,36799,20190300,325895907.0
2023-12-05,LREN3,16.16,16.62,16.0,16.25,28690,16333900,265119266.0
2023-12-06,LREN3,16.35,16.66,16.25,16.38,26851,19541300,320641505.0
2023-12-07,LREN3,16.4,16.9,16.32,16.62,23663,19265500,318190607.0
2023-12-08,LREN3,16.71,16.78,16.24,16.45,29628,18282300,301156188.0
2023-12-11,LREN3,16.47,16.47,16.06,16.27,29166,12236700,198749096.0
2023-12-12,LREN3,16.36,16.61,16.11,16.19,22658,14091100,229083868.0
2023-12-13,LREN3,16.19,16.82,15.95,16.73,35559,24451100,399365988.0
2023-12-14,LREN3,16.91,17.49,16.86,17.45,40656,27256900,471326163.0
2023-12-15,LREN3,17.83,17.96,16.98,17.3,28222,33337100,580240600.0
2023-12-18,LREN3,17.48,17.59,17.19,17.3,22627,10600100,183860801.0
2023-12-19,LREN3,17.47,17.51,17.25,17.34,24111,11151600,193252550.0
2023-12-20,LREN3,17.34,17.38,17.04,17.11,27623,12511200,215430230.0
2023-12-21,LREN3,17.15,17.4,16.74,17.32,29244,18434000,316297954.0
2023-12-22,LREN3,17.44,17.71,17.11,17.71,20280,15027300,263860952.0
2023-12-26,LREN3,17.68,17.75,17.33,17.58,15983,10199900,178347784.0
2023-12-27,LREN3,17.57,17.67,17.48,17.55,25426,10253200,180087811.0
2023-12-28,LREN3,17.46,17.66,17.3,17.42,22668,11687800,203737921.0
2024-01-02,LREN3,17.25,17.38,17.04,17.21,27766,16840500,288960019.0
2024-01-03,LREN3,17.21,17.23,16.88,16.89,25013,14818600,251986059.0
2024-01-04,LREN3,16.81,16.87,16.1,16.23,22767,15440500,252385399.0
2024-01-05,LREN3,16.13,16.86,16.13,16.64,19930,12798400,212243410.0
2024-01-08,LREN3,16.54,17.39,16.45,17.28,28080,15607500,266405210.0
2024-01-09,LREN3,17.05,17.15,16.8,16.81,26961,13905900,235458803.0
2024-01-10,LREN3,16.8,16.99,16.36,16.49,26309,13106400,217059099.0
2024-01-11,LREN3,16.39,16.6,16.22,16.45,29193,12611600,206904330.0
2024-01-12,LREN3,16.4,17.21,16.4,16.96,24840,17747600,301671214.0
2024-01-15,LREN3,16.9,17.27,16.81,17.0,15071,7320800,124774693.0
2024-01-16,LREN3,16.9,17.09,16.55,16.71,30389,11862500,198889182.0
2024-01-17,LREN3,16.63,16.84,16.44,16.78,31823,14600600,242594369.0
2024-01-18,LREN3,16.84,16.85,16.33,16.49,25027,14168400,233608059.0
2024-01-19,LREN3,16.58,16.8,16.08,16.72,30567,27179900,445060796.0
2024-01-22,LREN3,16.37,16.5,15.64,15.81,32650,25928500,414432859.0
2024-01-23,LREN3,15.91,16.27,15.76,15.91,34819,25271100,404906303.0
2024-01-24,LREN3,16.05,16.07,15.64,15.8,32044,29485600,466311709.0
2024-01-25,LREN3,15.8,16.39,15.64,16.15,25094,14444300,232763416.0
2024-01-26,LREN3,16.23,16.23,15.7,15.78,20017,12265900,194202217.0
2024-01-29,LREN3,15.78,15.88,15.65,15.71,16228,6588900,103784692.0
2024-01-30,LREN3,15.7,15.71,15.37,15.58,16411,7739400,120272571.0
2024-01-31,LREN3,15.65,16.35,15.65,16.05,22825,14247600,229602490.0
2024-02-01,LREN3,16.16,16.44,15.74,16.16,28797,13400700,215204006.0
2024-02-02,LREN3,16.07,16.38,15.74,15.74,19452,8973300,142639621.0
2024-02-05,LREN3,15.65,15.8,14.95,15.02,30182,14862500,225973831.0
2024-02-06,LREN3,15.02,15.65,15.02,15.61,16027,7245400,112343267.0
2024-02-07,LREN3,15.57,15.61,15.02,15.51,18100,11917100,182048362.0
2024-02-08,LREN3,15.4,15.44,14.62,14.96,31516,28192100,418643499.0
2024-02-09,LREN3,15.03,15.35,14.76,14.83,23031,10396400,155969268.0
2024-02-14,LREN3,14.61,14.84,14.5,14.6,31275,10318200,151138163.0
2024-02-15,LREN3,14.78,14.83,14.33,14.47,21926,10646200,154261383.0
2024-02-16,LREN3,14.63,14.69,14.32,14.4,15285,10531100,152309065.0
2024-02-19,LREN3,14.31,14.67,14.22,14.59,12563,5709600,82524307.0
2024-02-20,LREN3,14.47,14.83,14.38,14.75,17249,9564400,140631293.0
2024-02-21,LREN3,14.79,14.79,14.5,14.74,21373,8738900,127645208.0
2024-02-22,LREN3,14.83,15.16,14.75,15.13,19190,12846000,192572614.0
2024-02-23,LREN3,15.5,15.73,14.98,15.26,24582,16917800,259072138.0
2024-02-26,LREN3,15.25,15.43,15.17,15.28,14818,7293000,111403888.0
2024-02-27,LREN3,15.4,16.22,15.34,16.15,26165,15125000,241708312.0
2024-02-28,LREN3,16.02,16.33,15.7,15.7,19044,11181900,178369046.0
2024-02-29,LREN3,15.64,16.02,15.54,15.8,17784,9624200,152202273.0
2024-03-01,LREN3,15.96,16.74,15.85,16.63,31657,21104600,346224163.0
2024-03-04,LREN3,16.62,16.62,16.09,16.17,23418,9856700,160326234.0
2024-03-05,LREN3,16.16,16.6,16.04,16.34,22183,9437700,154544516.0
2024-03-06,LREN3,16.47,16.5,16.0,16.05,25796,12822600,207559634.0
2024-03-07,LREN3,16.15,16.55,16.04,16.24,22699,13612400,221111978.0
2024-03-08,LREN3,16.1,16.41,15.6,16.23,52327,23431200,378467606.0
2024-03-11,LREN3,16.1,16.29,15.83,15.94,20492,7594400,121576491.0
2024-03-12,LREN3,16.08,16.67,16.02,16.54,21245,12972800,213736501.0
2024-03-13,LREN3,16.54,17.14,16.37,16.91,31516,20475700,345961938.0
2024-03-14,LREN3,16.96,17.1,16.46,16.51,23585,9785600,162926644.0
2024-03-15,LREN3,16.05,16.19,15.3,15.4,40551,34828200,544172335.0
2024-03-18,LREN3,15.46,15.87,15.26,15.51,29099,29541000,458210630.0
2024-03-19,LREN3,15.57,15.79,15.3,15.61,23500,16641900,258190199.0
2024-03-20,LREN3,15.5,16.35,15.5,16.19,28225,15866700,254359074.0
2024-03-21,LREN3,16.2,16.2,15.78,15.88,17314,9877300,157186029.0
2024-03-22,LREN3,15.75,15.88,15.4,15.64,15173,17686800,277731977.0
2024-03-25,LREN3,15.7,15.87,15.6,15.69,15438,7443800,117042269.0
2024-03-26,LREN3,15.68,15.83,15.39,15.5,18557,17212700,268244080.0
2024-03-27,LREN3,15.5,16.34,15.5,16.34,24076,12501400,199154463.0
2024-03-28,LREN3,16.28,17.06,16.26,16.98,29649,14700600,247905930.0
2024-04-01,LREN3,16.91,17.04,16.7,16.84,19079,14675000,246963028.0
2024-04-02,LREN3,16.84,17.62,16.84,17.48,34955,18990000,329787123.0
2024-04-03,LREN3,17.47,17.49,16.85,17.03,27893,17606700,300749655.0
2024-04-04,LREN3,17.17,17.79,17.16,17.4,32402,17560700,308784440.0
2024-04-05,LREN3,17.3,17.43,16.83,16.94,13569,7474200,127290894.0
2024-04-08,LREN3,17.03,17.32,16.84,17.15,16816,8473300,145508844.0
2024-04-09,LREN3,17.14,17.57,17.14,17.29,11308,5330400,92363001.0
2024-04-10,LREN3,17.19,17.27,16.37,16.37,25908,11675200,194142234.0
2024-04-11,LREN3,16.46,16.75,16.32,16.69,23151,8686900,144025834.0
2024-04-12,LREN3,16.54,16.63,16.01,16.06,18360,15328800,248042307.0
2024-04-15,LREN3,16.08,16.38,15.79,15.86,40931,16827700,270082009.0
2024-04-16,LREN3,15.71,16.41,15.42,16.08,33414,14810900,238452765.0
2024-04-17,LREN3,16.17,16.46,15.48,15.66,31942,14771100,234481967.0
2024-04-18,LREN3,15.7,15.85,15.28,15.41,24547,15390200,237806551.0
2024-04-19,LREN3,15.41,16.04,15.33,15.65,34008,16429600,259152664.0
2024-04-22,LREN3,15.7,16.0,15.52,15.59,24390,8988100,141271840.0
2024-04-23,LREN3,15.45,15.69,15.24,15.56,29901,21331300,330773728.0
2024-04-24,LREN3,15.56,15.9,15.55,15.59,20098,8476700,133113556.0
2024-04-25,LREN3,15.59,15.6,15.22,15.51,17022,7603900,117426177.0
2024-04-26,LREN3,15.68,15.92,15.58,15.71,15954,8314000,130654577.0
2024-04-29,LREN3,15.72,15.82,15.59,15.69,12373,5978100,93798593.0
2024-04-30,LREN3,15.63,15.71,15.24,15.33,24893,14859500,229170834.0
2024-05-02,LREN3,15.54,15.8,15.45,15.63,20343,13583300,212859121.0
2024-05-03,LREN3,16.0,16.58,16.0,16.4,23840,17492900,285661048.0
2024-05-06,LREN3,16.26,16.46,15.82,15.95,23418,17754800,284334033.0
2024-05-07,LREN3,16.07,16.61,15.84,15.93,30611,22519300,363873426.0
2024-05-08,LREN3,15.81,16.85,15.65,16.85,40915,26851700,441447781.0
2024-05-09,LREN3,16.61,16.8,15.46,15.76,50448,34208200,548533040.0
2024-05-10,LREN3,15.81,15.93,15.08,15.1,22752,15767100,241715771.0
2024-05-13,LREN3,15.12,15.43,15.12,15.13,17052,8237500,125598706.0
2024-05-14,LREN3,15.2,15.65,15.15,15.2,17951,10155000,156119672.0
2024-05-15,LREN3,15.27,15.61,14.75,14.9,25596,20037900,300714383.0
2024-05-16,LREN3,15.05,15.08,14.54,14.99,22426,22998800,338827395.0
2024-05-17,LREN3,14.86,15.01,14.68,14.73,18332,19247600,284692804.0
2024-05-20,LREN3,14.63,14.94,14.45,14.69,19245,16129700,237558364.0
2024-05-21,LREN3,14.58,14.75,13.98,14.11,26849,38558200,547429301.0
2024-05-22,LREN3,13.98,14.04,13.11,13.11,43096,57333600,764395266.0
2024-05-23,LREN3,13.2,13.42,13.05,13.4,28722,36159500,478760666.0
2024-05-24,LREN3,13.49,13.51,13.26,13.33,18401,10459800,139841293.0
2024-05-27,LREN3,13.41,13.49,13.14,13.34,13975,7445600,99027914.0
2024-05-28,LREN3,13.51,13.58,12.82,13.2,31048,36892100,482543127.0
2024-05-29,LREN3,13.06,13.55,12.99,13.36,39389,24245800,322848519.0
2024-05-31,LREN3,13.34,13.4,13.04,13.12,16985,13754000,180879888.0
2024-06-03,LREN3,13.16,13.18,12.79,13.02,22074,17621000,228291934.0
2024-06-04,LREN3,12.95,13.1,12.65,12.88,20298,21099800,271418242.0
2024-06-05,LREN3,12.92,13.1,12.74,12.89,17800,11699000,151196783.0
2024-06-06,LREN3,13.38,13.5,13.14,13.38,25377,16921300,226159614.0
2024-06-07,LREN3,13.11,13.41,13.06,13.17,17960,11881200,157605187.0
2024-06-10,LREN3,13.21,13.31,12.76,12.76,16888,10513800,136082754.0
2024-06-11,LREN3,12.85,13.13,12.85,12.97,14566,8530500,110576119.0
2024-06-12,LREN3,13.16,13.27,12.7,12.77,24446,15305200,197194840.0
2024-06-13,LREN3,12.81,12.85,12.5,12.59,18232,11395300,144033977.0
2024-06-14,LREN3,12.59,12.97,12.57,12.79,21867,14137000,181008789.0
2024-06-17,LREN3,12.73,12.84,12.42,12.42,11532,8225100,103331178.0
2024-06-18,LREN3,12.42,12.65,12.35,12.36,13972,8861100,110541041.0
2024-06-19,LREN3,12.3,12.7,12.22,12.63,13434,10899100,135783970.0
2024-06-20,LREN3,12.83,13.09,12.44,12.51,23500,18210800,230043755.0
2024-06-21,LREN3,12.48,12.65,12.33,12.53,29520,21145700,264386245.0
2024-06-24,LREN3,12.53,12.84,12.46,12.75,16657,10136200,128615966.0
2024-06-25,LREN3,12.65,12.81,12.6,12.66,22465,9849400,125093855.0
2024-06-26,LREN3,12.45,12.45,11.98,12.12,23839,21626300,261514337.0
2024-06-27,LREN3,12.13,12.67,12.0,12.59,31860,27706200,344078561.0
2024-06-28,LREN3,12.52,12.69,12.39,12.48,23166,14929900,187164413.0
2024-07-01,LREN3,12.44,12.6,12.27,12.46,16586,8466500,105499137.0
2024-07-02,LREN3,12.55,12.55,12.1,12.16,14760,13297300,162479702.0
2024-07-03,LREN3,12.28,12.71,12.25,12.43,46135,21174400,265829645.0
2024-07-04,LREN3,12.64,13.38,12.6,13.23,33851,19685600,256749034.0
2024-07-05,LREN3,13.17,13.46,12.98,13.35,26846,15728500,207656934.0
2024-07-08,LREN3,13.3,13.33,13.02,13.1,17855,19274700,252750054.0
2024-07-09,LREN3,13.05,13.32,13.02,13.24,18067,10975700,144853812.0
2024-07-10,LREN3,13.46,13.86,13.26,13.3,31201,16093300,216824321.0
2024-07-11,LREN3,13.64,13.85,13.52,13.71,21985,12460200,170921827.0
2024-07-12,LREN3,13.7,13.78,13.48,13.55,14490,10914500,148137067.0
2024-07-15,LREN3,13.57,13.85,13.42,13.74,16145,9550300,131189022.0
2024-07-16,LREN3,13.74,14.08,13.65,13.72,19148,11507200,159458324.0
2024-07-17,LREN3,13.67,13.87,13.6,13.65,15469,8658900,118754827.0
2024-07-18,LREN3,13.65,13.65,12.97,13.16,17215,12130000,159723595.0
2024-07-19,LREN3,13.25,13.46,13.05,13.05,11364,9526700,125468538.0
2024-07-22,LREN3,13.14,13.65,13.12,13.55,21164,12996000,175359194.0
2024-07-23,LREN3,13.43,13.46,13.13,13.18,16835,9223800,122357154.0
2024-07-24,LREN3,13.12,13.17,12.69,12.87,17768,13641000,175662738.0
2024-07-25,LREN3,12.76,13.28,12.73,13.18,26622,25958100,340990483.0
2024-07-26,LREN3,13.2,13.44,12.95,13.33,16089,12720700,168730265.0
2024-07-29,LREN3,13.31,13.65,13.31,13.51,21544,18950700,256222188.0
2024-07-30,LREN3,13.42,13.67,13.0,13.03,30714,26392600,347207525.0
2024-07-31,LREN3,13.15,13.46,13.05,13.26,16564,12824000,170145968.0
2024-08-01,LREN3,13.36,13.66,13.19,13.29,18641,17114500,228217259.0
2024-08-02,LREN3,13.28,13.87,13.28,13.76,23991,17280800,236554086.0
2024-08-05,LREN3,13.14,14.1,12.97,13.97,27833,18740100,254905673.0
2024-08-06,LREN3,13.94,14.45,13.93,14.25,34186,19327500,274054842.0
2024-08-07,LREN3,14.41,14.68,14.28,14.6,40715,19799400,287326277.0
2024-08-08,LREN3,14.61,14.91,14.31,14.5,37408,21640500,315417690.0
2024-08-09,LREN3,15.3,15.66,14.95,15.45,46983,36291600,557341461.0
2024-08-12,LREN3,15.6,15.91,15.3,15.72,28337,23281700,364933448.0
2024-08-13,LREN3,15.63,15.81,15.43,15.7,47680,28893300,452717788.0
2024-08-14,LREN3,15.69,16.19,15.67,16.19,39641,17298600,277251330.0
2024-08-15,LREN3,16.22,16.74,16.14,16.74,31117,24441200,403159790.0
2024-08-16,LREN3,16.86,16.86,15.97,16.13,42558,24597700,398468603.0
2024-08-19,LREN3,16.28,17.0,16.14,17.0,35413,20547800,339210103.0
2024-08-20,LREN3,16.92,17.03,16.27,16.96,29517,21077900,349759606.0
2024-08-21,LREN3,16.9,16.92,16.31,16.9,27126,22450400,374169917.0
2024-08-22,LREN3,16.8,16.97,16.34,16.54,32415,23406300,387240445.0
2024-08-23,LREN3,16.56,17.75,16.54,17.75,32499,29370800,510718242.0
2024-08-26,LREN3,17.8,17.83,17.2,17.7,25929,20264600,354915969.0
2024-08-27,LREN3,17.76,18.45,17.7,18.35,39750,24390600,443108450.0
2024-08-28,LREN3,18.29,18.49,17.63,17.66,36356,28282000,505676296.0
2024-08-29,LREN3,17.49,17.61,17.0,17.05,37232,26745100,458877388.0
2024-08-30,LREN3,16.8,17.35,16.68,17.01,39257,177339900,3019686585.0
2024-09-02,LREN3,16.93,17.09,16.77,16.94,21784,13546000,229852239.0
2024-09-03,LREN3,17.43,17.64,17.21,17.23,31495,21781200,377857364.0
2024-09-04,LREN3,17.48,17.83,17.34,17.48,28525,15386100,269639125.0
2024-09-05,LREN3,17.48,18.06,17.45,18.03,28440,17291800,309593165.0
2024-09-06,LREN3,18.05,18.14,17.62,17.72,14401,8482200,150591059.0
2024-09-09,LREN3,17.74,17.91,17.56,17.57,17886,8551700,151124418.0
2024-09-10,LREN3,17.56,17.86,17.48,17.68,20835,12193100,215027076.0
2024-09-11,LREN3,17.79,18.22,17.68,18.15,29951,17507100,316108851.0
2024-09-12,LREN3,18.06,18.44,17.96,18.38,38916,18641900,340539744.0
2024-09-13,LREN3,18.42,19.12,18.38,18.94,31662,18886400,357028872.0
2024-09-16,LREN3,18.94,19.51,18.8,19.36,24544,20561900,397237224.0
2024-09-17,LREN3,19.16,19.24,18.83,19.07,24432,14899800,283021035.0
2024-09-18,LREN3,18.89,19.36,18.8,19.0,24026,12455500,238172760.0
2024-09-19,LREN3,19.15,19.17,18.66,18.86,26681,17802400,336682007.0
2024-09-20,LREN3,18.86,18.92,17.81,18.04,36596,35114500,635608687.0
2024-09-23,LREN3,17.98,18.04,17.58,17.71,23853,17229200,305504613.0
2024-09-24,LREN3,18.03,18.66,17.82,18.66,29149,24357400,446119059.0
2024-09-25,LREN3,18.53,18.54,17.9,18.07,25444,18556200,335855428.0
2024-09-26,LREN3,18.27,18.43,17.93,18.0,22781,11639400,210335174.0
2024-09-27,LREN3,18.01,18.23,17.57,17.83,20505,9425600,167814299.0
2024-09-30,LREN3,17.75,18.06,17.39,18.06,19251,11932100,212330093.0
2024-10-01,LREN3,18.14,18.47,17.87,17.87,25971,15674200,283814722.0
2024-10-02,LREN3,18.28,18.48,18.1,18.35,23514,15156400,277458622.0
2024-10-03,LREN3,18.1,18.1,17.61,17.96,21486,13255900,237081008.0
2024-10-04,LREN3,17.85,18.13,17.73,18.11,28862,11268900,203032409.0
2024-10-07,LREN3,18.28,18.3,17.54,17.7,17315,9531800,168966894.0
2024-10-08,LREN3,17.72,18.0,17.48,18.0,17293,6917500,123627216.0
2024-10-09,LREN3,17.9,17.97,17.41,17.64,22727,11962400,210551190.0
2024-10-10,LREN3,17.71,18.25,17.66,18.1,23440,26175100,472619759.0
2024-10-11,LREN3,18.42,18.79,17.96,18.71,24829,20439600,375853212.0
2024-10-14,LREN3,18.79,18.91,18.41,18.91,22331,12808900,239678944.0
2024-10-15,LREN3,19.04,19.14,18.66,18.95,22001,10822500,204158523.0
2024-10-16,LREN3,18.83,19.06,18.62,18.79,26587,15370600,289084315.0
2024-10-17,LREN3,18.58,18.71,18.41,18.71,24670,14053900,260816403.0
2024-10-18,LREN3,18.75,18.9,18.4,18.4,27054,19425500,360549578.0
2024-10-21,LREN3,18.55,18.67,18.33,18.45,15855,9832000,181552154.0
2024-10-22,LREN3,18.33,18.36,17.98,18.16,22077,11546700,209735281.0
2024-10-23,LREN3,18.1,18.17,17.78,17.96,24882,17994300,322404952.0
2024-10-24,LREN3,18.0,18.9,17.83,18.83,30963,21882000,404228235.0
2024-10-25,LREN3,18.95,18.95,18.44,18.47,19139,11370000,211236814.0
2024-10-28,LREN3,18.79,18.79,18.36,18.51,14458,10110500,187481467.0
2024-10-29,LREN3,18.59,18.66,18.36,18.5,9672,3942700,72887165.0
2024-10-30,LREN3,18.42,18.8,18.42,18.62,12101,5190900,96905159.0
2024-10-31,LREN3,18.63,19.05,18.52,18.57,16492,13666700,255392834.0
2024-11-01,LREN3,18.65,18.65,18.1,18.11,18340,7680800,140395501.0
2024-11-04,LREN3,18.45,19.07,18.36,18.82,18773,10824400,203446570.0
2024-11-05,LREN3,18.71,18.99,18.32,18.7,18126,7765100,145320006.0
2024-11-06,LREN3,18.35,18.97,18.12,18.7,28153,11248500,210449950.0
2024-11-07,LREN3,18.61,19.09,17.82,18.08,42176,20265000,371136020.0
2024-11-08,LREN3,16.87,17.56,16.65,16.97,68502,53665300,916877850.0
2024-11-11,LREN3,16.96,17.07,16.53,16.74,39004,17184400,287232890.0
2024-11-12,LREN3,16.74,16.91,16.52,16.72,20690,10376500,172497654.0
2024-11-13,LREN3,16.75,16.93,16.36,16.58,20804,12238100,202949869.0
2024-11-14,LREN3,16.63,16.79,16.32,16.49,22063,18787500,308880776.0
2024-11-18,LREN3,16.46,16.49,16.1,16.3,22260,14144000,230871265.0
2024-11-19,LREN3,16.4,16.66,16.08,16.56,22189,17270000,284538081.0
2024-11-21,LREN3,16.26,16.3,15.68,15.68,21949,19929100,317242623.0
2024-11-22,LREN3,15.93,16.19,15.58,16.15,20082,13645200,217266741.0
2024-11-25,LREN3,16.19,16.45,16.07,16.21,16434,9935200,161736566.0
2024-11-26,LREN3,16.41,17.12,16.35,17.02,26917,17914500,302415345.0
2024-11-27,LREN3,16.98,17.09,16.0,16.14,34874,18278400,300391325.0
2024-11-28,LREN3,16.02,16.05,14.44,14.5,41610,22668400,339669222.0
2024-11-29,LREN3,14.6,15.07,14.29,15.06,45333,27416200,405056649.0
2024-12-02,LREN3,14.97,15.28,14.73,14.99,33529,18071700,271382805.0
2024-12-03,LREN3,15.0,15.43,14.95,15.4,31317,24702700,376036885.0
2024-12-04,LREN3,15.35,15.88,15.35,15.66,28220,23067800,361832819.0
2024-12-05,LREN3,15.93,16.36,15.82,15.96,28046,13635200,218675774.0
2024-12-06,LREN3,15.93,16.08,15.37,15.63,19964,14228100,222257685.0
2024-12-09,LREN3,15.7,15.83,15.32,15.39,19497,10765300,166987193.0
2024-12-10,LREN3,15.67,15.69,15.32,15.49,38907,25029200,386865224.0
2024-12-11,LREN3,15.66,16.26,15.39,15.91,31245,17272800,272924000.0
2024-12-12,LREN3,14.15,14.24,13.44,13.68,27615,16869700,231950184.0
2024-12-13,LREN3,13.74,14.11,13.59,13.66,24849,16625400,230464722.0
2024-12-16,LREN3,13.69,13.71,13.21,13.26,20686,11913700,159634901.0
2024-12-17,LREN3,13.34,13.63,13.11,13.37,31116,21372000,284865836.0
2024-12-18,LREN3,13.02,13.2,12.51,12.6,30193,18165100,233357199.0
2024-12-19,LREN3,12.69,13.15,12.59,13.01,28604,15959500,205794600.0
2024-12-20,LREN3,12.97,13.64,12.86,13.43,19629,17046700,227363186.0
2024-12-23,LREN3,13.21,13.3,12.55,12.63,25756,26304500,335592710.0
2024-12-26,LREN3,12.66,12.72,12.46,12.58,23020,10452800,131811480.0
2024-12-27,LREN3,12.62,12.66,12.19,12.22,18045,9296300,114563776.0
2024-12-30,LREN3,12.34,12.42,11.97,12.12,16497,8941000,108543084.0
2025-01-02,LREN3,12.14,12.24,11.8,12.0,28663,12393100,148867652.0
2025-01-03,LREN3,12.15,12.31,11.99,12.15,26223,11473000,139096425.0
2025-01-06,LREN3,12.37,12.64,12.25,12.53,25771,14582200,181748231.0
2025-01-07,LREN3,12.6,13.15,12.59,13.07,36072,26326600,340680510.0
2025-01-08,LREN3,13.01,13.01,12.61,12.87,27915,20822400,267184258.0
2025-01-09,LREN3,12.79,13.04,12.75,13.0,13966,8370800,108519524.0
2025-01-10,LREN3,12.94,13.07,12.63,12.84,23944,14184800,181792525.0
2025-01-13,LREN3,12.9,12.9,12.57,12.85,19507,11375400,144911453.0
2025-01-14,LREN3,12.86,12.92,12.46,12.61,34447,18228700,229525431.0
2025-01-15,LREN3,12.84,13.32,12.63,13.2,34818,14631300,190924832.0
2025-01-16,LREN3,13.14,13.14,12.35,12.41,26932,20884500,261621939.0
2025-01-17,LREN3,12.51,12.66,12.21,12.33,19626,18370400,227604456.0
2025-01-20,LREN3,12.35,12.52,12.14,12.4,20795,10296200,127411263.0
2025-01-21,LREN3,12.45,12.52,12.27,12.52,21762,12450300,154250483.0
2025-01-22,LREN3,12.65,13.26,12.4,13.13,30954,17391800,225389538.0
2025-01-23,LREN3,13.11,13.24,12.72,13.0,25577,20940600,272311263.0
2025-01-24,LREN3,12.91,13.39,12.9,13.17,22999,11096400,146599826.0
2025-01-27,LREN3,13.08,13.73,13.08,13.65,34153,19215400,261957968.0
2025-01-28,LREN3,13.6,13.75,13.36,13.43,20009,12682500,171742857.0
2025-01-29,LREN3,13.49,13.69,13.24,13.39,16526,11869400,159470272.0
2025-01-30,LREN3,13.55,14.02,13.46,13.9,22773,14659800,203170873.0
2025-01-31,LREN3,13.86,14.06,13.52,13.65,19472,14246500,195448297.0
2025-02-03,LREN3,13.55,13.8,13.45,13.56,18878,10475200,142683646.0
2025-02-04,LREN3,13.5,13.53,13.06,13.18,23307,14219800,188158373.0
2025-02-05,LREN3,13.13,13.17,12.77,13.02,22256,14893600,193123282.0
2025-02-06,LREN3,13.05,13.46,12.86,13.32,19964,11009200,145894392.0
2025-02-07,LREN3,13.14,13.23,12.64,12.83,38070,21394900,275048449.0
2025-02-10,LREN3,12.95,13.25,12.88,13.11,20221,9483400,124595525.0
2025-02-11,LREN3,13.11,13.35,13.07,13.26,17447,8427800,111438369.0
2025-02-12,LREN3,13.08,13.12,12.64,12.72,24712,16749200,214526357.0
2025-02-13,LREN3,12.75,13.23,12.59,13.1,19920,12838400,166555927.0
2025-02-14,LREN3,13.17,13.78,13.17,13.65,21022,15663600,212635475.0
2025-02-17,LREN3,13.71,14.53,13.7,14.11,33700,21573800,308461425.0
2025-02-18,LREN3,14.01,14.22,13.72,14.05,24495,15011200,211203208.0
2025-02-19,LREN3,13.85,13.97,13.49,13.54,21037,11999100,163587907.0
2025-02-20,LREN3,13.59,13.87,13.38,13.71,21094,14388600,196118163.0
2025-02-21,LREN3,12.7,12.85,11.77,11.79,73870,90187000,1099703687.0
2025-02-24,LREN3,11.92,12.16,11.17,11.2,35034,42173000,485925511.0
2025-02-25,LREN3,11.16,11.46,11.05,11.31,35885,29292200,328421316.0
2025-02-26,LREN3,11.45,11.45,10.8,10.81,39256,34857300,383756565.0
2025-02-27,LREN3,10.92,11.45,10.81,11.28,45074,37570000,419492600.0
2025-02-28,LREN3,11.19,11.6,11.03,11.33,43331,40572600,459282012.0
2025-03-05,LREN3,11.07,11.38,10.97,11.2,31225,29912200,335003141.0
2025-03-06,LREN3,11.34,11.5,11.25,11.42,34654,21166700,241072262.0
2025-03-07,LREN3,11.3,12.05,11.2,11.92,34250,26935300,317238055.0
2025-03-10,LREN3,11.75,12.14,11.75,11.86,20777,13615900,162713748.0
2025-03-11,LREN3,11.85,11.99,11.46,11.7,24363,15148900,177119367.0
2025-03-12,LREN3,11.72,12.13,11.72,12.1,22195,16836200,202076487.0
2025-03-13,LREN3,12.07,12.12,11.6,11.6,26418,27676200,325869869.0
2025-03-14,LREN3,11.74,12.19,11.56,12.03,28328,23036000,276258206.0
2025-03-17,LREN3,12.03,12.62,12.01,12.5,21059,18822900,234389849.0
2025-03-18,LREN3,12.51,12.61,12.33,12.34,21180,12142900,151129551.0
2025-03-19,LREN3,12.39,12.55,12.26,12.4,37281,16160300,200536908.0
2025-03-20,LREN3,12.33,12.58,11.99,11.99,30271,20004200,244837139.0
2025-03-21,LREN3,12.03,12.62,11.91,12.42,28060,20764600,257304088.0
2025-03-24,LREN3,12.51,12.66,12.27,12.35,19366,11896700,147940121.0
2025-03-25,LREN3,12.36,12.93,12.31,12.66,23306,18696700,237990520.0
2025-03-26,LREN3,12.63,12.94,12.6,12.63,26269,14914900,190711443.0
2025-03-27,LREN3,12.79,12.96,12.61,12.78,21079,17507200,224432236.0
2025-03-28,LREN3,12.74,12.77,12.39,12.54,17906,18815700,236212141.0
2025-03-31,LREN3,12.45,12.56,12.23,12.23,17544,18602900,229371302.0
2025-04-01,LREN3,12.22,12.82,12.18,12.61,22025,11998400,151749511.0
2025-04-02,LREN3,12.61,13.07,12.61,12.97,19890,13972600,180493489.0
2025-04-03,LREN3,12.97,13.57,12.97,13.26,27140,19786200,264840093.0
2025-04-04,LREN3,12.89,12.96,12.39,12.65,32757,23822500,300708130.0
2025-04-07,LREN3,12.39,12.75,12.03,12.12,27369,26951700,329701428.0
2025-04-08,LREN3,12.3,12.57,11.91,11.99,19760,17882800,217743784.0
2025-04-09,LREN3,11.86,12.78,11.77,12.76,39079,28772800,358313812.0
2025-04-10,LREN3,12.65,12.96,12.49,12.67,26047,19449300,247622355.0
2025-04-11,LREN3,12.75,12.98,12.54,12.8,22043,15531100,198864375.0
2025-04-14,LREN3,13.11,13.23,12.97,13.01,20949,13359500,174699205.0
2025-04-15,LREN3,12.95,13.1,12.79,12.8,19628,12927800,166409943.0
2025-04-16,LREN3,12.68,12.84,12.46,12.64,21856,12779500,161488399.0
2025-04-17,LREN3,12.56,12.91,12.52,12.8,16548,14522900,184997746.0
2025-04-22,LREN3,12.72,12.93,12.56,12.81,15201,8556600,109375075.0
2025-04-23,LREN3,13.1,13.2,12.91,12.91,24001,18437200,240433284.0
2025-04-24,LREN3,13.01,13.75,12.97,13.65,28317,14287700,193484541.0
2025-04-25,LREN3,13.64,14.01,13.59,13.84,25839,15879100,219941433.0
2025-04-28,LREN3,13.94,14.61,13.91,14.3,31325,15860500,228056245.0
2025-04-29,LREN3,14.32,14.98,14.3,14.54,29979,15482000,227634582.0
2025-04-30,LREN3,14.49,14.88,14.37,14.61,23172,14584400,212959666.0
2025-05-02,LREN3,14.72,14.88,14.52,14.88,17276,18985200,280865835.0
2025-05-05,LREN3,14.82,15.21,14.65,14.65,19136,13127200,194471255.0
2025-05-06,LREN3,14.68,14.79,14.17,14.31,23437,29236000,426010673.0
2025-05-07,LREN3,14.43,14.48,13.99,14.37,19891,11339700,161118265.0
2025-05-08,LREN3,14.83,15.74,14.68,15.44,47058,45366400,696843190.0
2025-05-09,LREN3,16.22,16.5,15.78,16.2,46638,38056400,615718415.0
2025-05-12,LREN3,16.33,16.58,16.23,16.45,39666,20690500,339868384.0
2025-05-13,LREN3,16.57,17.38,16.52,16.85,41869,23754800,403615504.0
2025-05-14,LREN3,16.86,17.27,16.71,16.83,30159,11987100,202894852.0
2025-05-15,LREN3,16.85,17.54,16.82,17.42,34399,21997400,381260042.0
2025-05-16,LREN3,17.31,17.59,17.29,17.53,23017,10747000,187661977.0
2025-05-19,LREN3,17.47,18.18,17.46,17.99,18603,10294100,184486110.0
2025-05-20,LREN3,17.92,18.32,17.77,18.3,28779,13130500,237261914.0
2025-05-21,LREN3,18.17,18.27,17.41,17.61,39113,19131700,338514272.0
2025-05-22,LREN3,17.62,17.88,17.36,17.67,28328,14033200,247772372.0
2025-05-23,LREN3,17.6,17.65,16.86,17.6,26463,19807700,343067066.0
2025-05-26,LREN3,17.69,17.89,17.54,17.74,12411,4292700,76104859.0
2025-05-27,LREN3,18.31,18.47,17.87,17.95,27906,11183400,201601222.0
2025-05-28,LREN3,17.89,18.25,17.6,18.17,18238,8903700,160435482.0
2025-05-29,LREN3,18.09,18.26,17.81,17.96,17429,7421300,133281998.0
2025-05-30,LREN3,17.95,18.16,17.63,18.16,17303,11391300,204942827.0
2025-06-02,LREN3,18.22,18.6,18.03,18.35,21071,9131000,166665362.0
2025-06-03,LREN3,18.29,18.82,18.29,18.81,19555,10638300,198496623.0
2025-06-04,LREN3,18.58,18.97,18.32,18.42,27469,15347700,285895849.0
2025-06-05,LREN3,18.5,18.8,18.32,18.42,29016,13717400,254269059.0
2025-06-06,LREN3,18.6,18.68,17.28,17.56,35173,21498800,379586798.0
2025-06-09,LREN3,17.55,17.89,17.43,17.89,26714,10642600,188199642.0
2025-06-10,LREN3,18.25,18.5,18.08,18.31,24183,10181500,186182649.0
2025-06-11,LREN3,18.26,18.66,18.13,18.47,26401,11942000,219803620.0
2025-06-12,LREN3,18.29,18.61,18.21,18.44,21418,9016600,166353694.0
2025-06-13,LREN3,18.0,18.42,17.81,18.36,29673,13659600,248646888.0
2025-06-16,LREN3,18.6,18.93,18.58,18.82,26818,9065800,170424081.0
2025-06-17,LREN3,18.86,18.86,18.36,18.65,33001,11099100,205612367.0
2025-06-18,LREN3,18.6,18.78,18.28,18.72,27298,9156000,170708518.0
2025-06-20,LREN3,18.51,18.59,18.27,18.56,21324,11593900,214326202.0
2025-06-23,LREN3,18.57,19.01,18.38,19.01,22445,9613700,180153883.0
2025-06-24,LREN3,19.05,19.56,19.05,19.29,21330,7330200,141689665.0
2025-06-25,LREN3,19.22,19.43,18.99,18.99,19109,9344700,178868251.0
2025-06-26,LREN3,19.22,19.8,19.13,19.53,28167,15504900,303857344.0
2025-06-27,LREN3,19.39,19.69,19.34,19.56,20778,11168800,218363109.0
2025-06-30,LREN3,19.52,19.71,19.38,19.68,21283,9891600,193720224.0
2025-07-01,LREN3,19.69,19.87,19.47,19.65,25892,18127000,356066076.0
2025-07-02,LREN3,19.63,19.77,18.85,19.0,42037,16801900,320521753.0
2025-07-03,LREN3,18.98,19.37,18.72,19.29,19720,9136500,174833134.0
2025-07-04,LREN3,19.16,19.44,19.09,19.34,7060,2375000,45880099.0
2025-07-07,LREN3,19.35,19.43,19.04,19.28,16897,6696900,128612708.0
2025-07-08,LREN3,19.24,19.42,18.91,19.3,21393,11458600,220242586.0
2025-07-09,LREN3,19.21,19.52,19.1,19.4,26114,24047700,466918033.0
2025-07-10,LREN3,19.03,19.21,18.8,19.16,23371,9850900,187618282.0
2025-07-11,LREN3,19.02,19.07,18.44,18.7,23345,12820000,239449858.0
2025-07-14,LREN3,18.56,18.68,17.56,18.17,32405,25465400,457439077.0
2025-07-15,LREN3,18.55,18.61,18.02,18.54,27273,15946000,292740125.0
2025-07-16,LREN3,18.47,18.56,17.94,18.56,28137,21491000,393014912.0
2025-07-17,LREN3,18.58,18.72,18.31,18.72,24115,9503700,176305416.0
2025-07-18,LREN3,18.28,18.46,17.6,17.73,33607,24633500,444364201.0
2025-07-21,LREN3,17.86,18.01,17.26,17.47,30357,13605800,237755091.0
2025-07-22,LREN3,17.52,17.72,17.31,17.42,31556,15241300,266850619.0
2025-07-23,LREN3,17.45,17.71,17.27,17.63,15561,12912300,227040192.0
2025-07-24,LREN3,17.47,17.47,16.89,17.08,23675,10334500,176810673.0
2025-07-25,LREN3,17.1,17.13,16.54,16.72,24443,13199400,221216309.0
2025-07-28,LREN3,16.77,16.9,16.07,16.37,24161,10686400,174340566.0
2025-07-29,LREN3,16.39,16.44,16.17,16.35,29351,11016900,179707986.0
2025-07-30,LREN3,16.2,16.85,16.15,16.76,29969,12272000,202844191.0
2025-07-31,LREN3,16.54,16.58,16.11,16.27,23465,14106400,229672776.0
2025-08-01,LREN3,16.5,16.94,16.28,16.49,26490,13708300,227318605.0
2025-08-04,LREN3,16.81,17.04,16.61,16.87,23717,11429000,192610616.0
2025-08-05,LREN3,16.9,17.15,16.75,16.89,21522,10826200,183813528.0
2025-08-06,LREN3,17.0,17.98,16.95,17.77,32769,18874600,334083431.0
2025-08-07,LREN3,17.91,18.4,17.82,18.04,47256,27680600,502507612.0
2025-08-08,LREN3,17.63,17.69,16.57,16.73,56963,34797000,588168670.0
2025-08-11,LREN3,16.68,16.85,16.26,16.42,25114,11909800,196460260.0
2025-08-12,LREN3,16.51,16.97,16.43,16.72,33395,17012400,284735325.0
2025-08-13,LREN3,16.58,16.58,15.77,16.09,47661,21746600,349067744.0
2025-08-14,LREN3,15.97,16.17,15.81,16.02,21492,11770700,188279661.0
2025-08-15,LREN3,16.02,16.13,15.71,16.13,29804,18084900,288040263.0
2025-08-18,LREN3,16.08,16.34,15.98,16.21,24158,9897600,160297203.0
2025-08-19,LREN3,16.09,16.11,15.74,15.87,18246,9058800,143817882.0
2025-08-20,LREN3,15.87,15.98,15.67,15.71,17432,10297100,162925651.0
2025-08-21,LREN3,15.7,15.82,15.33,15.44,29019,14434600,223630540.0
2025-08-22,LREN3,15.54,16.12,15.38,15.91,23059,14411800,228499386.0
2025-08-25,LREN3,16.01,16.03,15.75,15.85,19488,9254800,146629712.0
2025-08-26,LREN3,15.76,15.79,15.55,15.65,14399,7161100,112023350.0
2025-08-27,LREN3,15.74,16.05,15.69,15.99,19302,20184300,321729738.0
2025-08-28,LREN3,16.22,16.37,15.89,16.18,31452,20125500,325808971.0
2025-08-29,LREN3,16.23,16.42,16.13,16.26,20130,9628600,156792527.0
2025-09-01,LREN3,16.32,16.47,16.24,16.24,9495,4657000,75982021.0
2025-09-02,LREN3,16.0,16.2,15.83,16.09,15370,6055600,97113390.0
2025-09-03,LREN3,16.1,16.18,15.92,16.03,12341,6482600,103943688.0
2025-09-04,LREN3,16.03,16.24,15.98,16.11,14577,7280600,117256872.0
2025-09-05,LREN3,16.35,16.8,16.2,16.35,22267,15464700,254054808.0
2025-09-08,LREN3,16.38,16.46,15.87,15.87,16717,9408200,150793704.0
2025-09-09,LREN3,15.94,15.94,15.57,15.59,17416,11298400,177356151.0
2025-09-10,LREN3,15.61,15.96,15.58,15.96,21422,17531000,276932206.0
2025-09-11,LREN3,16.1,16.32,16.03,16.18,19122,19721400,320211590.0
2025-09-12,LREN3,16.0,16.19,15.85,15.85,12578,6124800,97924830.0
2025-09-15,LREN3,15.95,16.26,15.95,16.22,16585,14180200,228755027.0
2025-09-16,LREN3,16.35,17.09,16.35,16.9,27435,19329800,324320603.0
2025-09-17,LREN3,17.01,17.54,16.79,17.02,39284,31079600,532677297.0
2025-09-18,LREN3,17.04,17.15,16.94,17.05,18414,8975200,152907608.0
2025-09-19,LREN3,17.14,17.18,16.87,16.92,15287,15879800,269748091.0
2025-09-22,LREN3,16.71,16.73,16.19,16.27,21057,15873500,260044687.0
2025-09-23,LREN3,16.28,16.48,15.83,15.92,43379,29583700,474036613.0
2025-09-24,LREN3,15.81,15.95,15.41,15.94,25185,21931600,343819086.0
2025-09-25,LREN3,15.89,16.17,15.71,15.72,29226,17435400,277622843.0
2025-09-26,LREN3,15.84,16.04,15.68,15.82,22784,12914000,204635561.0
2025-09-29,LREN3,16.04,16.19,15.71,15.76,15627,9310100,147594508.0
2025-09-30,LREN3,15.86,15.88,14.98,15.13,28777,18552300,284157720.0
2025-10-01,LREN3,15.11,15.29,14.99,15.15,21081,11004100,166505065.0
2025-10-02,LREN3,15.16,15.24,14.67,14.8,14858,9441900,139905706.0
2025-10-03,LREN3,14.73,14.83,14.62,14.7,10351,6336900,93276792.0
2025-10-06,LREN3,14.7,14.7,14.2,14.39,18962,10078800,144693402.0
2025-10-07,LREN3,14.34,14.34,13.4,13.57,34555,27240400,371565949.0
2025-10-08,LREN3,13.72,13.89,13.63,13.81,27094,24230000,333785674.0
2025-10-09,LREN3,13.95,14.07,13.75,13.84,23965,9930000,137968127.0
2025-10-10,LREN3,13.93,14.0,13.73,13.98,19270,12508400,173525125.0
2025-10-13,LREN3,14.1,14.32,13.92,14.14,19716,14423300,204456060.0
2025-10-14,LREN3,14.07,14.46,13.93,14.32,22936,13551500,193647487.0
2025-10-15,LREN3,14.18,14.49,14.02,14.25,30774,25355900,363019255.0
2025-10-16,LREN3,14.12,14.49,14.09,14.31,21516,10871100,155686229.0
2025-10-17,LREN3,14.15,14.43,14.1,14.24,22058,11863700,169688698.0
2025-10-20,LREN3,14.3,14.58,14.24,14.3,22463,40862100,587189755.0
2025-10-21,LREN3,14.22,14.65,14.12,14.63,13776,11470500,165482432.0
2025-10-22,LREN3,14.7,14.7,14.32,14.47,17498,8254300,119523788.0
2025-10-23,LREN3,14.68,14.91,14.53,14.82,15964,15548500,229453923.0
2025-10-24,LREN3,14.98,15.15,14.77,14.8,26520,14198900,211926739.0
2025-10-27,LREN3,14.99,15.05,14.78,14.82,14244,8495100,126431516.0
2025-10-28,LREN3,14.74,14.78,14.47,14.58,21188,12051100,175658315.0
2025-10-29,LREN3,14.62,14.73,14.52,14.63,18919,10253500,149821591.0
2025-10-30,LREN3,14.48,14.59,14.34,14.59,11538,8638700,125187888.0
2025-10-31,LREN3,14.61,14.84,14.4,14.84,20519,16851400,247451692.0
2025-11-03,LREN3,14.94,14.97,14.62,14.75,19402,12206500,179746156.0
2025-11-04,LREN3,14.68,14.97,14.6,14.97,21391,20103300,297192828.0
2025-11-05,LREN3,14.97,15.59,14.7,15.46,33347,15938500,244349265.0
2025-11-06,LREN3,15.25,15.36,14.56,14.56,23017,15386600,227826343.0
2025-11-07,LREN3,13.73,14.46,13.73,13.95,63794,57821000,813201494.0
2025-11-10,LREN3,14.2,14.58,13.96,14.5,38345,41178800,589819291.0
2025-11-11,LREN3,14.65,15.29,14.64,14.95,50062,31403100,472646617.0
2025-11-12,LREN3,14.95,15.22,14.81,14.94,26083,13600600,203154965.0
2025-11-13,LREN3,14.97,15.13,14.73,14.83,19914,13292500,198342745.0
2025-11-14,LREN3,14.8,15.37,14.71,15.16,19383,16627600,252020498.0
2025-11-17,LREN3,15.14,15.22,14.82,15.13,17706,11855400,178210082.0
2025-11-18,LREN3,14.97,15.24,14.85,15.08,19693,17918800,271336169.0
2025-11-19,LREN3,15.02,15.17,14.92,14.92,16107,11168600,167455077.0
2025-11-21,LREN3,14.9,15.19,14.77,15.19,22956,11349400,170737575.0
2025-11-24,LREN3,15.16,15.51,15.1,15.1,19891,15383300,234609082.0
2025-11-25,LREN3,15.09,15.39,14.99,15.23,20679,11527100,175566621.0
2025-11-26,LREN3,15.25,15.59,15.24,15.45,18322,13225500,204349911.0
2025-11-27,LREN3,15.45,15.94,15.44,15.88,21990,11352100,178905162.0
2025-11-28,LREN3,15.96,16.16,15.75,15.75,16067,11421300,181359685.0
2025-12-01,LREN3,15.73,16.09,15.65,15.76,13995,29121200,463692274.0
2025-12-02,LREN3,15.86,16.02,15.77,15.79,15458,10598000,168204497.0
2025-12-03,LREN3,15.92,15.95,15.38,15.46,24162,12529200,195888451.0
2025-12-04,LREN3,15.6,15.8,15.04,15.04,31110,33671400,519994246.0
2025-12-05,LREN3,15.09,15.09,13.84,13.88,49325,33226900,475695035.0
2025-12-08,LREN3,14.2,14.53,14.0,14.24,48188,34816300,496740879.0
2025-12-09,LREN3,13.91,14.25,13.4,13.98,41584,34870600,482414129.0
2025-12-10,LREN3,14.07,14.25,13.89,14.02,29851,37755200,530007777.0
2025-12-11,LREN3,13.95,14.34,13.94,14.08,17251,14374900,203691759.0
2025-12-12,LREN3,13.97,14.26,13.91,14.2,20902,14673300,207678775.0
2025-12-15,LREN3,14.41,14.68,14.15,14.47,31322,26299000,381471937.0
2025-12-16,LREN3,14.17,14.24,13.9,13.93,35381,34604200,486778355.0
2025-12-17,LREN3,13.81,13.84,13.2,13.43,35224,28855000,385628439.0
2025-12-18,LREN3,13.49,13.54,13.29,13.38,23859,18259400,244226574.0
2025-12-19,LREN3,13.4,13.72,13.34,13.55,17714,13514800,183351234.0
2025-12-22,LREN3,13.51,13.58,12.96,13.08,20326,15254400,200484746.0
2025-12-23,LREN3,13.19,13.59,13.11,13.55,18906,15266600,205375097.0
2025-12-26,LREN3,13.48,13.71,13.37,13.65,10512,6717500,91296873.0
2025-12-29,LREN3,13.64,13.7,13.37,13.5,11668,13310500,179232204.0
2025-12-30,LREN3,13.62,13.77,13.44,13.45,19403,11989300,161995294.0
2026-01-02,LREN3,13.56,13.69,13.27,13.38,17022,14265600,191089031.0
2026-01-05,LREN3,13.39,13.55,12.43,12.98,43282,33507300,434802738.0
2026-01-06,LREN3,13.1,13.45,12.93,13.45,29577,19591500,258873273.0
2026-01-07,LREN3,13.38,13.48,13.01,13.13,26305,15016900,197012863.0
2026-01-08,LREN3,13.2,13.42,13.08,13.42,23671,12832200,170546109.0
2026-01-09,LREN3,13.5,13.59,13.24,13.3,21365,10977900,146436555.0
2026-01-12,LREN3,13.21,13.41,13.07,13.41,15376,7372100,97841935.0
2026-01-13,LREN3,13.28,13.43,12.96,13.24,28797,11578500,152381460.0
2026-01-14,LREN3,13.61,13.84,13.35,13.52,24328,17605300,237639151.0
2026-01-15,LREN3,13.6,13.66,13.26,13.51,19584,10535100,141799357.0
2026-01-16,LREN3,13.52,13.57,13.25,13.33,16957,8977100,119923201.0
2026-01-19,LREN3,13.38,13.49,13.27,13.39,8944,3967400,53202508.0
2026-01-20,LREN3,13.35,13.85,13.27,13.62,18377,11766900,160709578.0
2026-01-21,LREN3,13.87,14.49,13.79,14.49,35350,20969400,298171973.0
2026-01-22,LREN3,14.5,15.22,14.5,14.95,37008,17194100,257605379.0
2026-01-23,LREN3,15.08,15.15,14.68,14.85,28252,16794300,250233437.0
2026-01-26,LREN3,14.96,15.05,14.45,14.75,29308,21056700,310037897.0
2026-01-27,LREN3,15.04,15.43,14.9,15.23,23505,17143900,260464360.0
2026-01-28,LREN3,15.35,15.83,15.33,15.55,26117,16311000,253905606.0
2026-01-29,LREN3,15.71,15.77,15.06,15.3,25022,17211700,265649513.0
2026-01-30,LREN3,15.28,15.59,14.71,14.93,26031,18661500,280736322.0
2026-02-02,LREN3,14.9,15.08,14.71,15.05,18468,11195400,166981285.0
2026-02-03,LREN3,15.27,15.68,15.27,15.59,19428,12707500,197070045.0
2026-02-04,LREN3,15.48,15.55,15.02,15.2,18224,9485300,144507545.0
2026-02-05,LREN3,15.28,15.66,15.2,15.2,20681,9262400,142806238.0
2026-02-06,LREN3,15.25,15.57,15.07,15.5,22200,10037900,153664940.0
2026-02-09,LREN3,15.54,15.67,15.22,15.42,24202,16152000,248665492.0
2026-02-10,LREN3,15.42,15.52,15.07,15.07,19797,14010000,213707048.0
2026-02-11,LREN3,15.28,15.48,15.25,15.27,26522,17260500,265259589.0
2026-02-12,LREN3,15.27,15.47,14.89,15.09,17373,11079900,169062730.0
2026-02-13,LREN3,14.89,15.36,14.66,15.35,20125,10167400,153661841.0
2026-02-18,LREN3,15.38,15.61,15.33,15.5,12952,6374200,98652164.0
2026-02-19,LREN3,15.5,15.7,15.42,15.59,20399,16946300,264504476.0
2026-02-20,LREN3,15.51,15.68,15.32,15.6,17693,10920700,169805456.0
2026-02-23,LREN3,15.47,15.55,15.39,15.53,15647,7981700,123636891.0
2026-02-24,LREN3,15.6,15.97,15.54,15.88,34041,29336200,463252223.0
2026-02-25,LREN3,15.98,16.25,15.69,15.78,20050,13544800,215758587.0
2026-02-26,LREN3,15.8,16.15,15.8,16.05,20986,16987800,271981364.0
2026-02-27,LREN3,15.94,16.11,15.58,15.58,15003,9657900,152171607.0
2026-03-02,LREN3,15.3,15.7,15.1,15.52,13334,6278400,97110061.0
2026-03-03,LREN3,14.85,15.18,14.45,14.96,32284,17579900,260669975.0
2026-03-04,LREN3,15.35,15.43,15.01,15.16,15098,7217100,109473602.0
2026-03-05,LREN3,15.05,15.18,14.53,14.72,18918,11479900,169586384.0
2026-03-06,LREN3,14.9,15.25,14.56,14.77,35457,23018100,340478202.0
2026-03-09,LREN3,14.64,14.81,14.29,14.57,34513,29236300,423210054.0
2026-03-10,LREN3,14.75,15.5,14.61,15.22,23030,14866000,226045845.0
2026-03-11,LREN3,15.06,15.81,15.04,15.68,30232,15990400,249559366.0
2026-03-12,LREN3,15.39,15.47,14.91,15.02,30596,15229200,230158098.0
2026-03-13,LREN3,15.24,15.53,15.0,15.06,35844,14456100,219457480.0
2026-03-16,LREN3,15.49,15.66,15.01,15.2,28011,20028500,306629767.0
2026-03-17,LREN3,15.29,15.52,15.12,15.12,19855,8420000,128592181.0
2026-03-18,LREN3,15.0,15.4,14.86,15.09,20720,11276800,171447033.0
2026-03-19,LREN3,14.9,15.25,14.57,15.15,26445,13909900,207223571.0
2026-03-20,LREN3,15.01,15.13,14.75,14.84,15873,21116200,314936967.0
2026-03-23,LREN3,15.18,15.72,15.16,15.66,27011,22781900,353398076.0
2026-03-24,LREN3,15.54,15.73,15.17,15.68,21109,22192300,345781484.0
2026-03-25,LREN3,15.76,15.86,15.44,15.44,32281,29363600,460251570.0
2026-03-26,LREN3,15.24,15.4,14.99,15.19,18140,12060200,182764798.0
2026-03-27,LREN3,15.11,15.27,14.67,14.89,24079,25661200,382730473.0
2026-03-30,LREN3,15.18,15.18,13.97,14.19,33016,21413800,310082205.0
2026-03-31,LREN3,14.55,15.07,14.31,14.96,22334,19833900,293180471.0
2026-04-01,LREN3,14.97,15.35,14.9,14.96,24750,17599600,264595673.0
2026-04-02,LREN3,14.53,15.06,14.41,14.84,13607,7043600,104025742.0
2026-04-06,LREN3,14.97,14.97,14.54,14.65,12903,8254500,120782950.0
2026-04-07,LREN3,14.51,14.86,14.47,14.8,17621,38131800,561659000.0
2026-04-08,LREN3,15.63,15.76,15.48,15.5,31765,16947300,264544887.0
2026-04-09,LREN3,15.5,15.99,15.41,15.91,25355,11877200,187534515.0
2026-04-10,LREN3,16.02,16.22,15.6,15.72,27812,21056400,334595815.0
2026-04-13,LREN3,15.43,15.95,15.41,15.81,18402,8927900,140747130.0
2026-04-14,LREN3,15.9,16.0,15.41,15.67,28910,15476600,241581323.0
2026-04-15,LREN3,15.59,15.72,15.19,15.6,18929,12448800,192645929.0
2026-04-16,LREN3,15.49,15.76,15.05,15.05,19211,19780600,303666373.0
2026-04-17,LREN3,15.6,15.77,15.25,15.43,26124,26067600,404124028.0
2026-04-20,LREN3,15.4,15.4,15.06,15.15,19317,10065900,152681514.0
2026-04-22,LREN3,15.09,15.19,14.52,14.62,18722,15603300,231775996.0
2026-04-23,LREN3,14.65,14.67,14.21,14.34,14510,10529500,151488171.0
2026-04-24,LREN3,14.34,14.41,14.06,14.28,19843,10703200,152038373.0
2026-04-27,LREN3,14.39,14.39,13.78,13.97,18281,9404200,131387508.0
2026-04-28,LREN3,13.73,14.1,13.67,14.01,24813,15297500,212777138.0
2026-04-29,LREN3,13.86,13.94,13.32,13.42,30657,15933700,217406733.0
2026-04-30,LREN3,13.64,13.76,13.38,13.6,21147,14816500,201124295.0
2026-05-04,LREN3,13.51,13.71,13.36,13.52,20524,13032000,176193125.0
2026-05-05,LREN3,13.5,14.05,13.47,14.05,20464,13083800,181457317.0
2026-05-06,LREN3,14.39,15.28,14.25,14.69,45436,30293700,449150875.0
2026-05-07,LREN3,14.69,15.29,14.42,14.94,37083,24896900,369660984.0
2026-05-08,LREN3,14.8,15.18,14.24,14.35,44432,27338000,400473873.0
2026-05-11,LREN3,14.2,14.25,13.72,13.72,28170,12696300,177284107.0
2026-05-12,LREN3,13.69,14.13,13.62,13.69,28000,15472100,212888481.0
2026-05-13,LREN3,13.57,13.78,13.03,13.14,46876,30918600,415133173.0
2026-05-14,LREN3,13.35,13.9,13.31,13.72,29817,44646000,612379270.0
2026-05-15,LREN3,13.42,13.68,13.35,13.55,21664,11011800,148986548.0
2026-05-18,LREN3,13.51,13.81,13.44,13.77,21094,11879400,162335390.0
2026-05-19,LREN3,13.53,13.79,13.35,13.64,18638,10397200,142038339.0
2026-05-20,LREN3,13.78,14.79,13.78,14.7,29122,17007200,245653558.0
2026-05-21,LREN3,14.61,15.12,14.47,14.85,22030,16379800,243151974.0
2026-05-22,LREN3,14.68,15.35,14.66,15.07,28128,17968500,270907026.0
2026-05-25,LREN3,15.28,15.5,15.13,15.41,17551,8605000,132423381.0
2026-05-26,LREN3,15.18,15.25,14.9,15.04,22014,10189900,153308313.0
2026-05-27,LREN3,15.13,15.51,14.85,14.87,19266,9152000,137445178.0
2026-05-28,LREN3,15.0,15.22,14.72,15.0,12778,6376400,95916227.0
2026-05-29,LREN3,15.02,15.1,14.8,14.9,13451,8764500,130915339.0
2026-06-01,LREN3,15.2,15.38,14.88,15.02,24946,20944300,314656292.0
2026-06-02,LREN3,15.0,15.53,14.85,15.52,20912,13846900,211716810.0
2026-06-03,LREN3,15.04,15.13,14.6,14.64,30513,16921800,250244182.0
2026-06-05,LREN3,14.64,15.07,14.45,14.89,21942,15180300,226113020.0
2026-06-08,LREN3,14.82,15.0,14.63,14.97,21383,11628300,173171241.0
2026-06-09,LREN3,15.1,15.39,14.76,15.01,26269,14688100,220948248.0
2026-06-10,LREN3,14.9,14.92,14.55,14.82,26133,14819100,218402232.0
2026-06-11,LREN3,14.85,15.48,14.63,15.39,28026,22244600,334160662.0
2026-06-12,LREN3,15.09,15.58,15.09,15.38,23406,10416400,160508254.0
2026-06-15,LREN3,15.84,16.05,15.21,15.31,27172,12901000,200518536.0
2026-06-16,LREN3,15.22,15.31,14.86,14.89,21590,8831400,132478746.0
2026-06-17,LREN3,15.17,15.19,14.45,14.45,19845,10678200,158859094.0
2026-06-18,LREN3,14.45,14.52,13.82,13.99,31901,18747700,263650719.0
2026-06-19,LREN3,13.95,14.37,13.94,14.29,20251,9887400,140909277.0
2026-06-22,LREN3,14.29,14.93,14.23,14.39,35261,48817900,706092412.0
2026-06-23,LREN3,14.24,14.58,14.11,14.54,22319,13736300,198187199.0
2026-06-24,LREN3,14.21,14.55,14.11,14.5,21402,20638300,296406370.0
2026-06-25,LREN3,14.64,14.82,14.44,14.52,18652,9050900,131776187.0
2026-06-26,LREN3,14.46,14.98,14.38,14.97,20409,18120000,267244693.0
2026-06-29,LREN3,14.96,15.15,14.89,14.99,9673,6262500,94119732.0
2026-06-30,LREN3,14.83,14.91,14.58,14.76,15840,24372600,359499383.0
2026-07-01,LREN3,14.5,14.95,14.47,14.86,14015,6577600,97430350.0
2026-07-02,LREN3,14.97,15.22,14.75,14.8,22431,14483500,215657334.0
2026-07-03,LREN3,14.91,15.14,14.62,14.8,12993,11005500,163232690.0
2026-07-06,LREN3,14.7,14.74,14.09,14.09,23768,12523300,179610679.0
2026-07-07,LREN3,14.15,14.22,13.58,13.65,36794,16885600,232037248.0
2026-07-08,LREN3,13.51,13.82,13.45,13.71,21286,10233800,139765628.0
2026-07-09,LREN3,13.81,14.15,13.69,14.15,15733,8548000,119809551.0
2026-07-10,LREN3,14.69,14.84,14.49,14.62,21864,14517000,212878010.0
2026-07-13,LREN3,14.58,14.58,14.13,14.15,11976,8799700,125620272.0
2026-07-14,LREN3,14.25,14.34,13.99,14.29,11016,6866500,97287798.0
2026-07-15,LREN3,14.24,14.31,13.99,14.1,19066,10400900,146876011.0
2026-07-16,LREN3,14.13,14.15,13.5,13.65,24351,16448600,225746596.0
2026-07-17,LREN3,13.6,13.65,13.25,13.42,23133,12914500,173026190.0
2026-07-20,LREN3,13.46,13.52,13.28,13.31,13892,6517600,86980991.0
2026-07-21,LREN3,13.29,13.41,13.12,13.27,24151,8624800,114205252.0
2026-07-22,LREN3,13.3,13.59,13.29,13.54,19154,8211100,110711025.0
2026-07-23,LREN3,13.43,13.48,13.23,13.37,14550,8063700,107583367.0
2026-07-24,LREN3,13.24,13.5,13.18,13.27,16570,7804800,103597709.0
2026-07-27,LREN3,13.38,13.74,13.38,13.73,25769,10334400,141157416.0
2026-07-28,LREN3,14.09,14.24,13.74,13.9,20452,15288500,213502063.0
2026-07-29,LREN3,13.9,13.94,13.2,13.36,29322,14485700,194306584.0
2026-07-30,LREN3,13.44,13.59,13.37,13.52,17993,8220500,110861793.0
2026-07-31,LREN3,13.7,13.7,13.44,13.6,17507,14133200,191867516.0
2026-08-03,LREN3,13.87,13.98,13.62,13.85,21063,11146500,154670674.0
2026-08-04,LREN3,14.1,14.17,13.57,13.67,21357,10051100,138228630.0
2026-08-05,LREN3,13.79,13.84,13.55,13.67,17368,7742600,105774889.0
2026-08-06,LREN3,13.56,13.62,13.25,13.48,20394,13835800,186087985.0
2026-08-07,LREN3,12.4,12.68,11.43,12.39,84255,106799100,1282319122.0
2026-08-10,LREN3,12.31,12.53,12.01,12.12,33366,28773900,350537082.0
2026-08-11,LREN3,12.12,12.45,11.96,12.03,29006,27025200,327869877.0
2026-08-12,LREN3,12.1,12.17,11.68,11.74,33046,23895200,283262685.0
2026-08-13,LREN3,11.71,11.87,11.49,11.51,22205,12547000,145522995.0
2026-08-14,LREN3,11.26,11.37,10.87,11.21,29388,25928100,286799679.0
2026-08-17,LREN3,11.16,11.26,11.01,11.02,18707,17044400,189297120.0
2026-08-18,LREN3,11.02,11.07,10.64,10.64,26233,18588200,200829980.0
2026-08-19,LREN3,10.87,10.95,10.61,10.73,19025,18853900,202637588.0
2026-08-20,LREN3,10.64,10.83,10.48,10.5,29411,18622600,197756756.0
2021-08-20,RAIL3,18.0,18.34,17.91,18.12,19749,8538900,154861775.0
2021-08-23,RAIL3,18.05,18.49,18.05,18.43,22791,9503300,174448921.0
2021-08-24,RAIL3,18.53,19.03,18.5,18.73,20559,9723300,183179394.0
2021-08-25,RAIL3,18.68,18.94,18.5,18.87,19468,7421200,139117141.0
2021-08-26,RAIL3,18.7,18.95,18.4,18.73,23053,11651900,217223028.0
2021-08-27,RAIL3,18.8,19.06,18.68,19.01,22157,17974400,340131805.0
2021-08-30,RAIL3,18.92,19.04,18.55,18.85,23373,10148700,190774612.0
2021-08-31,RAIL3,18.85,19.08,18.44,18.72,26317,11686200,218645002.0
2021-09-01,RAIL3,18.74,19.54,18.4,19.35,24763,16372400,312234405.0
2021-09-02,RAIL3,19.22,19.33,18.73,19.01,25620,10355700,196205346.0
2021-09-03,RAIL3,19.1,19.11,18.18,18.99,34796,21165800,394967501.0
2021-09-06,RAIL3,18.9,19.0,18.56,18.94,13113,5639300,106046341.0
2021-09-08,RAIL3,18.73,18.88,18.12,18.23,41325,13474400,249287675.0
2021-09-09,RAIL3,18.2,18.92,17.87,18.56,26113,10014100,182123579.0
2021-09-10,RAIL3,18.61,18.78,17.94,18.12,22006,9058400,165403345.0
2021-09-13,RAIL3,18.58,18.68,18.32,18.45,17733,10287600,190040313.0
2021-09-14,RAIL3,18.5,18.66,18.42,18.42,13109,4389400,81383762.0
2021-09-15,RAIL3,18.5,18.53,18.08,18.21,16805,5349500,97610740.0
2021-09-16,RAIL3,18.12,18.19,17.61,17.67,15953,9197500,163408508.0
2021-09-17,RAIL3,17.68,17.68,17.4,17.53,19402,9042000,158570698.0
2021-09-20,RAIL3,17.48,17.53,17.03,17.31,20160,8502100,146055801.0
2021-09-21,RAIL3,17.37,17.86,17.21,17.65,20950,20399900,356810837.0
2021-09-22,RAIL3,17.86,17.86,17.55,17.72,22369,17100600,303138810.0
2021-09-23,RAIL3,17.8,18.03,17.67,17.88,26497,11409600,203409349.0
2021-09-24,RAIL3,17.68,17.86,17.49,17.7,14218,5057700,89265699.0
2021-09-27,RAIL3,17.63,17.95,17.49,17.74,15363,9754600,172582425.0
2021-09-28,RAIL3,17.57,17.66,17.09,17.16,20275,6428000,110950869.0
2021-09-29,RAIL3,17.25,17.29,16.92,16.98,28157,12173100,208021875.0
2021-09-30,RAIL3,17.05,17.28,16.76,16.79,26247,15404000,261326272.0
2021-10-01,RAIL3,16.74,17.31,16.67,17.31,20406,23374600,398781896.0
2021-10-04,RAIL3,17.02,17.05,16.69,17.0,24620,13591400,229414909.0
2021-10-05,RAIL3,17.06,17.2,16.93,17.0,19206,7966800,135701484.0
2021-10-06,RAIL3,16.9,18.53,16.87,18.23,46666,25019200,447539269.0
2021-10-07,RAIL3,18.12,18.12,17.5,17.64,22257,9723000,171741642.0
2021-10-08,RAIL3,17.69,18.48,17.65,18.24,29734,11398800,208326911.0
2021-10-11,RAIL3,18.15,18.39,17.97,18.17,13417,5704400,103788304.0
2021-10-13,RAIL3,18.07,18.64,18.01,18.44,25470,8941500,164855935.0
2021-10-14,RAIL3,18.47,18.75,18.21,18.64,16361,5868200,108898254.0
2021-10-15,RAIL3,18.68,18.68,18.17,18.35,16289,9564200,176127690.0
2021-10-18,RAIL3,18.21,18.34,17.98,18.21,19720,8992800,163639320.0
2021-10-19,RAIL3,17.87,18.0,17.27,17.58,28257,15382000,270607769.0
2021-10-20,RAIL3,17.66,17.7,17.05,17.09,25633,13561900,234242467.0
2021-10-21,RAIL3,16.89,17.04,16.25,16.39,35838,18362400,305270371.0
2021-10-22,RAIL3,16.39,16.72,15.63,16.58,62041,27554700,445001105.0
2021-10-25,RAIL3,16.37,16.93,16.32,16.74,28611,11144900,186302520.0
2021-10-26,RAIL3,16.42,16.66,16.18,16.29,27779,10109900,165274967.0
2021-10-27,RAIL3,16.4,16.58,16.07,16.2,20482,8996200,146599765.0
2021-10-28,RAIL3,16.12,16.43,15.95,16.1,23822,9654600,155891403.0
2021-10-29,RAIL3,16.13,16.2,15.72,15.99,31184,16126700,256877707.0
2021-11-01,RAIL3,16.23,16.7,16.04,16.56,26114,14151400,233539867.0
2021-11-03,RAIL3,16.43,17.43,16.4,17.32,47769,15062600,257753571.0
2021-11-04,RAIL3,17.33,17.57,17.01,17.23,28685,13166900,227469393.0
2021-11-05,RAIL3,17.42,17.45,16.71,16.99,33959,17489800,296188760.0
2021-11-08,RAIL3,17.07,17.13,16.56,16.76,45871,14251500,238898926.0
2021-11-09,RAIL3,16.79,17.17,16.72,16.93,28034,10327300,175296968.0
2021-11-10,RAIL3,16.83,17.1,16.67,16.84,28533,12691100,214506177.0
2021-11-11,RAIL3,17.11,17.5,16.96,17.18,36911,12397400,213940654.0
2021-11-12,RAIL3,17.01,17.18,16.6,16.77,41979,19073300,321110909.0
2021-11-16,RAIL3,16.89,16.94,16.52,16.68,28938,11745800,196173523.0
2021-11-17,RAIL3,16.84,17.11,16.56,16.78,23386,10999100,184305305.0
2021-11-18,RAIL3,16.94,17.09,16.64,16.75,23921,9333000,156422772.0
2021-11-19,RAIL3,16.81,17.23,16.75,17.02,21497,12991300,221199552.0
2021-11-22,RAIL3,17.02,17.43,16.68,16.86,25633,10140400,172097922.0
2021-11-23,RAIL3,17.21,17.56,16.87,17.56,38947,17296000,298520362.0
2021-11-24,RAIL3,17.29,17.74,17.27,17.55,35884,14596700,255989634.0
2021-11-25,RAIL3,17.68,17.98,17.6,17.91,21259,7255700,129807220.0
2021-11-26,RAIL3,17.5,17.69,17.35,17.62,23876,8948500,156956276.0
2021-11-29,RAIL3,17.84,17.87,17.4,17.62,25775,11575200,204228886.0
2021-11-30,RAIL3,17.54,17.57,17.2,17.57,36217,24587200,428892029.0
2021-12-01,RAIL3,17.83,17.97,17.4,17.51,41447,16204800,285476882.0
2021-12-02,RAIL3,17.65,17.92,17.41,17.61,29354,10834600,190824109.0
2021-12-03,RAIL3,17.61,18.55,17.6,18.1,33037,19031200,345335381.0
2021-12-06,RAIL3,18.23,18.37,17.5,17.6,27304,19312400,343780777.0
2021-12-07,RAIL3,17.69,17.84,17.15,17.29,25027,13572200,235153084.0
2021-12-08,RAIL3,17.3,17.78,17.05,17.7,24305,14519000,254118241.0
2021-12-09,RAIL3,17.66,17.81,17.31,17.45,14988,6646700,116242309.0
2021-12-10,RAIL3,17.66,18.2,17.65,18.02,19046,8741200,157219354.0
2021-12-13,RAIL3,17.9,18.39,17.81,18.12,19293,9708300,176205210.0
2021-12-14,RAIL3,18.31,18.78,18.3,18.54,25328,14053600,260516340.0
2021-12-15,RAIL3,18.61,19.13,18.57,18.77,36530,18381900,345230009.0
2021-12-16,RAIL3,18.95,19.04,18.19,18.45,20866,16418200,303670051.0
2021-12-17,RAIL3,17.92,18.44,17.85,18.24,20312,14784700,269370760.0
2021-12-20,RAIL3,18.13,18.27,17.86,18.18,17501,8355700,151507647.0
2021-12-21,RAIL3,18.11,18.18,17.74,18.06,19877,9740800,175283532.0
2021-12-22,RAIL3,18.2,18.2,17.76,18.0,11087,7103700,127134747.0
2021-12-23,RAIL3,18.02,18.02,17.67,17.67,9538,4891800,86882130.0
2021-12-27,RAIL3,17.78,17.95,17.67,17.8,13731,6991500,124332008.0
2021-12-28,RAIL3,17.92,17.92,17.44,17.53,15952,5827800,102202648.0
2021-12-29,RAIL3,17.49,17.68,17.3,17.5,19831,5984200,104389618.0
2021-12-30,RAIL3,17.65,17.82,17.44,17.76,26259,8778100,155382192.0
2022-01-03,RAIL3,17.9,17.9,17.1,17.39,24595,9080400,157891087.0
2022-01-04,RAIL3,17.36,17.56,17.1,17.37,22856,10053300,174009173.0
2022-01-05,RAIL3,17.1,17.23,16.56,16.61,23422,10354500,174249877.0
2022-01-06,RAIL3,16.98,16.98,15.99,16.1,31118,17298000,280149563.0
2022-01-07,RAIL3,16.04,16.11,15.69,15.86,17837,8649400,137413992.0
2022-01-10,RAIL3,15.82,15.82,15.39,15.65,20269,9972600,155231539.0
2022-01-11,RAIL3,15.51,16.04,15.51,16.0,26418,10737200,170678508.0
2022-01-12,RAIL3,15.9,16.35,15.76,16.33,23010,8961200,145329374.0
2022-01-13,RAIL3,16.2,16.5,16.15,16.26,13731,7614300,124427912.0
2022-01-14,RAIL3,16.22,16.42,16.12,16.31,11652,4790500,78012688.0
2022-01-17,RAIL3,16.13,16.54,16.13,16.35,9814,3878000,63593581.0
2022-01-18,RAIL3,16.5,16.5,16.22,16.4,12802,4786400,78287924.0
2022-01-19,RAIL3,16.56,16.9,16.43,16.73,14554,6973600,116712148.0
2022-01-20,RAIL3,16.88,17.62,16.84,17.48,18092,9032200,157221734.0
2022-01-21,RAIL3,17.4,17.42,16.85,16.98,20354,11634700,197981158.0
2022-01-24,RAIL3,16.98,17.09,16.58,16.63,15082,6431400,107307227.0
2022-01-25,RAIL3,16.55,16.94,16.46,16.82,15636,8870000,148209567.0
2022-01-26,RAIL3,17.0,17.27,16.81,16.87,22623,14266900,242137060.0
2022-01-27,RAIL3,17.11,17.11,16.48,16.66,35610,24283300,408098782.0
2022-01-28,RAIL3,16.66,16.66,15.67,15.76,41347,23991700,381366935.0
2022-01-31,RAIL3,15.78,15.95,15.41,15.62,24554,16527300,258473560.0
2022-02-01,RAIL3,15.76,15.88,15.19,15.51,25716,14263500,219668572.0
2022-02-02,RAIL3,15.51,15.81,15.43,15.45,12680,4907700,76484847.0
2022-02-03,RAIL3,15.52,15.66,15.02,15.22,19134,10535400,160058310.0
2022-02-04,RAIL3,15.19,15.26,14.79,15.26,25346,19246400,289437026.0
2022-02-07,RAIL3,15.15,15.15,14.72,14.87,18795,14098300,210299505.0
2022-02-08,RAIL3,15.0,15.62,14.77,15.57,26599,16104600,247855520.0
2022-02-09,RAIL3,15.54,16.24,15.53,16.06,27453,15564400,249396879.0
2022-02-10,RAIL3,16.04,16.18,15.85,15.97,23791,17787600,284557442.0
2022-02-11,RAIL3,16.07,16.25,15.89,16.06,18528,10416600,167703602.0
2022-02-14,RAIL3,16.08,16.49,16.08,16.19,19756,8826200,143869583.0
2022-02-15,RAIL3,16.46,16.71,16.38,16.64,18743,8066600,133687996.0
2022-02-16,RAIL3,16.78,16.82,16.46,16.71,19671,7036400,117262036.0
2022-02-17,RAIL3,16.64,16.98,16.63,16.68,17045,7178000,120420805.0
2022-02-18,RAIL3,15.9,16.0,14.96,15.21,61506,47509100,731232392.0
2022-02-21,RAIL3,15.32,16.0,15.16,15.27,33888,17715400,277061008.0
2022-02-22,RAIL3,15.6,16.22,15.59,15.88,52190,22843100,363745299.0
2022-02-23,RAIL3,15.86,16.45,15.74,15.75,21745,17038400,271899366.0
2022-02-24,RAIL3,15.35,16.31,15.1,16.11,21489,12899700,203342865.0
2022-02-25,RAIL3,16.06,16.11,15.33,15.5,33033,18571300,288641538.0
2022-03-02,RAIL3,15.35,15.84,15.35,15.64,16106,9010200,140989224.0
2022-03-03,RAIL3,15.6,15.83,15.53,15.57,12823,6416000,100142970.0
2022-03-04,RAIL3,15.58,15.64,14.98,15.25,16210,9517000,144643179.0
2022-03-07,RAIL3,15.19,15.98,15.04,15.55,36423,18377700,287895517.0
2022-03-08,RAIL3,15.56,16.31,15.56,16.15,33424,25535300,411108999.0
2022-03-09,RAIL3,16.19,16.58,15.97,16.47,26868,12046200,196058358.0
2022-03-10,RAIL3,16.35,16.64,16.05,16.26,19945,9134400,148695615.0
2022-03-11,RAIL3,16.33,16.47,15.41,15.56,22831,12389900,195542099.0
2022-03-14,RAIL3,15.92,16.11,15.26,15.38,12877,8197100,126585680.0
2022-03-15,RAIL3,15.29,15.46,15.05,15.25,22926,9136500,139529545.0
2022-03-16,RAIL3,15.43,15.8,15.28,15.71,18192,8397800,130760721.0
2022-03-17,RAIL3,15.69,16.63,15.57,16.58,21261,20861000,339329000.0
2022-03-18,RAIL3,16.52,17.67,16.39,17.67,23546,24916500,433951320.0
2022-03-21,RAIL3,17.45,17.76,17.13,17.2,12400,5922200,102423917.0
2022-03-22,RAIL3,17.62,17.76,17.39,17.56,26386,6177800,108534219.0
2022-03-23,RAIL3,17.64,17.91,17.41,17.62,14788,6359600,112388465.0
2022-03-24,RAIL3,17.7,18.28,17.48,18.18,26819,12789500,228937553.0
2022-03-25,RAIL3,18.28,18.6,18.16,18.41,25550,12822900,236404393.0
2022-03-28,RAIL3,18.55,18.98,18.31,18.72,17848,8963700,166747172.0
2022-03-29,RAIL3,19.0,19.23,18.43,18.48,28585,10393000,193823772.0
2022-03-30,RAIL3,18.57,18.66,18.27,18.42,15484,5464200,100639190.0
2022-03-31,RAIL3,18.57,18.87,18.41,18.55,17355,13320900,248009998.0
2022-04-01,RAIL3,18.7,19.09,18.62,19.0,24172,17041700,321191895.0
2022-04-04,RAIL3,18.95,19.03,18.7,18.88,8761,3707700,70019380.0
2022-04-05,RAIL3,18.99,19.08,18.36,18.52,19503,10463200,194266859.0
2022-04-06,RAIL3,18.43,18.55,17.87,18.1,25595,12859400,232862366.0
2022-04-07,RAIL3,17.88,18.17,17.88,18.06,15353,4987300,90070329.0
2022-04-08,RAIL3,17.86,18.33,17.78,18.27,18316,9109700,164682821.0
2022-04-11,RAIL3,18.0,18.41,17.96,18.25,14909,6260000,113929343.0
2022-04-12,RAIL3,18.25,18.86,18.25,18.46,15336,7505900,139282484.0
2022-04-13,RAIL3,18.39,18.82,18.36,18.54,18469,6516200,121128855.0
2022-04-14,RAIL3,18.52,18.61,18.22,18.4,11186,7763200,143185222.0
2022-04-18,RAIL3,18.35,18.57,17.99,18.05,13273,7552200,137221407.0
2022-04-19,RAIL3,17.91,18.08,17.72,18.0,11147,4649900,83576184.0
2022-04-20,RAIL3,18.17,18.9,18.07,18.83,19984,14468600,268050950.0
2022-04-22,RAIL3,18.66,18.97,18.16,18.29,18659,9412600,174065757.0
2022-04-25,RAIL3,18.24,18.28,18.0,18.13,14118,4858600,88031867.0
2022-04-26,RAIL3,18.09,18.09,17.53,17.8,20496,7899700,140354678.0
2022-04-27,RAIL3,17.8,18.02,17.62,17.67,15734,11461700,203488719.0
2022-04-28,RAIL3,17.74,17.77,17.38,17.38,14203,9836000,172526711.0
2022-04-29,RAIL3,17.69,17.69,16.37,16.37,24267,13017300,218031615.0
2022-05-02,RAIL3,16.36,16.43,15.61,15.82,29185,12563000,199352311.0
2022-05-03,RAIL3,15.87,16.16,15.68,15.96,15670,9245200,147046238.0
2022-05-04,RAIL3,15.88,16.32,15.57,16.2,31951,17924800,283549571.0
2022-05-05,RAIL3,16.04,16.19,15.48,15.69,17502,6042700,94747911.0
2022-05-06,RAIL3,15.64,15.9,15.17,15.35,23062,11849100,181825034.0
2022-05-09,RAIL3,15.17,15.75,15.11,15.45,19143,13622200,210971595.0
2022-05-10,RAIL3,15.5,15.61,15.23,15.31,16802,9951300,153110655.0
2022-05-11,RAIL3,15.36,15.5,15.05,15.36,11407,6571300,100900121.0
2022-05-12,RAIL3,15.28,15.43,14.98,15.27,16956,13389200,203803454.0
2022-05-13,RAIL3,15.2,15.98,15.16,15.54,22647,17681600,274306873.0
2022-05-16,RAIL3,15.8,16.11,15.54,15.96,19945,10561100,167664290.0
2022-05-17,RAIL3,16.2,16.35,15.81,16.03,16762,13418600,215961760.0
2022-05-18,RAIL3,15.89,15.92,15.46,15.61,15593,9613600,150713823.0
2022-05-19,RAIL3,15.49,15.81,15.42,15.61,12327,8192200,128306725.0
2022-05-20,RAIL3,15.79,16.03,15.62,15.87,16289,9231200,145814088.0
2022-05-23,RAIL3,15.93,16.15,15.85,16.08,22127,17127200,274950007.0
2022-05-24,RAIL3,15.98,16.18,15.73,16.17,16928,9871700,157243688.0
2022-05-25,RAIL3,15.98,16.16,15.8,16.04,15449,10068000,160905548.0
2022-05-26,RAIL3,16.1,17.25,16.07,17.15,31301,18156400,308300717.0
2022-05-27,RAIL3,17.11,17.24,16.91,17.08,23825,9930400,169140409.0
2022-05-30,RAIL3,17.25,17.36,17.03,17.16,13663,5663800,97401638.0
2022-05-31,RAIL3,17.38,17.82,17.18,17.68,19176,25689800,452940917.0
2022-06-01,RAIL3,17.68,18.16,17.62,17.79,29335,14291000,254624161.0
2022-06-02,RAIL3,17.98,18.41,17.79,18.35,15086,7328200,133039866.0
2022-06-03,RAIL3,18.35,18.54,18.2,18.39,17596,11564200,212601823.0
2022-06-06,RAIL3,18.52,18.73,18.17,18.24,18474,20222700,370613167.0
2022-06-07,RAIL3,18.1,18.15,17.67,17.87,15732,8129500,144880828.0
2022-06-08,RAIL3,17.63,18.18,17.55,17.65,16786,8564300,151632409.0
2022-06-09,RAIL3,17.61,18.05,17.57,17.93,19658,10493700,188011024.0
2022-06-10,RAIL3,17.65,17.7,17.08,17.46,32621,13447300,232853653.0
2022-06-13,RAIL3,17.23,17.29,16.82,17.01,23311,8348000,141761329.0
2022-06-14,RAIL3,16.91,17.19,16.77,17.06,14722,8764800,148938492.0
2022-06-15,RAIL3,17.37,17.38,16.84,17.08,19539,7988300,136388131.0
2022-06-17,RAIL3,16.84,16.97,16.42,16.89,19781,14396100,241614640.0
2022-06-20,RAIL3,17.0,17.0,16.46,16.75,11961,6311400,105796456.0
2022-06-21,RAIL3,16.78,16.88,16.55,16.75,16573,7442100,124107548.0
2022-06-22,RAIL3,16.54,16.96,16.16,16.79,20702,11379600,190043675.0
2022-06-23,RAIL3,16.78,17.24,16.67,16.72,15981,8446400,142353116.0
2022-06-24,RAIL3,16.9,17.25,16.54,16.63,22337,13148200,220874003.0
2022-06-27,RAIL3,16.6,17.1,16.58,16.69,15542,6083800,102192895.0
2022-06-28,RAIL3,16.7,16.83,16.12,16.36,16587,10773500,176661606.0
2022-06-29,RAIL3,16.53,16.66,16.17,16.34,17377,9759800,159619721.0
2022-06-30,RAIL3,16.01,16.18,15.83,15.97,18989,10909800,174296620.0
2022-07-01,RAIL3,15.82,16.06,15.62,15.99,20786,10423000,165839123.0
2022-07-04,RAIL3,15.82,16.2,15.8,15.95,9381,3600200,57694015.0
2022-07-05,RAIL3,15.79,16.23,15.76,16.13,18131,8437400,135048557.0
2022-07-06,RAIL3,15.96,16.36,15.85,16.11,18164,10108100,163231497.0
2022-07-07,RAIL3,16.35,16.41,16.09,16.12,16254,10895800,177053334.0
2022-07-08,RAIL3,16.17,16.28,15.9,16.08,13799,9563800,153534205.0
2022-07-11,RAIL3,15.95,16.07,15.72,15.76,11841,5491700,87106245.0
2022-07-12,RAIL3,15.84,15.84,15.54,15.68,11742,4671000,73297252.0
2022-07-13,RAIL3,15.6,15.78,15.41,15.43,17071,5462500,84853217.0
2022-07-14,RAIL3,15.32,15.5,15.22,15.4,9986,5494700,84502442.0
2022-07-15,RAIL3,15.38,15.5,15.22,15.34,19467,4127500,63504626.0
2022-07-18,RAIL3,15.58,16.02,15.5,15.79,17019,9551100,151415128.0
2022-07-19,RAIL3,15.92,16.1,15.84,15.9,11880,6302500,100587080.0
2022-07-20,RAIL3,15.86,16.09,15.63,16.01,9532,6841600,109179223.0
2022-07-21,RAIL3,15.8,16.08,15.75,16.01,12505,5288400,84484160.0
2022-07-22,RAIL3,16.07,16.17,15.89,16.09,10480,8626100,138462030.0
2022-07-25,RAIL3,16.16,16.48,16.13,16.41,11489,7187900,117729502.0
2022-07-26,RAIL3,16.5,16.68,16.36,16.49,11559,7363300,121341630.0
2022-07-27,RAIL3,16.52,17.39,16.5,17.39,19885,11144800,191414491.0
2022-07-28,RAIL3,17.33,17.6,17.28,17.55,17037,6992200,122316348.0
2022-07-29,RAIL3,17.55,17.73,17.4,17.54,13598,6931900,121890724.0
2022-08-01,RAIL3,17.49,17.71,17.37,17.54,24966,8811900,154872565.0
2022-08-02,RAIL3,17.38,17.75,17.37,17.72,17598,8728600,153748845.0
2022-08-03,RAIL3,17.74,18.02,17.56,17.96,15711,7785700,139092963.0
2022-08-04,RAIL3,18.07,18.66,17.88,18.48,19821,14920900,275714326.0
2022-08-05,RAIL3,18.46,18.49,18.17,18.31,16646,8524300,155816752.0
2022-08-08,RAIL3,18.45,18.65,18.3,18.4,16102,8571800,158052841.0
2022-08-09,RAIL3,18.42,18.59,17.83,18.0,26327,9057000,163293220.0
2022-08-10,RAIL3,18.39,18.6,18.24,18.4,28917,7150300,131846672.0
2022-08-11,RAIL3,18.53,18.81,18.12,18.42,24021,12962000,239323040.0
2022-08-12,RAIL3,18.7,19.48,18.54,19.38,33389,20034800,381012705.0
2022-08-15,RAIL3,19.2,19.74,19.04,19.66,34735,10681000,207513386.0
2022-08-16,RAIL3,19.66,19.86,19.46,19.71,24855,10945300,215233927.0
2022-08-17,RAIL3,19.74,20.03,19.55,19.88,38851,11838300,234136242.0
2022-08-18,RAIL3,19.87,20.02,19.69,19.96,21539,4917000,97824389.0
2022-08-19,RAIL3,19.85,19.86,19.14,19.33,28037,8647600,167435324.0
2022-08-22,RAIL3,19.31,19.48,19.14,19.24,15695,6046700,116646422.0
2022-08-23,RAIL3,19.23,19.74,19.1,19.56,21136,9023500,175728522.0
2022-08-24,RAIL3,19.62,20.05,19.14,20.0,24176,13568900,269028086.0
2022-08-25,RAIL3,20.24,20.4,19.73,20.29,20313,10926400,220178903.0
2022-08-26,RAIL3,20.49,20.52,19.83,20.03,21652,8605500,172893661.0
2022-08-29,RAIL3,19.99,20.36,19.85,20.09,15562,5966200,120124125.0
2022-08-30,RAIL3,20.28,20.82,19.86,20.13,25326,14867500,302160412.0
2022-08-31,RAIL3,20.45,20.58,20.04,20.21,20574,13224900,267422787.0
2022-09-01,RAIL3,20.5,20.87,20.07,20.37,29074,15537900,318898877.0
2022-09-02,RAIL3,20.6,20.6,20.0,20.26,25362,13343500,270557156.0
2022-09-05,RAIL3,20.62,20.84,20.31,20.57,14237,5434800,112023906.0
2022-09-06,RAIL3,20.4,20.65,20.02,20.21,20388,11452900,231392811.0
2022-09-08,RAIL3,20.14,20.65,20.03,20.36,20505,10330100,210480256.0
2022-09-09,RAIL3,20.5,20.79,20.33,20.73,19976,10563900,217892632.0
2022-09-12,RAIL3,20.8,20.91,20.27,20.69,14538,11015800,227025394.0
2022-09-13,RAIL3,20.38,20.66,19.63,19.79,28025,16633600,331937571.0
2022-09-14,RAIL3,19.78,20.14,19.41,20.13,17847,8680800,172466224.0
2022-09-15,RAIL3,20.05,20.15,19.71,19.88,18186,8982200,178720447.0
2022-09-16,RAIL3,19.68,19.93,19.31,19.66,36573,19325500,377453339.0
2022-09-19,RAIL3,19.62,19.89,19.41,19.79,15414,7249100,142973181.0
2022-09-20,RAIL3,19.87,20.09,19.44,19.64,20988,8962100,175785841.0
2022-09-21,RAIL3,19.65,20.08,19.54,19.85,22764,8268800,164015521.0
2022-09-22,RAIL3,20.06,20.21,19.6,20.0,30879,13683100,271766713.0
2022-09-23,RAIL3,19.7,19.83,19.05,19.35,30291,13649900,263844555.0
2022-09-26,RAIL3,19.16,19.44,18.66,18.85,23906,16573300,313203618.0
2022-09-27,RAIL3,18.89,19.07,18.13,18.58,39399,31350600,581100350.0
2022-09-28,RAIL3,18.44,18.76,18.28,18.46,22143,18270800,338250147.0
2022-09-29,RAIL3,18.07,18.35,17.98,18.19,19103,8666100,157390369.0
2022-09-30,RAIL3,18.11,18.61,17.99,18.48,20308,13661000,251725299.0
2022-10-03,RAIL3,18.95,19.38,18.61,19.24,30649,13902000,264338442.0
2022-10-04,RAIL3,19.9,19.99,19.34,19.4,25313,8213200,160216082.0
2022-10-05,RAIL3,19.5,19.57,19.12,19.56,18220,7348900,142961341.0
2022-10-06,RAIL3,19.69,20.12,19.6,19.81,22887,13670100,272020504.0
2022-10-07,RAIL3,19.71,19.9,18.79,19.11,41251,16520200,319343385.0
2022-10-10,RAIL3,19.2,19.38,18.09,18.23,48571,29511700,545452189.0
2022-10-11,RAIL3,18.11,19.03,18.07,19.0,49044,21379700,401819216.0
2022-10-13,RAIL3,18.5,19.94,18.42,19.77,41845,15595400,304837972.0
2022-10-14,RAIL3,19.72,19.81,19.2,19.3,18173,6839200,133249023.0
2022-10-17,RAIL3,19.46,20.34,19.24,20.04,33655,14691300,294397457.0
2022-10-18,RAIL3,20.26,21.05,20.1,20.44,48244,27206800,559123834.0
2022-10-19,RAIL3,20.43,20.81,20.18,20.7,27439,14647000,301725724.0
2022-10-20,RAIL3,20.87,20.9,20.19,20.7,23164,17088000,351230973.0
2022-10-21,RAIL3,20.58,21.39,20.27,21.26,28450,13484200,282156228.0
2022-10-24,RAIL3,21.05,21.16,20.8,21.05,20349,5992800,125702986.0
2022-10-25,RAIL3,21.0,21.0,20.58,20.58,20839,7559900,156683301.0
2022-10-26,RAIL3,20.49,20.72,20.02,20.17,30422,9852200,199629728.0
2022-10-27,RAIL3,20.52,21.21,20.33,20.96,25632,12484600,261417627.0
2022-10-28,RAIL3,20.9,21.24,20.76,21.24,24810,12272400,258484318.0
2022-10-31,RAIL3,21.0,22.3,20.77,22.14,41428,14712600,320060194.0
2022-11-01,RAIL3,22.34,22.34,21.63,21.85,29066,9116100,200175318.0
2022-11-03,RAIL3,21.41,22.27,21.31,21.82,20434,8719800,191458565.0
2022-11-04,RAIL3,21.5,21.59,20.13,20.46,52533,29360900,607420569.0
2022-11-07,RAIL3,20.41,21.09,20.16,20.22,31048,17577100,360462890.0
2022-11-08,RAIL3,20.06,21.07,20.04,20.78,41274,14109600,293289868.0
2022-11-09,RAIL3,20.65,20.96,20.34,20.49,26050,11787000,242785448.0
2022-11-10,RAIL3,19.9,20.04,19.12,19.6,46740,13522700,264593272.0
2022-11-11,RAIL3,19.5,20.44,19.19,19.96,33810,14224300,283627603.0
2022-11-14,RAIL3,20.45,20.45,19.66,19.98,20956,14317800,285089755.0
2022-11-16,RAIL3,19.96,19.96,18.99,19.2,45370,16803600,323616457.0
2022-11-17,RAIL3,18.84,18.91,18.0,18.88,52515,26764900,495951671.0
2022-11-18,RAIL3,19.02,19.64,19.02,19.26,30637,12565400,243102895.0
2022-11-21,RAIL3,19.64,20.07,19.25,19.83,30035,15762300,311242414.0
2022-11-22,RAIL3,19.96,19.98,19.26,19.51,19046,9454000,184182380.0
2022-11-23,RAIL3,19.44,19.64,19.09,19.38,18929,9004600,174252488.0
2022-11-24,RAIL3,19.59,20.28,19.41,19.96,10347,3911300,78056706.0
2022-11-25,RAIL3,19.93,19.93,18.71,18.91,23482,12703100,242466897.0
2022-11-28,RAIL3,19.1,19.73,19.1,19.6,29832,20371900,398192328.0
2022-11-29,RAIL3,19.68,20.08,19.4,19.46,23568,13400700,264138233.0
2022-11-30,RAIL3,19.44,19.77,18.88,19.46,22650,14189500,274606142.0
2022-12-01,RAIL3,19.13,19.34,18.87,19.11,29113,13319100,254247265.0
2022-12-02,RAIL3,19.0,19.55,18.99,19.24,29846,12882900,248042940.0
2022-12-05,RAIL3,18.98,19.15,18.69,18.8,14807,4959000,93424380.0
2022-12-06,RAIL3,18.9,18.9,18.44,18.78,15945,5433900,101408417.0
2022-12-07,RAIL3,18.76,18.93,18.49,18.7,17288,9517800,178235161.0
2022-12-08,RAIL3,18.64,18.75,17.43,17.55,45608,18906800,335098026.0
2022-12-09,RAIL3,17.55,17.9,17.37,17.64,20314,9782700,172550252.0
2022-12-12,RAIL3,17.8,18.0,17.09,17.43,24134,12373500,214832964.0
2022-12-13,RAIL3,17.43,17.66,16.45,16.52,37193,21728900,365231194.0
2022-12-14,RAIL3,16.28,17.11,16.21,16.91,31537,13956000,233533666.0
2022-12-15,RAIL3,16.67,17.47,16.53,17.14,22671,12684800,217733468.0
2022-12-16,RAIL3,17.13,17.19,16.79,17.15,15317,11916800,203299470.0
2022-12-19,RAIL3,17.22,17.72,17.12,17.62,18779,7627600,133558409.0
2022-12-20,RAIL3,17.56,18.8,17.52,18.33,30639,19319200,354605988.0
2022-12-21,RAIL3,18.32,18.68,18.19,18.53,24050,17549600,323764061.0
2022-12-22,RAIL3,18.52,19.1,18.41,18.56,23773,7391300,138063213.0
2022-12-23,RAIL3,18.64,19.52,18.57,19.15,24613,7768200,149645029.0
2022-12-26,RAIL3,19.05,19.12,18.4,18.5,9366,3188700,59199301.0
2022-12-27,RAIL3,18.6,18.6,17.9,18.05,16922,8959500,162559709.0
2022-12-28,RAIL3,18.17,18.72,18.11,18.47,17327,5995500,110967514.0
2022-12-29,RAIL3,18.69,18.83,18.37,18.61,10842,5980000,111116372.0
2023-01-02,RAIL3,18.31,18.48,17.54,17.66,29371,11855600,210034828.0
2023-01-03,RAIL3,17.66,17.71,17.12,17.26,20332,7425800,129417830.0
2023-01-04,RAIL3,17.44,17.69,17.11,17.52,22643,7541700,131580375.0
2023-01-05,RAIL3,17.53,17.84,17.23,17.64,17609,8129000,142765830.0
2023-01-06,RAIL3,17.67,17.95,17.54,17.8,10249,5244100,93387654.0
2023-01-09,RAIL3,17.8,18.17,17.6,17.72,15341,6421200,114629122.0
2023-01-10,RAIL3,17.5,18.26,17.46,18.13,16619,6129600,110472120.0
2023-01-11,RAIL3,18.12,18.59,18.03,18.53,13513,5360900,98331810.0
2023-01-12,RAIL3,18.45,19.25,18.3,18.67,19875,10063700,188879207.0
2023-01-13,RAIL3,18.27,18.65,17.77,18.37,25003,11934700,218025205.0
2023-01-16,RAIL3,18.21,18.68,18.18,18.3,11528,5760100,105688798.0
2023-01-17,RAIL3,18.3,18.76,18.15,18.57,19194,6886700,127607037.0
2023-01-18,RAIL3,18.94,19.23,18.76,18.87,19301,9166300,174162336.0
2023-01-19,RAIL3,18.67,19.19,18.62,19.07,17845,7774100,147822915.0
2023-01-20,RAIL3,19.06,19.06,18.32,18.36,35867,15771100,291651470.0
2023-01-23,RAIL3,18.56,18.86,18.33,18.49,20864,12857700,238580207.0
2023-01-24,RAIL3,18.57,18.97,18.44,18.82,18486,6694500,125139887.0
2023-01-25,RAIL3,18.79,18.97,18.37,18.78,20234,5690500,106672398.0
2023-01-26,RAIL3,18.83,18.94,18.57,18.79,13268,5315300,99645200.0
2023-01-27,RAIL3,18.74,18.9,18.49,18.53,22494,11205000,208146558.0
2023-01-30,RAIL3,18.57,18.63,17.95,18.19,29368,12184400,221455515.0
2023-01-31,RAIL3,18.3,18.55,18.19,18.38,17055,7275600,133733608.0
2023-02-01,RAIL3,18.33,18.43,17.57,18.14,31000,18401200,329455204.0
2023-02-02,RAIL3,18.02,18.67,18.02,18.4,21353,7267300,133894833.0
2023-02-03,RAIL3,18.12,18.33,17.9,18.04,20884,6900000,125088120.0
2023-02-06,RAIL3,18.03,18.03,17.34,17.54,26399,16213500,284819119.0
2023-02-07,RAIL3,17.53,17.79,17.33,17.71,19182,21289000,375728596.0
2023-02-08,RAIL3,17.89,18.08,17.66,17.8,21061,17148300,306139886.0
2023-02-09,RAIL3,17.84,17.97,16.93,16.99,18161,10605300,182716876.0
2023-02-10,RAIL3,17.0,17.62,17.0,17.54,18898,7789500,135627499.0
2023-02-13,RAIL3,17.48,17.69,17.38,17.51,13445,5868500,103125571.0
2023-02-14,RAIL3,17.6,17.64,16.97,17.36,13858,6322400,109053720.0
2023-02-15,RAIL3,17.39,17.69,16.97,17.43,24164,11563400,201362486.0
2023-02-16,RAIL3,17.48,18.29,17.4,17.95,36252,15009800,270690054.0
2023-02-17,RAIL3,17.81,18.48,17.81,18.26,23694,9953800,181375857.0
2023-02-22,RAIL3,17.65,18.04,17.29,18.0,16187,6473200,115309084.0
2023-02-23,RAIL3,18.0,18.19,17.57,17.91,11386,5588400,99773165.0
2023-02-24,RAIL3,17.96,18.16,17.65,18.01,10797,6578000,117547202.0
2023-02-27,RAIL3,18.01,18.18,17.87,18.08,14640,7794500,140892028.0
2023-02-28,RAIL3,18.1,18.24,17.92,17.96,17399,9087300,163914566.0
2023-03-01,RAIL3,18.06,18.08,17.16,17.43,27831,13692700,239241236.0
2023-03-02,RAIL3,17.42,17.93,17.3,17.77,27579,12680600,224196797.0
2023-03-03,RAIL3,17.76,17.9,17.57,17.69,16848,12829100,227810376.0
2023-03-06,RAIL3,17.85,18.27,17.66,18.06,15441,7539000,135803984.0
2023-03-07,RAIL3,18.1,18.63,18.07,18.37,27209,14025000,257718811.0
2023-03-08,RAIL3,18.47,19.1,18.36,19.0,24595,14928600,282295754.0
2023-03-09,RAIL3,19.0,19.61,18.99,19.08,26060,12899800,248503087.0
2023-03-10,RAIL3,19.03,19.24,18.71,19.02,19583,11173200,211916102.0
2023-03-13,RAIL3,18.85,19.18,18.67,18.96,14705,6607300,125438034.0
2023-03-14,RAIL3,19.11,19.26,18.41,18.57,19895,16575000,310537185.0
2023-03-15,RAIL3,18.0,18.67,17.78,18.49,41903,18953900,347093410.0
2023-03-16,RAIL3,18.43,18.85,18.07,18.65,16843,10848300,201393324.0
2023-03-17,RAIL3,18.57,18.85,18.2,18.78,13464,15080700,281014378.0
2023-03-20,RAIL3,18.81,18.89,18.37,18.51,16327,10477200,193830502.0
2023-03-21,RAIL3,18.52,18.73,18.42,18.57,13585,4933600,91513587.0
2023-03-22,RAIL3,18.61,18.87,18.35,18.42,12785,6132500,113862166.0
2023-03-23,RAIL3,18.42,18.58,17.58,17.83,21237,10425700,186816727.0
2023-03-24,RAIL3,17.83,18.28,17.76,18.15,16036,5967800,107814402.0
2023-03-27,RAIL3,18.25,18.46,18.16,18.33,14360,5121700,93796909.0
2023-03-28,RAIL3,18.23,18.76,18.21,18.53,23030,8585000,159108074.0
2023-03-29,RAIL3,18.65,18.77,18.31,18.7,15762,6314900,117265119.0
2023-03-30,RAIL3,18.8,19.22,18.74,19.05,28768,12143800,230130326.0
2023-03-31,RAIL3,19.11,19.38,18.76,18.85,25236,13412100,254457080.0
2023-04-03,RAIL3,18.96,19.09,18.7,18.97,21295,9772400,185024903.0
2023-04-04,RAIL3,19.05,19.58,19.03,19.21,32925,13240300,255949764.0
2023-04-05,RAIL3,19.3,19.5,18.43,18.65,19547,11761400,219556010.0
2023-04-06,RAIL3,18.63,18.8,18.5,18.66,15931,5250600,97970337.0
2023-04-10,RAIL3,18.81,18.82,18.49,18.59,12816,5153400,95854944.0
2023-04-11,RAIL3,19.0,19.15,18.61,19.04,24695,12329200,233073884.0
2023-04-12,RAIL3,19.1,19.65,18.95,19.32,34120,13471300,261154408.0
2023-04-13,RAIL3,19.5,19.56,19.14,19.24,23300,9095000,175192153.0
2023-04-14,RAIL3,19.2,19.29,18.85,19.29,22003,15650400,299261727.0
2023-04-17,RAIL3,19.29,19.79,19.26,19.7,19790,14134500,277280507.0
2023-04-18,RAIL3,19.67,19.77,19.23,19.62,21899,11991200,234393413.0
2023-04-19,RAIL3,19.43,19.53,19.19,19.31,17815,7262300,140541030.0
2023-04-20,RAIL3,19.24,19.83,19.06,19.64,21423,10821300,211906438.0
2023-04-24,RAIL3,19.84,19.91,19.48,19.75,15975,8068800,159393020.0
2023-04-25,RAIL3,19.72,19.89,19.49,19.7,18886,9164000,180115460.0
2023-04-26,RAIL3,19.6,19.82,19.39,19.5,13522,5163000,100927844.0
2023-04-27,RAIL3,19.49,19.59,19.22,19.47,16705,6567000,127368381.0
2023-04-28,RAIL3,19.5,19.85,19.39,19.7,15001,8418500,165602847.0
2023-05-02,RAIL3,19.6,19.85,19.43,19.68,22720,10396200,204236312.0
2023-05-03,RAIL3,19.68,20.12,19.54,19.94,23747,13783000,274436752.0
2023-05-04,RAIL3,20.13,20.15,19.67,19.9,24977,10327100,205661320.0
2023-05-05,RAIL3,20.8,21.13,20.43,20.95,38126,34269600,713533547.0
2023-05-08,RAIL3,21.05,21.1,20.53,20.56,19420,11991600,248563947.0
2023-05-09,RAIL3,20.51,20.84,20.43,20.49,13659,8150900,168153179.0
2023-05-10,RAIL3,20.52,20.65,20.34,20.49,16140,8677300,177773574.0
2023-05-11,RAIL3,20.29,20.94,20.21,20.84,24469,12856400,265669894.0
2023-05-12,RAIL3,20.78,21.04,20.67,20.85,18184,7343600,153005589.0
2023-05-15,RAIL3,20.93,21.09,20.83,20.99,11033,6521100,136684134.0
2023-05-16,RAIL3,20.96,21.1,20.64,20.72,13280,8046300,167719859.0
2023-05-17,RAIL3,20.96,21.02,20.65,20.82,15061,14863500,309353171.0
2023-05-18,RAIL3,20.71,21.12,20.69,21.07,17314,8211800,172239318.0
2023-05-19,RAIL3,21.25,21.4,20.92,21.18,17126,7922300,167430584.0
2023-05-22,RAIL3,21.15,21.42,21.07,21.13,13389,6997400,148456600.0
2023-05-23,RAIL3,20.97,21.31,20.61,21.01,15414,6534300,137963008.0
2023-05-24,RAIL3,20.84,21.04,20.67,20.75,14398,8234600,171296602.0
2023-05-25,RAIL3,20.98,21.29,20.91,20.99,21625,8709900,183606725.0
2023-05-26,RAIL3,21.34,21.34,20.85,21.0,16682,6963000,146451597.0
2023-05-29,RAIL3,20.82,20.97,20.59,20.75,11571,6165400,128017041.0
2023-05-30,RAIL3,21.05,21.09,20.67,20.81,17029,7339400,152824866.0
2023-05-31,RAIL3,20.84,20.89,20.52,20.82,15360,14056000,291525507.0
2023-06-01,RAIL3,20.83,22.11,20.61,21.97,43308,26217300,566485144.0
2023-06-02,RAIL3,22.19,22.82,22.03,22.63,32090,24898100,563047723.0
2023-06-05,RAIL3,22.79,23.05,22.45,22.57,25890,11783300,266730892.0
2023-06-06,RAIL3,22.73,23.03,22.59,22.93,25078,18087300,413827860.0
2023-06-07,RAIL3,23.0,23.37,22.39,22.57,35711,18550800,421457097.0
2023-06-09,RAIL3,22.74,23.1,22.32,22.4,22712,10676700,240702785.0
2023-06-12,RAIL3,22.83,22.89,22.27,22.5,18964,12035000,270529339.0
2023-06-13,RAIL3,22.56,22.68,22.29,22.58,19782,9351500,210733297.0
2023-06-14,RAIL3,22.74,23.0,22.52,22.95,25996,14005200,319676691.0
2023-06-15,RAIL3,22.5,23.03,22.43,22.96,28297,13631600,310532792.0
2023-06-16,RAIL3,22.83,22.83,21.81,21.87,34696,38901700,858822542.0
2023-06-19,RAIL3,21.81,22.33,21.69,22.13,22155,9474000,209770158.0
2023-06-20,RAIL3,22.13,22.52,21.88,22.42,22379,18448600,409394286.0
2023-06-21,RAIL3,22.34,22.35,21.81,22.27,20108,18118200,400531614.0
2023-06-22,RAIL3,22.12,22.2,21.54,22.16,24950,10944700,240220832.0
2023-06-23,RAIL3,22.28,22.28,21.69,21.82,29674,27345300,601912439.0
2023-06-26,RAIL3,21.69,21.84,21.43,21.68,13262,8145500,176423823.0
2023-06-27,RAIL3,21.85,21.98,21.38,21.64,17381,8030100,173361170.0
2023-06-28,RAIL3,21.66,21.72,21.43,21.56,16427,5848400,126368702.0
2023-06-29,RAIL3,21.68,22.0,21.56,21.87,22907,12406500,270235285.0
2023-06-30,RAIL3,22.0,22.39,21.96,22.2,32382,27429200,610662751.0
2023-07-03,RAIL3,21.86,23.0,21.8,22.64,33347,22550600,511193538.0
2023-07-04,RAIL3,22.53,22.97,22.32,22.75,13720,8371700,189809915.0
2023-07-05,RAIL3,22.65,22.95,22.45,22.88,20999,16408500,373882447.0
2023-07-06,RAIL3,22.6,22.74,22.11,22.42,22910,13859100,310424510.0
2023-07-07,RAIL3,22.34,22.97,22.22,22.72,20771,12549300,285676526.0
2023-07-10,RAIL3,22.6,22.66,22.17,22.2,25526,11477000,256426766.0
2023-07-11,RAIL3,22.06,22.31,21.41,22.22,34316,21152600,463060244.0
2023-07-12,RAIL3,22.44,22.81,22.24,22.64,24688,16042000,363268887.0
2023-07-13,RAIL3,22.89,22.97,22.64,22.79,14442,11729000,267598113.0
2023-07-14,RAIL3,22.89,22.89,22.3,22.44,17699,8726600,195899456.0
2023-07-17,RAIL3,22.51,22.7,22.31,22.67,11960,5723300,129116001.0
2023-07-18,RAIL3,22.51,22.77,22.32,22.63,16224,7916700,178822800.0
2023-07-19,RAIL3,22.65,22.8,22.31,22.8,17264,9572800,216657628.0
2023-07-20,RAIL3,22.95,23.14,22.6,22.94,22789,9095200,208743138.0
2023-07-21,RAIL3,22.83,23.55,22.83,23.35,24301,12087400,282641948.0
2023-07-24,RAIL3,23.7,24.2,23.7,24.02,33705,25267200,604953514.0
2023-07-25,RAIL3,24.2,24.44,23.99,24.09,19594,20199700,488339216.0
2023-07-26,RAIL3,23.86,24.16,23.74,24.0,25449,18719200,448890215.0
2023-07-27,RAIL3,23.86,24.09,23.18,23.37,17712,11108900,261062131.0
2023-07-28,RAIL3,23.37,23.45,22.83,23.37,23436,13840600,320429223.0
2023-07-31,RAIL3,23.65,23.65,23.02,23.24,29422,16123900,374139862.0
2023-08-01,RAIL3,23.06,23.27,22.86,23.0,17339,12332300,283405794.0
2023-08-02,RAIL3,22.87,23.12,22.82,23.04,20092,9790700,225138765.0
2023-08-03,RAIL3,23.14,23.37,23.05,23.29,21945,20216800,470142910.0
2023-08-04,RAIL3,23.2,23.44,23.04,23.21,17185,11811300,275001074.0
2023-08-07,RAIL3,23.33,23.59,22.86,23.24,18667,12833100,298492927.0
2023-08-08,RAIL3,23.12,23.44,22.68,23.32,21746,12633500,292411227.0
2023-08-09,RAIL3,23.2,23.87,23.12,23.86,25993,17321900,410311276.0
2023-08-10,RAIL3,24.09,24.36,23.86,23.98,25049,12772500,307492880.0
2023-08-11,RAIL3,23.5,23.59,22.38,22.8,56262,60535200,1380495864.0
2023-08-14,RAIL3,22.86,22.91,22.33,22.84,17032,9689600,219540200.0
2023-08-15,RAIL3,23.03,23.18,22.79,23.02,28225,19575900,450359075.0
2023-08-16,RAIL3,23.0,23.12,22.68,22.72,26349,16892700,387620627.0
2023-08-17,RAIL3,22.79,22.81,22.02,22.22,25881,15467800,344965855.0
2023-08-18,RAIL3,22.08,22.46,22.05,22.27,16743,9340400,207560624.0
2023-08-21,RAIL3,22.15,22.2,21.74,22.11,21320,9909600,218006193.0
2023-08-22,RAIL3,22.12,22.88,22.12,22.83,17808,12332700,279589969.0
2023-08-23,RAIL3,22.85,23.45,22.83,23.3,23252,15541100,361855445.0
2023-08-24,RAIL3,23.43,23.43,22.96,23.13,15745,13208700,305471309.0
2023-08-25,RAIL3,23.05,23.1,22.37,22.65,18883,13654800,308347903.0
2023-08-28,RAIL3,22.62,22.95,22.56,22.75,18455,10025000,228080016.0
2023-08-29,RAIL3,22.99,23.14,22.8,22.87,20784,14801500,340291052.0
2023-08-30,RAIL3,22.76,22.87,22.56,22.63,17726,5657600,128423986.0
2023-08-31,RAIL3,22.5,22.62,22.2,22.35,22360,12521200,280332848.0
2023-09-01,RAIL3,22.4,22.82,22.31,22.67,17802,11033700,249650480.0
2023-09-04,RAIL3,22.59,22.81,22.51,22.6,6356,4001000,90596599.0
2023-09-05,RAIL3,22.66,22.69,22.01,22.08,18615,10615900,236008340.0
2023-09-06,RAIL3,22.05,22.34,21.81,21.87,25822,11356300,249995998.0
2023-09-08,RAIL3,21.98,22.21,21.74,22.08,20217,11887400,261844247.0
2023-09-11,RAIL3,22.2,22.32,21.75,22.14,19781,9594300,211082265.0
2023-09-12,RAIL3,22.17,22.84,22.02,22.76,23217,11245900,253452794.0
2023-09-13,RAIL3,22.77,23.64,22.64,23.32,30803,29346300,682464680.0
2023-09-14,RAIL3,23.45,24.06,23.36,23.94,26985,41506400,992993008.0
2023-09-15,RAIL3,23.93,24.02,23.79,23.84,15477,13557700,323700517.0
2023-09-18,RAIL3,23.94,24.36,23.74,23.74,17066,11589900,277793275.0
2023-09-19,RAIL3,23.84,23.86,23.47,23.75,27335,21844000,516681392.0
2023-09-20,RAIL3,23.84,24.17,23.78,23.88,28259,22740000,544905594.0
2023-09-21,RAIL3,23.64,23.86,23.34,23.48,23714,17635100,415801714.0
2023-09-22,RAIL3,23.54,23.69,23.1,23.43,22200,13466700,314270248.0
2023-09-25,RAIL3,23.33,23.47,23.15,23.39,19845,11451000,266974885.0
2023-09-26,RAIL3,23.35,23.4,22.81,22.85,23915,12896800,297496489.0
2023-09-27,RAIL3,22.92,23.3,22.17,22.3,28562,16196800,364142508.0
2023-09-28,RAIL3,22.21,22.86,22.14,22.78,26073,20475400,463260346.0
2023-09-29,RAIL3,22.94,23.04,22.64,22.82,25860,11891300,270996047.0
2023-10-02,RAIL3,22.81,22.99,22.44,22.44,23155,12094300,274155454.0
2023-10-03,RAIL3,22.3,22.44,21.59,21.67,24436,15719500,343902035.0
2023-10-04,RAIL3,21.66,22.0,21.54,21.72,19976,15832700,345167674.0
2023-10-05,RAIL3,21.72,21.82,21.33,21.58,18600,12155000,261876463.0
2023-10-06,RAIL3,21.32,21.91,21.09,21.79,42278,19501400,422194402.0
2023-10-09,RAIL3,21.65,22.11,21.57,22.07,19666,11145100,244284043.0
2023-10-10,RAIL3,22.41,23.07,22.4,22.93,33370,19050600,434579588.0
2023-10-11,RAIL3,22.78,23.12,22.77,23.07,18039,10132700,232846461.0
2023-10-13,RAIL3,23.0,23.03,22.34,22.5,20039,9191600,207303023.0
2023-10-16,RAIL3,22.68,22.76,22.27,22.56,15452,12354500,278417850.0
2023-10-17,RAIL3,22.28,22.44,21.8,21.91,20870,9370800,206984086.0
2023-10-18,RAIL3,21.75,21.85,21.12,21.3,36225,14283300,305221123.0
2023-10-19,RAIL3,21.64,22.19,21.37,21.67,23582,15828800,344809930.0
2023-10-20,RAIL3,21.64,21.8,21.33,21.57,14990,9385700,201973753.0
2023-10-23,RAIL3,21.36,22.52,21.28,22.43,26295,20670200,457323679.0
2023-10-24,RAIL3,22.65,22.65,22.13,22.23,11069,5667400,126521638.0
2023-10-25,RAIL3,22.24,22.34,21.95,22.05,11890,5940900,131432391.0
2023-10-26,RAIL3,22.2,22.89,22.02,22.77,22289,16064500,364396220.0
2023-10-27,RAIL3,22.63,23.0,22.1,22.1,19163,13980700,313703774.0
2023-10-30,RAIL3,22.14,22.32,21.68,22.02,21354,12881900,282572537.0
2023-10-31,RAIL3,22.0,22.53,21.86,22.31,18001,19705200,437987795.0
2023-11-01,RAIL3,22.3,23.16,22.22,23.0,34647,18741000,427419502.0
2023-11-03,RAIL3,23.93,23.94,22.93,23.13,28818,15266100,354089857.0
2023-11-06,RAIL3,23.13,23.31,22.97,23.13,18231,10524600,242934604.0
2023-11-07,RAIL3,23.0,23.28,22.79,22.9,31905,18912100,435046994.0
2023-11-08,RAIL3,22.9,23.03,22.36,22.65,33484,16160000,366105031.0
2023-11-09,RAIL3,22.64,23.04,22.43,22.85,17835,10072000,229317735.0
2023-11-10,RAIL3,23.12,23.55,22.88,23.09,32104,21165000,490355876.0
2023-11-13,RAIL3,23.12,23.19,22.53,22.8,24753,17080400,389454875.0
2023-11-14,RAIL3,22.97,23.59,22.86,23.41,37964,15217100,354559549.0
2023-11-16,RAIL3,23.56,23.71,23.32,23.61,32230,10625500,250511531.0
2023-11-17,RAIL3,23.7,23.81,23.15,23.25,31198,16207000,378880328.0
2023-11-20,RAIL3,23.38,23.68,23.09,23.56,31202,10951900,256677208.0
2023-11-21,RAIL3,23.36,23.41,22.68,22.9,38838,28014500,644932962.0
2023-11-22,RAIL3,23.06,23.11,22.49,22.67,33199,26019900,590124271.0
2023-11-23,RAIL3,22.78,23.1,22.62,22.91,17351,6164700,141381404.0
2023-11-24,RAIL3,22.77,22.91,22.38,22.56,31955,11780200,266122271.0
2023-11-27,RAIL3,22.73,22.8,22.33,22.57,21788,6319700,142390137.0
2023-11-28,RAIL3,22.62,22.89,22.42,22.68,32191,10965500,248558387.0
2023-11-29,RAIL3,22.67,23.2,22.58,22.9,18297,12192300,278521834.0
2023-11-30,RAIL3,23.01,23.08,22.45,22.9,35263,23094100,525458089.0
2023-12-01,RAIL3,22.92,23.1,22.34,22.77,21235,14893800,339045637.0
2023-12-04,RAIL3,22.65,22.84,22.48,22.58,16597,7574400,171272302.0
2023-12-05,RAIL3,22.59,22.98,22.32,22.46,22843,14022900,317312830.0
2023-12-06,RAIL3,22.45,22.7,22.24,22.55,20084,7911100,177953372.0
2023-12-07,RAIL3,22.65,22.66,22.38,22.39,12689,5286500,118951845.0
2023-12-08,RAIL3,22.39,22.61,22.06,22.17,22013,9553200,212525726.0
2023-12-11,RAIL3,22.26,22.44,21.89,22.15,11167,6339200,140362282.0
2023-12-12,RAIL3,22.23,22.66,22.2,22.33,10435,8862900,198632544.0
2023-12-13,RAIL3,22.31,22.41,21.56,22.34,47260,42550000,937137245.0
2023-12-14,RAIL3,22.46,23.59,22.42,22.95,33417,25824000,596504801.0
2023-12-15,RAIL3,23.23,23.43,22.82,22.82,19400,23197000,535783573.0
2023-12-18,RAIL3,22.73,22.93,22.12,22.21,28596,23082200,517661778.0
2023-12-19,RAIL3,22.14,22.63,21.95,22.4,24145,13699100,306162499.0
2023-12-20,RAIL3,22.37,22.83,22.29,22.6,15431,7438400,168330846.0
2023-12-21,RAIL3,22.42,22.92,22.42,22.82,14914,9939400,225896780.0
2023-12-22,RAIL3,22.81,22.97,22.76,22.9,11632,4125000,94337810.0
2023-12-26,RAIL3,22.92,23.02,22.69,22.91,10260,3563400,81454755.0
2023-12-27,RAIL3,22.91,23.08,22.73,23.0,7691,4046700,92819485.0
2023-12-28,RAIL3,22.99,23.05,22.78,22.95,11425,5017100,114921638.0
2024-01-02,RAIL3,22.62,22.7,22.16,22.25,29191,13279700,297381571.0
2024-01-03,RAIL3,22.28,22.63,22.28,22.38,13791,18307700,408907836.0
2024-01-04,RAIL3,22.46,22.88,22.19,22.4,15158,7859600,176187128.0
2024-01-05,RAIL3,22.22,22.74,22.22,22.65,15196,16550600,370415415.0
2024-01-08,RAIL3,22.65,23.75,22.59,23.64,20929,10537300,246649665.0
2024-01-09,RAIL3,23.53,23.7,23.31,23.5,25366,8395500,197794247.0
2024-01-10,RAIL3,23.5,23.92,23.19,23.81,24717,9332600,220862527.0
2024-01-11,RAIL3,23.66,23.85,23.07,23.11,25524,9924600,231172737.0
2024-01-12,RAIL3,23.06,23.85,23.06,23.47,12334,9382800,221444860.0
2024-01-15,RAIL3,23.46,23.51,23.15,23.29,7774,3910300,91202364.0
2024-01-16,RAIL3,23.1,23.21,22.72,22.77,27594,10939800,249966406.0
2024-01-17,RAIL3,22.38,22.38,21.84,22.02,45207,26977100,598878393.0
2024-01-18,RAIL3,22.17,22.18,21.68,21.77,22802,9141300,199530693.0
2024-01-19,RAIL3,21.82,22.59,21.51,22.4,24183,17895800,397070012.0
2024-01-22,RAIL3,22.5,22.62,22.15,22.28,18989,9350900,208692553.0
2024-01-23,RAIL3,22.39,23.02,22.15,22.94,34475,23394600,529535375.0
2024-01-24,RAIL3,22.99,23.04,22.49,22.51,16903,7963500,180721823.0
2024-01-25,RAIL3,22.6,22.75,22.37,22.45,11037,4823600,108699594.0
2024-01-26,RAIL3,22.56,22.83,22.32,22.64,17430,7899100,178442274.0
2024-01-29,RAIL3,22.61,22.89,22.33,22.86,9344,5827500,132212130.0
2024-01-30,RAIL3,22.8,23.1,22.6,22.63,18621,11777500,268299549.0
2024-01-31,RAIL3,22.9,23.58,22.82,23.06,24531,14655700,341179155.0
2024-02-01,RAIL3,23.12,23.23,22.92,23.02,18885,7049400,162740846.0
2024-02-02,RAIL3,23.04,23.2,22.77,22.84,18947,5983200,137053609.0
2024-02-05,RAIL3,22.83,23.09,22.61,22.67,14988,5289500,120506249.0
2024-02-06,RAIL3,22.66,23.18,22.28,22.52,27245,15713500,354860501.0
2024-02-07,RAIL3,22.7,23.58,22.57,23.46,31736,18522800,429699958.0
2024-02-08,RAIL3,23.34,23.6,23.24,23.55,16893,12935700,303388702.0
2024-02-09,RAIL3,23.86,24.55,23.71,24.09,35297,22070400,534324880.0
2024-02-14,RAIL3,24.04,24.04,23.62,23.83,13693,6399600,152322817.0
2024-02-15,RAIL3,24.0,24.0,23.57,23.89,15401,5588100,132852397.0
2024-02-16,RAIL3,23.94,23.94,23.02,23.43,23515,14352100,335018145.0
2024-02-19,RAIL3,23.35,23.45,23.12,23.24,11421,5571200,129420616.0
2024-02-20,RAIL3,23.2,23.45,23.04,23.35,15248,7374500,171894675.0
2024-02-21,RAIL3,23.35,23.35,22.78,22.99,20167,9063600,207932724.0
2024-02-22,RAIL3,22.95,23.2,22.75,22.89,19462,8846900,202948818.0
2024-02-23,RAIL3,22.99,23.12,22.8,22.81,15863,7771500,178094332.0
2024-02-26,RAIL3,22.85,22.95,22.6,22.73,9277,11421500,259574789.0
2024-02-27,RAIL3,22.93,23.05,22.72,23.05,18183,16292000,373250635.0
2024-02-28,RAIL3,22.98,23.07,22.77,22.88,13070,6140700,140513379.0
2024-02-29,RAIL3,22.67,22.75,22.43,22.72,14728,9504700,215488339.0
2024-03-01,RAIL3,22.74,22.78,22.16,22.26,17237,10589400,236590738.0
2024-03-04,RAIL3,22.26,22.33,22.03,22.1,13749,7588900,167979222.0
2024-03-05,RAIL3,22.14,22.26,21.93,22.06,17050,8670100,191485218.0
2024-03-06,RAIL3,22.05,22.46,21.98,22.35,21332,10653400,237340874.0
2024-03-07,RAIL3,22.24,22.31,21.98,22.12,9107,3338800,73757752.0
2024-03-08,RAIL3,22.0,22.38,21.98,22.21,11233,2878500,63908612.0
2024-03-11,RAIL3,22.15,22.42,22.06,22.2,12751,5835500,129497196.0
2024-03-12,RAIL3,22.39,22.46,22.03,22.31,16522,5400300,120369229.0
2024-03-13,RAIL3,22.31,22.47,22.09,22.17,17299,7160100,159003070.0
2024-03-14,RAIL3,22.17,22.2,21.76,22.2,25399,17514600,384338912.0
2024-03-15,RAIL3,22.1,22.18,21.92,22.06,13710,18254000,401820315.0
2024-03-18,RAIL3,22.06,22.22,21.8,22.05,21224,16261800,357788997.0
2024-03-19,RAIL3,22.1,22.22,21.9,22.02,8463,3780600,83401006.0
2024-03-20,RAIL3,22.06,22.29,21.85,22.1,16626,8205200,181017762.0
2024-03-21,RAIL3,22.11,22.3,21.9,22.2,15724,27925600,616054864.0
2024-03-22,RAIL3,22.05,22.22,21.87,21.87,10881,4888300,107330183.0
2024-03-25,RAIL3,21.88,21.99,21.75,21.84,15204,5228500,114294399.0
2024-03-26,RAIL3,22.02,22.3,21.76,22.07,19811,5769600,127471417.0
2024-03-27,RAIL3,22.03,22.54,22.03,22.47,27075,10618600,237778573.0
2024-03-28,RAIL3,22.69,22.69,22.13,22.26,32410,14880300,333321563.0
2024-04-01,RAIL3,22.3,22.3,21.95,22.05,20413,6426700,141736078.0
2024-04-02,RAIL3,21.99,22.52,21.91,22.52,23563,11875400,265485052.0
2024-04-03,RAIL3,22.41,22.58,22.25,22.3,19133,19372600,434002086.0
2024-04-04,RAIL3,22.35,22.83,22.29,22.42,18028,7388000,167037838.0
2024-04-05,RAIL3,22.34,22.65,22.34,22.45,14473,5715700,128734863.0
2024-04-08,RAIL3,22.52,22.83,22.34,22.8,15768,6435700,146218328.0
2024-04-09,RAIL3,22.85,23.29,22.85,23.27,23319,13694300,316844515.0
2024-04-10,RAIL3,23.16,23.27,22.63,22.7,25173,14076100,321515416.0
2024-04-11,RAIL3,22.52,22.84,22.45,22.72,16353,7619100,173070526.0
2024-04-12,RAIL3,22.65,22.85,22.26,22.3,23173,14857800,333740125.0
2024-04-15,RAIL3,22.3,22.41,21.53,21.67,32530,15579400,338981686.0
2024-04-16,RAIL3,21.51,21.74,21.35,21.38,38932,19214700,413123649.0
2024-04-17,RAIL3,21.38,21.49,21.1,21.12,24936,8580700,181837825.0
2024-04-18,RAIL3,21.08,21.2,20.83,21.1,20258,9850000,206700342.0
2024-04-19,RAIL3,21.1,21.58,21.01,21.25,31906,10744700,229745399.0
2024-04-22,RAIL3,21.25,21.3,20.98,21.09,18023,8107500,171346178.0
2024-04-23,RAIL3,20.94,21.11,20.78,21.09,16595,7401400,155590445.0
2024-04-24,RAIL3,20.94,21.05,20.51,20.65,32042,21231200,438642967.0
2024-04-25,RAIL3,20.59,20.81,20.29,20.6,22707,9930400,204563144.0
2024-04-26,RAIL3,20.68,21.05,20.61,20.84,15749,11120100,232224089.0
2024-04-29,RAIL3,20.83,20.94,20.63,20.83,16826,10647300,221377212.0
2024-04-30,RAIL3,20.69,20.8,20.04,20.16,33377,16254700,329271517.0
2024-05-02,RAIL3,20.59,20.63,20.2,20.53,23287,11560800,236501155.0
2024-05-03,RAIL3,20.81,21.15,20.68,21.0,21731,11830400,248728713.0
2024-05-06,RAIL3,20.9,21.09,20.72,20.8,12567,9489600,198008839.0
2024-05-07,RAIL3,20.83,21.2,20.74,20.74,13942,9236800,193571906.0
2024-05-08,RAIL3,20.6,20.86,20.57,20.67,14762,8767300,181838016.0
2024-05-09,RAIL3,20.0,20.56,20.0,20.46,18259,10775000,219818597.0
2024-05-10,RAIL3,21.0,21.44,20.81,20.98,27280,17458500,368472747.0
2024-05-13,RAIL3,20.98,21.17,20.8,20.84,18989,8199100,171442555.0
2024-05-14,RAIL3,20.8,20.99,20.63,20.64,12350,5633200,116993499.0
2024-05-15,RAIL3,20.68,20.74,20.35,20.49,20184,10991100,225591695.0
2024-05-16,RAIL3,20.7,21.17,20.53,21.04,15974,9016900,189177244.0
2024-05-17,RAIL3,20.87,20.87,20.46,20.74,13413,9154000,189128805.0
2024-05-20,RAIL3,20.6,20.64,20.19,20.31,16364,9456500,192878022.0
2024-05-21,RAIL3,20.27,20.82,20.27,20.68,15464,8736000,180286651.0
2024-05-22,RAIL3,20.54,20.82,20.39,20.49,16404,9783100,200940490.0
2024-05-23,RAIL3,20.35,20.72,20.27,20.49,14808,12625600,259297667.0
2024-05-24,RAIL3,20.48,20.61,20.27,20.32,11456,8268200,168956543.0
2024-05-27,RAIL3,20.21,20.38,20.14,20.31,5034,2079100,42158224.0
2024-05-28,RAIL3,20.5,20.6,19.99,20.14,23569,9972200,201853772.0
2024-05-29,RAIL3,19.89,19.99,19.71,19.75,13616,7340400,145594470.0
2024-05-31,RAIL3,19.61,19.83,19.45,19.71,20504,11046300,217107344.0
2024-06-03,RAIL3,19.76,20.07,19.61,19.83,14449,9028300,179102272.0
2024-06-04,RAIL3,19.75,19.98,19.63,19.86,13595,6889800,136722396.0
2024-06-05,RAIL3,20.27,20.42,19.72,19.8,18920,9910800,198084794.0
2024-06-06,RAIL3,19.65,20.5,19.63,20.5,25791,24524700,494747360.0
2024-06-07,RAIL3,20.2,20.42,19.78,19.8,32156,16215700,326350183.0
2024-06-10,RAIL3,19.73,19.84,19.41,19.6,16882,8037700,157485640.0
2024-06-11,RAIL3,19.87,20.14,19.74,20.0,21109,13275100,265085914.0
2024-06-12,RAIL3,20.12,20.24,19.48,19.6,27209,12494800,245851230.0
2024-06-13,RAIL3,19.6,19.6,19.33,19.39,25186,9953600,193162561.0
2024-06-14,RAIL3,19.33,19.8,19.24,19.77,18513,9475500,186083595.0
2024-06-17,RAIL3,19.53,19.6,19.26,19.27,10611,6933900,134250510.0
2024-06-18,RAIL3,19.27,19.56,19.16,19.5,26507,14428500,280163935.0
2024-06-19,RAIL3,19.36,19.54,19.22,19.54,21970,7186400,139361463.0
2024-06-20,RAIL3,19.74,19.93,19.26,19.6,29600,18847600,367643725.0
2024-06-21,RAIL3,19.64,20.08,19.55,20.05,37189,16797700,334390891.0
2024-06-24,RAIL3,20.09,20.49,20.05,20.26,22421,7677700,155858003.0
2024-06-25,RAIL3,20.1,20.47,20.1,20.34,24275,11046400,224225742.0
2024-06-26,RAIL3,20.05,20.62,20.04,20.6,22283,11216800,229322648.0
2024-06-27,RAIL3,20.6,21.12,20.54,21.09,24734,14283800,298780094.0
2024-06-28,RAIL3,20.99,21.21,20.54,20.72,29758,14621500,303826252.0
2024-07-01,RAIL3,20.55,20.82,20.46,20.6,22598,10526600,217064511.0
2024-07-02,RAIL3,20.62,21.06,20.62,20.69,20033,12111700,251957665.0
2024-07-03,RAIL3,20.95,21.17,20.7,21.15,17761,8030300,169254731.0
2024-07-04,RAIL3,21.2,21.47,21.14,21.35,8094,3681800,78665672.0
2024-07-05,RAIL3,21.18,21.52,21.14,21.5,14009,4954500,105684466.0
2024-07-08,RAIL3,21.45,21.5,21.23,21.4,9618,10985100,235005498.0
2024-07-09,RAIL3,21.27,21.88,21.27,21.77,16458,6775400,147054064.0
2024-07-10,RAIL3,21.94,22.36,21.91,22.35,34423,19541300,433369524.0
2024-07-11,RAIL3,22.45,23.14,22.45,23.11,27537,14239600,325642012.0
2024-07-12,RAIL3,23.1,23.38,22.78,22.78,23829,10747500,246492103.0
2024-07-15,RAIL3,22.78,23.25,22.7,23.16,14735,12879400,295555588.0
2024-07-16,RAIL3,23.24,23.57,22.81,22.81,26728,12138100,280693578.0
2024-07-17,RAIL3,22.88,22.88,22.57,22.74,23654,9882900,224705514.0
2024-07-18,RAIL3,22.7,22.77,22.4,22.65,25430,9993000,225578674.0
2024-07-19,RAIL3,22.79,22.94,22.53,22.56,11588,5186300,117754717.0
2024-07-22,RAIL3,22.53,22.95,22.47,22.67,12578,8987300,204169401.0
2024-07-23,RAIL3,22.56,22.77,22.25,22.37,19604,6033100,135316380.0
2024-07-24,RAIL3,22.18,22.31,21.97,22.1,17292,4779700,105627148.0
2024-07-25,RAIL3,21.96,22.32,21.83,22.25,14413,6940800,153421052.0
2024-07-26,RAIL3,22.24,22.73,22.12,22.58,12714,5352900,120721299.0
2024-07-29,RAIL3,22.62,22.71,22.34,22.44,17378,4213900,94680689.0
2024-07-30,RAIL3,22.26,22.35,21.98,22.19,13255,5311200,117533656.0
2024-07-31,RAIL3,22.06,22.31,22.05,22.15,15278,7590400,168244626.0
2024-08-01,RAIL3,22.38,22.95,22.3,22.9,28229,14391700,328104369.0
2024-08-02,RAIL3,22.89,23.52,22.77,23.41,26434,17154400,399685561.0
2024-08-05,RAIL3,22.84,23.01,22.52,22.69,26911,15126200,344215571.0
2024-08-06,RAIL3,22.8,23.66,22.74,23.24,24603,15529600,360208737.0
2024-08-07,RAIL3,23.4,23.61,23.18,23.18,14132,5689200,132800257.0
2024-08-08,RAIL3,23.4,23.82,23.25,23.82,15562,7908900,186611247.0
2024-08-09,RAIL3,23.99,24.1,23.22,23.58,28731,14337400,336987591.0
2024-08-12,RAIL3,23.77,23.93,22.86,22.96,28245,16722000,389418019.0
2024-08-13,RAIL3,23.13,23.35,22.89,23.07,26974,14484000,334272551.0
2024-08-14,RAIL3,22.88,23.5,22.83,23.38,29029,13069200,303502172.0
2024-08-15,RAIL3,24.1,24.4,23.85,23.85,37636,23050400,553926951.0
2024-08-16,RAIL3,23.98,24.08,23.19,23.2,37289,13144200,307803244.0
2024-08-19,RAIL3,23.48,23.67,23.19,23.6,33029,10177200,239195213.0
2024-08-20,RAIL3,23.51,23.78,23.39,23.65,28061,12144600,287308477.0
2024-08-21,RAIL3,23.84,23.84,23.42,23.5,23876,10526600,248037519.0
2024-08-22,RAIL3,23.61,23.84,23.1,23.38,30593,13105600,305765534.0
2024-08-23,RAIL3,23.4,23.77,23.23,23.61,18835,8067300,190417636.0
2024-08-26,RAIL3,23.43,23.51,22.72,22.92,25207,13842700,317266779.0
2024-08-27,RAIL3,22.8,23.04,22.74,22.85,16009,7179300,164133619.0
2024-08-28,RAIL3,22.77,22.78,22.31,22.55,26573,16197200,363272514.0
2024-08-29,RAIL3,22.54,22.64,21.9,22.04,29472,10799100,238309257.0
2024-08-30,RAIL3,21.86,21.91,21.69,21.85,23865,17572100,383596432.0
2024-09-02,RAIL3,21.7,21.77,21.38,21.48,20388,10663700,229258130.0
2024-09-03,RAIL3,21.64,21.73,21.38,21.43,28029,27721100,595755338.0
2024-09-04,RAIL3,21.54,21.94,21.42,21.67,20941,16811600,366062020.0
2024-09-05,RAIL3,21.68,21.88,21.44,21.79,18688,12702300,275857651.0
2024-09-06,RAIL3,21.57,21.9,21.56,21.6,26422,14219300,308739857.0
2024-09-09,RAIL3,21.59,21.7,21.26,21.3,14202,6408600,136808867.0
2024-09-10,RAIL3,21.33,21.62,21.05,21.6,24595,14405300,308305478.0
2024-09-11,RAIL3,21.54,21.8,21.44,21.6,18397,21452700,463263294.0
2024-09-12,RAIL3,21.43,21.51,20.98,21.1,24044,10414900,220120306.0
2024-09-13,RAIL3,21.25,21.42,21.01,21.16,17450,15107800,320519459.0
2024-09-16,RAIL3,21.16,21.25,21.01,21.11,17749,7476500,158082054.0
2024-09-17,RAIL3,21.11,21.14,20.84,20.95,24420,11385300,238612576.0
2024-09-18,RAIL3,20.84,21.05,20.65,20.65,27995,17708700,368988905.0
2024-09-19,RAIL3,20.68,20.76,20.38,20.48,20266,8858100,181825072.0
2024-09-20,RAIL3,20.39,20.44,19.74,19.92,33997,22519200,449695725.0
2024-09-23,RAIL3,19.83,19.96,19.55,19.8,23850,9718200,192299262.0
2024-09-24,RAIL3,19.91,20.17,19.87,20.03,19201,19406700,387814079.0
2024-09-25,RAIL3,20.02,20.24,19.77,19.83,16055,8690600,173319186.0
2024-09-26,RAIL3,19.99,20.39,19.9,20.18,28541,13721700,276771134.0
2024-09-27,RAIL3,20.09,20.35,20.04,20.07,15553,8055400,162356407.0
2024-09-30,RAIL3,20.1,20.24,20.0,20.0,15900,10589400,212609545.0
2024-10-01,RAIL3,20.0,20.25,19.71,19.86,24352,19370900,386060081.0
2024-10-02,RAIL3,20.04,20.12,19.89,20.05,16233,11942400,239226644.0
2024-10-03,RAIL3,19.61,19.84,19.48,19.77,22589,21292200,419610447.0
2024-10-04,RAIL3,19.6,19.99,19.6,19.95,15422,7223900,143627970.0
2024-10-07,RAIL3,20.1,20.17,19.86,19.93,14673,6439700,128686277.0
2024-10-08,RAIL3,19.81,19.98,19.59,19.65,18712,10457100,206238448.0
2024-10-09,RAIL3,19.5,19.55,19.18,19.24,23357,15516100,299455093.0
2024-10-10,RAIL3,19.26,19.53,19.16,19.27,17776,9842800,190111092.0
2024-10-11,RAIL3,19.34,19.36,18.97,19.13,19941,11685100,223008096.0
2024-10-14,RAIL3,19.13,19.18,18.93,19.1,19778,9679200,184642251.0
2024-10-15,RAIL3,19.1,19.3,18.98,19.1,16315,13938900,266267679.0
2024-10-16,RAIL3,18.98,19.38,18.78,19.25,25230,13468400,257948739.0
2024-10-17,RAIL3,18.92,19.45,18.92,19.45,21202,11670900,225424342.0
2024-10-18,RAIL3,19.5,19.5,18.99,19.19,33730,16260400,311693690.0
2024-10-21,RAIL3,19.35,19.38,19.03,19.15,25117,27629300,528503099.0
2024-10-22,RAIL3,19.01,19.03,18.73,18.9,23580,16351300,308342498.0
2024-10-23,RAIL3,18.9,19.07,18.82,19.0,23090,17921900,339908523.0
2024-10-24,RAIL3,19.0,19.17,18.78,19.1,21046,13823000,262757820.0
2024-10-25,RAIL3,19.0,19.22,18.82,19.22,24443,22295900,425004908.0
2024-10-28,RAIL3,19.45,19.86,19.43,19.8,38527,18662400,368104250.0
2024-10-29,RAIL3,19.87,20.1,19.74,19.9,21063,15548900,310426261.0
2024-10-30,RAIL3,19.8,20.14,19.78,19.78,25265,13460400,268070829.0
2024-10-31,RAIL3,19.71,20.07,19.71,19.9,17596,11654100,232038024.0
2024-11-01,RAIL3,19.95,19.96,19.33,19.45,31589,16370200,319425082.0
2024-11-04,RAIL3,19.57,20.46,19.54,20.46,31996,12974100,262598684.0
2024-11-05,RAIL3,20.48,20.61,20.19,20.47,25212,10429200,212938648.0
2024-11-06,RAIL3,19.9,20.78,19.9,20.7,34850,15020300,307746971.0
2024-11-07,RAIL3,20.26,20.69,20.03,20.1,37547,15678700,317705611.0
2024-11-08,RAIL3,19.51,19.72,18.86,19.45,47361,25591900,493460060.0
2024-11-11,RAIL3,19.21,19.82,19.21,19.72,18228,10037700,196664759.0
2024-11-12,RAIL3,19.61,20.07,19.61,19.96,27090,19037000,379379841.0
2024-11-13,RAIL3,19.79,20.15,19.77,20.08,22225,23789400,474399389.0
2024-11-14,RAIL3,20.04,20.55,19.83,20.11,32071,14207100,285503500.0
2024-11-18,RAIL3,19.89,20.37,19.89,20.17,30118,12407300,249938224.0
2024-11-19,RAIL3,19.98,20.42,19.87,20.41,29682,11688200,237153596.0
2024-11-21,RAIL3,20.02,20.15,19.89,19.91,29057,12943600,258516746.0
2024-11-22,RAIL3,20.12,20.27,19.93,20.16,23061,7077700,142132232.0
2024-11-25,RAIL3,20.16,20.48,20.12,20.34,27512,20681600,420273440.0
2024-11-26,RAIL3,20.42,20.85,20.28,20.78,31634,14171700,293231770.0
2024-11-27,RAIL3,20.7,20.83,20.17,20.24,44056,24394500,494013516.0
2024-11-28,RAIL3,20.06,20.06,19.27,19.42,29605,12290100,239943132.0
2024-11-29,RAIL3,19.26,19.71,18.74,19.45,45292,23318000,445819124.0
2024-12-02,RAIL3,19.16,19.51,18.86,18.86,33940,16243400,310937512.0
2024-12-03,RAIL3,18.9,19.13,18.6,18.76,22907,9870100,185147899.0
2024-12-04,RAIL3,18.59,19.37,18.59,19.28,26047,11663300,223364796.0
2024-12-05,RAIL3,19.53,20.04,19.52,19.72,29639,10765300,213070953.0
2024-12-06,RAIL3,19.53,19.91,19.11,19.2,24948,11266200,217910610.0
2024-12-09,RAIL3,19.24,19.45,19.05,19.13,14721,6283000,120483520.0
2024-12-10,RAIL3,19.32,19.84,19.24,19.58,18533,7494800,146236079.0
2024-12-11,RAIL3,19.7,20.4,19.49,19.86,34539,12673900,251732080.0
2024-12-12,RAIL3,19.7,19.73,19.26,19.37,31832,14437800,280106830.0
2024-12-13,RAIL3,19.49,19.53,19.01,19.01,31214,16330900,313727499.0
2024-12-16,RAIL3,19.05,19.09,18.44,18.5,28758,12335200,229719808.0
2024-12-17,RAIL3,18.7,19.02,18.59,18.91,45008,14291900,269138902.0
2024-12-18,RAIL3,18.69,18.93,18.04,18.15,42795,14959600,275324857.0
2024-12-19,RAIL3,18.19,18.7,17.97,18.5,31223,10811900,199283852.0
2024-12-20,RAIL3,18.49,18.93,18.33,18.65,33545,24109200,450132376.0
2024-12-23,RAIL3,18.56,18.63,18.08,18.19,29207,16010500,293129572.0
2024-12-26,RAIL3,18.26,18.4,17.96,17.96,24108,9938700,179426506.0
2024-12-27,RAIL3,18.11,18.26,17.78,17.85,21124,8010400,143474466.0
2024-12-30,RAIL3,17.82,17.97,17.67,17.84,15990,6007300,107199004.0
2025-01-02,RAIL3,17.76,17.91,17.39,17.79,22712,9388300,166586199.0
2025-01-03,RAIL3,17.77,17.92,17.56,17.59,20646,5476600,96790707.0
2025-01-06,RAIL3,18.24,18.24,17.76,17.97,16099,8743400,157362820.0
2025-01-07,RAIL3,17.92,18.5,17.89,18.3,23130,9538800,174750849.0
2025-01-08,RAIL3,18.16,18.16,17.83,18.0,20656,9107900,163989086.0
2025-01-09,RAIL3,17.98,18.04,17.82,17.85,25898,9190600,164652542.0
2025-01-10,RAIL3,17.76,17.85,17.18,17.21,36110,15867400,274864024.0
2025-01-13,RAIL3,17.2,17.41,17.01,17.11,25887,9326300,160240063.0
2025-01-14,RAIL3,17.01,17.46,16.96,17.26,23266,23596600,405665437.0
2025-01-15,RAIL3,16.9,17.47,16.81,17.35,45182,28975200,498777715.0
2025-01-16,RAIL3,17.27,17.65,16.84,16.91,43829,21594200,369583261.0
2025-01-17,RAIL3,16.95,17.29,16.94,17.07,21355,8985100,153855105.0
2025-01-20,RAIL3,17.17,17.17,16.76,16.97,13704,5948800,100911855.0
2025-01-21,RAIL3,17.02,17.06,16.81,16.87,23636,9153300,154842802.0
2025-01-22,RAIL3,16.95,17.05,16.58,16.99,27512,15759400,265008462.0
2025-01-23,RAIL3,17.03,17.18,16.69,16.78,22143,11324800,191330631.0
2025-01-24,RAIL3,16.76,17.09,16.67,16.7,15623,6301200,106098749.0
2025-01-27,RAIL3,16.79,17.46,16.63,17.38,36009,17015200,292170096.0
2025-01-28,RAIL3,17.3,17.73,17.19,17.58,34122,16307800,285076169.0
2025-01-29,RAIL3,17.67,17.91,17.63,17.91,21370,12549700,223286028.0
2025-01-30,RAIL3,17.99,18.4,17.89,18.32,30063,14879900,270889409.0
2025-01-31,RAIL3,18.42,18.51,18.2,18.4,20142,12925600,237156760.0
2025-02-03,RAIL3,18.5,18.65,18.26,18.65,36827,17691900,325940632.0
2025-02-04,RAIL3,18.62,19.0,18.46,18.73,31125,20176700,376472082.0
2025-02-05,RAIL3,18.79,18.79,18.45,18.47,16796,7394700,137106859.0
2025-02-06,RAIL3,18.4,18.9,18.22,18.87,16618,18351300,343439417.0
2025-02-07,RAIL3,18.88,18.89,18.32,18.45,22969,11831500,218610277.0
2025-02-10,RAIL3,18.62,18.86,18.31,18.43,25308,12360700,228944850.0
2025-02-11,RAIL3,18.3,18.95,18.22,18.77,30145,20393000,381940850.0
2025-02-12,RAIL3,18.42,18.73,18.38,18.57,30101,12885800,239414275.0
2025-02-13,RAIL3,18.57,18.82,18.43,18.79,17272,6900700,128528245.0
2025-02-14,RAIL3,18.98,19.9,18.9,19.73,36550,22834200,447140178.0
2025-02-17,RAIL3,19.73,20.07,19.34,19.37,28344,11420400,225075327.0
2025-02-18,RAIL3,19.4,19.46,19.02,19.02,20609,8719700,166990797.0
2025-02-19,RAIL3,18.89,18.96,18.43,18.65,18586,8364600,155830411.0
2025-02-20,RAIL3,18.55,18.66,18.38,18.49,13995,6345400,117692340.0
2025-02-21,RAIL3,18.5,18.5,17.74,18.07,44025,26566200,479377244.0
2025-02-24,RAIL3,18.13,18.26,17.86,18.0,22177,14206900,255890713.0
2025-02-25,RAIL3,18.07,18.19,17.84,17.98,21320,17814400,320738741.0
2025-02-26,RAIL3,18.18,18.2,17.38,17.4,19220,11325200,200305019.0
2025-02-27,RAIL3,17.47,17.67,17.33,17.45,15975,11911500,208505136.0
2025-02-28,RAIL3,17.04,17.59,16.93,16.93,31152,17088900,291841680.0
2025-03-05,RAIL3,17.06,17.53,17.0,17.47,29691,13033800,226669637.0
2025-03-06,RAIL3,17.57,17.98,17.36,17.96,22276,13002600,231670806.0
2025-03-07,RAIL3,17.85,18.11,17.68,17.87,20112,11497400,206282647.0
2025-03-10,RAIL3,17.65,17.86,17.28,17.34,22002,12045900,210296378.0
2025-03-11,RAIL3,17.26,17.47,17.21,17.39,13925,7080300,122873414.0
2025-03-12,RAIL3,17.39,17.56,17.22,17.51,12952,5692400,99139880.0
2025-03-13,RAIL3,17.5,18.13,17.33,17.8,24938,16793700,299775192.0
2025-03-14,RAIL3,18.09,18.09,17.65,18.0,22746,12174600,218140836.0
2025-03-17,RAIL3,18.05,18.31,17.97,18.16,19994,12419800,225430178.0
2025-03-18,RAIL3,18.1,18.5,17.98,18.05,15188,6653000,120465476.0
2025-03-19,RAIL3,18.11,18.4,17.91,18.2,20013,10306900,187687518.0
2025-03-20,RAIL3,18.24,18.5,18.15,18.19,16121,6280100,114815136.0
2025-03-21,RAIL3,18.17,18.3,17.69,17.78,16921,10549700,188496899.0
2025-03-24,RAIL3,17.84,17.84,16.98,17.08,23941,12449100,214425117.0
2025-03-25,RAIL3,17.09,17.56,16.96,17.05,20130,9494400,163293804.0
2025-03-26,RAIL3,17.14,17.3,16.97,17.08,13947,6092500,104133232.0
2025-03-27,RAIL3,17.16,17.41,17.09,17.32,14500,8341700,144362214.0
2025-03-28,RAIL3,17.25,17.3,16.75,16.98,19497,10512600,178053571.0
2025-03-31,RAIL3,16.61,16.63,16.01,16.22,24994,16101600,261673293.0
2025-04-01,RAIL3,16.22,16.57,15.95,16.29,23535,11049300,180431863.0
2025-04-02,RAIL3,16.21,17.02,16.16,16.87,35574,13619500,228650750.0
2025-04-03,RAIL3,16.79,17.76,16.78,17.65,40586,17746400,311263402.0
2025-04-04,RAIL3,17.52,17.62,17.01,17.07,32017,13689600,236281438.0
2025-04-07,RAIL3,16.91,17.48,16.65,17.04,33466,21656100,369297596.0
2025-04-08,RAIL3,17.04,17.36,16.8,16.84,21100,8335300,141268066.0
2025-04-09,RAIL3,16.73,17.38,16.42,17.17,34707,15815900,267357343.0
2025-04-10,RAIL3,17.04,17.48,16.84,17.18,27620,14448600,247274716.0
2025-04-11,RAIL3,17.25,17.9,17.25,17.77,24818,14529100,257320631.0
2025-04-14,RAIL3,18.0,18.65,17.93,18.47,27485,16873700,311021858.0
2025-04-15,RAIL3,18.45,18.67,18.33,18.5,23578,8317100,153889219.0
2025-04-16,RAIL3,18.51,18.73,18.39,18.51,22614,8474200,157256010.0
2025-04-17,RAIL3,18.45,18.95,18.36,18.88,15961,10800000,202528975.0
2025-04-22,RAIL3,18.75,19.14,18.68,19.04,23481,10222100,194002535.0
2025-04-23,RAIL3,19.31,19.71,19.21,19.39,27718,22979800,447664455.0
2025-04-24,RAIL3,19.64,19.97,19.28,19.93,24004,13549400,267795157.0
2025-04-25,RAIL3,19.95,20.0,19.58,19.68,22350,11489500,227491587.0
2025-04-28,RAIL3,19.8,19.8,19.4,19.57,23019,9247000,180753906.0
2025-04-29,RAIL3,19.66,19.91,19.4,19.46,19229,10023500,196759452.0
2025-04-30,RAIL3,19.33,19.66,19.07,19.4,29578,19611800,378387240.0
2025-05-02,RAIL3,19.21,19.34,19.03,19.27,14483,11519900,220777675.0
2025-05-05,RAIL3,19.31,19.38,18.73,18.9,17814,15275200,289500713.0
2025-05-06,RAIL3,19.0,19.07,18.77,19.05,14881,11324700,214303419.0
2025-05-07,RAIL3,19.22,19.22,18.64,18.75,15114,5639400,105696917.0
2025-05-08,RAIL3,19.43,19.45,19.08,19.21,17450,12535900,240877301.0
2025-05-09,RAIL3,19.4,19.4,17.85,17.85,37999,24979200,455310415.0
2025-05-12,RAIL3,17.85,17.94,17.28,17.31,18424,12028000,209881314.0
2025-05-13,RAIL3,17.39,18.2,17.39,18.14,23924,17210000,308637421.0
2025-05-14,RAIL3,18.12,18.12,17.65,17.65,15750,5966000,106214589.0
2025-05-15,RAIL3,17.73,18.2,17.54,17.89,18138,11786500,210020561.0
2025-05-16,RAIL3,17.77,18.45,17.7,18.22,18241,8348000,151579238.0
2025-05-19,RAIL3,18.26,18.45,18.0,18.17,10015,4132600,75531037.0
2025-05-20,RAIL3,18.14,18.73,17.96,18.61,19449,10954700,202250497.0
2025-05-21,RAIL3,18.61,18.65,17.93,17.98,21616,10058400,182931809.0
2025-05-22,RAIL3,18.0,18.76,17.94,18.15,20665,14492500,266410163.0
2025-05-23,RAIL3,18.15,18.29,17.66,18.06,13749,4280400,77002616.0
2025-05-26,RAIL3,18.06,18.79,18.06,18.56,10468,6639400,123544051.0
2025-05-27,RAIL3,18.88,19.37,18.88,19.1,22571,26168800,501047064.0
2025-05-28,RAIL3,19.1,19.16,18.76,18.97,12022,3768900,71485955.0
2025-05-29,RAIL3,18.98,19.18,18.77,19.18,9955,5161000,98260318.0
2025-05-30,RAIL3,19.2,19.37,18.82,18.82,15539,17389900,328783393.0
2025-06-02,RAIL3,19.04,19.47,18.93,19.18,21719,8913600,170883187.0
2025-06-03,RAIL3,19.18,19.77,19.18,19.59,21554,7276500,142267737.0
2025-06-04,RAIL3,19.8,20.53,19.64,19.65,28948,18238000,365874229.0
2025-06-05,RAIL3,19.65,19.82,19.08,19.26,14139,10783300,208873609.0
2025-06-06,RAIL3,19.24,19.3,18.82,19.08,13660,9252900,176276049.0
2025-06-09,RAIL3,18.87,19.1,18.55,18.85,9834,8692400,163473220.0
2025-06-10,RAIL3,19.2,19.27,18.86,19.15,25951,17052700,326167283.0
2025-06-11,RAIL3,19.04,19.39,18.95,19.23,15461,21512200,413964321.0
2025-06-12,RAIL3,19.45,19.61,19.02,19.04,25559,15972700,307402217.0
2025-06-13,RAIL3,19.0,19.15,18.58,19.13,14879,6428300,122375041.0
2025-06-16,RAIL3,19.32,19.6,19.17,19.48,18009,12471700,243073963.0
2025-06-17,RAIL3,18.51,18.9,18.39,18.5,18248,10115200,188332503.0
2025-06-18,RAIL3,18.5,18.64,18.38,18.48,19393,13192300,244470292.0
2025-06-20,RAIL3,18.22,18.36,17.94,17.97,22438,13567200,244900319.0
2025-06-23,RAIL3,17.92,17.94,17.42,17.48,23712,10086300,177425792.0
2025-06-24,RAIL3,17.6,17.94,17.43,17.84,16294,10954800,194579414.0
2025-06-25,RAIL3,17.6,17.8,17.55,17.75,13471,6302600,111575405.0
2025-06-26,RAIL3,17.89,18.04,17.62,17.87,13905,8305900,148356492.0
2025-06-27,RAIL3,17.61,18.18,17.61,17.96,13007,9680400,174295292.0
2025-06-30,RAIL3,17.84,18.71,17.82,18.53,24598,12763300,236128646.0
2025-07-01,RAIL3,18.59,19.0,18.57,18.68,13961,8951200,167979139.0
2025-07-02,RAIL3,18.61,18.91,18.01,18.12,23436,8984000,164198541.0
2025-07-03,RAIL3,18.17,18.77,18.17,18.64,17038,6967800,129869322.0
2025-07-04,RAIL3,18.57,18.76,18.3,18.58,7332,2687000,49823105.0
2025-07-07,RAIL3,18.63,18.73,18.25,18.3,13838,5124700,94176819.0
2025-07-08,RAIL3,18.3,18.41,17.92,18.14,19745,7328100,132319717.0
2025-07-09,RAIL3,18.18,18.18,17.4,17.46,20820,10796700,190634629.0
2025-07-10,RAIL3,17.34,17.35,16.89,17.18,21480,12691800,216568302.0
2025-07-11,RAIL3,17.13,17.19,16.87,17.12,14292,9341200,159347233.0
2025-07-14,RAIL3,17.02,17.49,17.02,17.39,15707,8621600,149641465.0
2025-07-15,RAIL3,17.64,17.89,17.23,17.45,15401,7268000,126713674.0
2025-07-16,RAIL3,17.45,17.72,16.87,17.0,31842,17266700,296758316.0
2025-07-17,RAIL3,17.0,17.18,16.65,16.72,24497,9174800,154551301.0
2025-07-18,RAIL3,16.6,16.65,16.41,16.58,12952,10443800,172866984.0
2025-07-21,RAIL3,16.71,16.76,16.43,16.61,13520,10891100,180283105.0
2025-07-22,RAIL3,16.66,16.79,16.47,16.79,14686,12352600,205794542.0
2025-07-23,RAIL3,16.78,17.2,16.63,17.09,13670,7142900,121629887.0
2025-07-24,RAIL3,16.86,17.08,16.63,16.75,13675,4775400,79911952.0
2025-07-25,RAIL3,16.76,16.94,16.55,16.68,9965,3701400,61636241.0
2025-07-28,RAIL3,16.67,16.89,16.52,16.85,23038,18051800,303310155.0
2025-07-29,RAIL3,16.86,17.04,16.64,16.85,17225,8980400,151653043.0
2025-07-30,RAIL3,16.85,16.95,16.17,16.61,17949,10186800,167507533.0
2025-07-31,RAIL3,16.4,16.69,16.17,16.54,12688,8874900,146600836.0
2025-08-01,RAIL3,16.77,16.92,16.22,16.33,17223,7927800,130302238.0
2025-08-04,RAIL3,16.58,16.75,16.34,16.44,17915,5953600,98285633.0
2025-08-05,RAIL3,16.34,16.78,16.34,16.54,10648,5152800,85487844.0
2025-08-06,RAIL3,16.75,16.75,16.45,16.7,18148,8177800,135973449.0
2025-08-07,RAIL3,16.75,16.99,16.58,16.95,19745,9551400,160818572.0
2025-08-08,RAIL3,16.82,16.82,15.22,15.34,45889,34740200,545422864.0
2025-08-11,RAIL3,15.34,15.61,15.09,15.45,31692,16474400,254253160.0
2025-08-12,RAIL3,15.52,16.08,15.47,15.9,29254,13091800,207943068.0
2025-08-13,RAIL3,15.87,16.17,15.75,15.92,25574,8050100,128835928.0
2025-08-14,RAIL3,15.7,16.16,15.62,16.04,16593,6785600,108845360.0
2025-08-15,RAIL3,15.88,16.04,15.65,15.96,19294,10546300,167310601.0
2025-08-18,RAIL3,15.99,16.18,15.84,15.86,27476,12380500,197358068.0
2025-08-19,RAIL3,15.69,15.85,15.36,15.43,25724,13198600,205381784.0
2025-08-20,RAIL3,15.42,15.56,14.8,14.95,46400,23391300,352183927.0
2025-08-21,RAIL3,14.87,14.92,14.43,14.68,32392,15759900,230500461.0
2025-08-22,RAIL3,14.79,15.08,14.53,15.07,38397,15427400,230521809.0
2025-08-25,RAIL3,15.14,15.14,14.54,14.61,20899,14078200,206654228.0
2025-08-26,RAIL3,14.66,14.74,14.46,14.6,13802,11002900,160742319.0
2025-08-27,RAIL3,14.5,14.61,14.22,14.58,32871,22749900,327891349.0
2025-08-28,RAIL3,14.7,14.87,14.57,14.62,22294,15706400,230795164.0
2025-08-29,RAIL3,14.64,14.78,14.48,14.55,29471,26350500,385426423.0
2025-09-01,RAIL3,14.58,14.73,14.23,14.32,17173,8638800,124579072.0
2025-09-02,RAIL3,14.2,14.49,14.02,14.11,26239,15069800,214526025.0
2025-09-03,RAIL3,14.15,14.4,14.14,14.21,17073,8984600,128209112.0
2025-09-04,RAIL3,14.25,14.88,14.24,14.8,22839,16720800,244968506.0
2025-09-05,RAIL3,15.22,15.35,14.6,14.7,25838,17456900,260402769.0
2025-09-08,RAIL3,14.65,15.0,14.49,14.64,21563,11534600,169618995.0
2025-09-09,RAIL3,14.58,14.7,14.44,14.53,20510,8382600,121783277.0
2025-09-10,RAIL3,14.49,14.8,14.42,14.61,14738,8001300,116978237.0
2025-09-11,RAIL3,14.7,15.08,14.57,15.0,13165,19829400,296279413.0
2025-09-12,RAIL3,14.88,15.1,14.79,14.81,11758,8882900,132631911.0
2025-09-15,RAIL3,14.8,15.04,14.74,14.86,10314,4952900,73815908.0
2025-09-16,RAIL3,14.95,15.09,14.78,14.88,15834,8845300,131940552.0
2025-09-17,RAIL3,14.84,15.4,14.81,15.28,15937,15326500,233032175.0
2025-09-18,RAIL3,15.28,15.31,14.98,15.03,11171,25448200,386078625.0
2025-09-19,RAIL3,15.05,15.1,14.59,14.61,14426,15337100,225619169.0
2025-09-22,RAIL3,14.8,14.95,14.48,14.91,23633,18607100,274188319.0
2025-09-23,RAIL3,14.8,15.35,14.76,15.15,13747,21958200,331865449.0
2025-09-24,RAIL3,15.01,15.4,15.01,15.28,14737,15426700,235451329.0
2025-09-25,RAIL3,15.28,15.45,15.07,15.13,15587,12490000,190298594.0
2025-09-26,RAIL3,15.2,15.32,14.98,15.23,7794,9825600,149031600.0
2025-09-29,RAIL3,15.4,15.67,15.34,15.65,13983,20121600,312699185.0
2025-09-30,RAIL3,15.88,16.05,15.69,15.97,41768,27743800,441425419.0
2025-10-01,RAIL3,16.11,16.11,15.57,15.74,28921,23967300,377984391.0
2025-10-02,RAIL3,15.83,16.05,15.27,15.9,19078,23100700,361931021.0
2025-10-03,RAIL3,15.83,15.99,15.71,15.9,15975,10654300,169091099.0
2025-10-06,RAIL3,15.89,16.09,15.68,15.75,10904,11122700,175432979.0
2025-10-07,RAIL3,15.59,15.74,15.36,15.7,17283,14460600,224340390.0
2025-10-08,RAIL3,15.7,15.94,15.55,15.73,17972,17512500,275749582.0
2025-10-09,RAIL3,15.79,15.94,15.42,15.49,13768,17080900,267228954.0
2025-10-10,RAIL3,15.59,15.71,15.23,15.53,12634,12570700,194044921.0
2025-10-13,RAIL3,15.53,15.64,15.41,15.47,13602,12109900,187806127.0
2025-10-14,RAIL3,15.5,15.52,15.26,15.37,9440,7826800,120323862.0
2025-10-15,RAIL3,15.14,15.75,15.1,15.58,18727,21172300,328742252.0
2025-10-16,RAIL3,15.38,15.5,15.02,15.05,17034,17602800,268426354.0
2025-10-17,RAIL3,15.09,15.57,15.01,15.47,17829,18400600,283812592.0
2025-10-20,RAIL3,15.51,15.67,15.38,15.48,16751,13253600,205784321.0
2025-10-21,RAIL3,15.39,15.68,15.37,15.57,13779,14934900,232374109.0
2025-10-22,RAIL3,15.63,15.63,15.27,15.37,7853,11184000,172546675.0
2025-10-23,RAIL3,15.54,15.7,15.24,15.55,13449,12653300,195913378.0
2025-10-24,RAIL3,15.75,15.8,15.24,15.38,10487,10360400,159702629.0
2025-10-27,RAIL3,15.58,15.64,15.31,15.56,12289,13689600,212274620.0
2025-10-28,RAIL3,15.55,15.94,15.49,15.8,25633,16809500,265645898.0
2025-10-29,RAIL3,15.8,16.0,15.52,15.64,15860,23523900,371056921.0
2025-10-30,RAIL3,15.51,16.12,15.35,15.99,17018,9483200,151344033.0
2025-10-31,RAIL3,16.08,16.15,15.89,15.92,11419,10380200,166051383.0
2025-11-03,RAIL3,16.0,16.03,15.6,15.61,11529,5531400,86904565.0
2025-11-04,RAIL3,15.52,15.89,15.49,15.65,14215,15601800,244491183.0
2025-11-05,RAIL3,15.67,15.98,15.61,15.78,20097,12001300,189914502.0
2025-11-06,RAIL3,15.73,15.76,15.39,15.62,17255,15366500,239629990.0
2025-11-07,RAIL3,15.61,15.68,15.44,15.64,12993,12135000,189310120.0
2025-11-10,RAIL3,15.74,15.95,15.61,15.81,21010,14209700,224489834.0
2025-11-11,RAIL3,16.05,16.57,15.97,16.32,29685,24523500,399818459.0
2025-11-12,RAIL3,16.4,16.44,16.04,16.4,25714,29517700,476570750.0
2025-11-13,RAIL3,16.35,16.66,16.35,16.42,20485,15081600,249339342.0
2025-11-14,RAIL3,16.44,16.86,16.26,16.52,27948,21091800,350919054.0
2025-11-17,RAIL3,16.0,16.27,15.02,15.02,44697,33891900,522536151.0
2025-11-18,RAIL3,14.91,15.52,14.87,15.41,25253,15569700,239315215.0
2025-11-19,RAIL3,15.35,15.77,15.29,15.69,18628,22493200,351047261.0
2025-11-21,RAIL3,15.66,15.68,15.15,15.33,18169,13457500,206736583.0
2025-11-24,RAIL3,15.36,15.54,15.25,15.25,12874,10845200,166025587.0
2025-11-25,RAIL3,15.27,15.51,15.21,15.43,9185,4708600,72441306.0
2025-11-26,RAIL3,15.52,17.45,15.44,16.84,39004,51427200,830292041.0
2025-11-27,RAIL3,17.01,17.2,16.73,17.03,21720,15083400,256230643.0
2025-11-28,RAIL3,16.96,17.15,16.72,16.85,17621,8211800,138549378.0
2025-12-01,RAIL3,16.75,16.78,16.45,16.58,11173,7161400,118582501.0
2025-12-02,RAIL3,16.7,16.98,16.49,16.83,14217,6534200,109881562.0
2025-12-03,RAIL3,16.93,17.0,16.65,16.67,15563,6388000,107154973.0
2025-12-04,RAIL3,16.86,17.13,16.76,16.89,14425,5956500,100730613.0
2025-12-05,RAIL3,16.79,16.97,15.95,16.12,27270,13350000,217444334.0
2025-12-08,RAIL3,16.19,16.23,15.66,15.8,16715,9801000,155383820.0
2025-12-09,RAIL3,15.69,15.75,15.23,15.57,18664,7146600,111196126.0
2025-12-10,RAIL3,15.58,15.7,15.46,15.67,8724,3928200,61236618.0
2025-12-11,RAIL3,15.55,16.01,15.53,15.74,10617,4053300,64168980.0
2025-12-12,RAIL3,15.81,16.18,15.65,15.79,17349,10180000,161747262.0
2025-12-15,RAIL3,15.98,15.98,15.71,15.84,13678,101326800,1605043578.0
2025-12-16,RAIL3,15.37,15.54,14.72,14.74,21643,19621500,294124228.0
2025-12-17,RAIL3,14.59,14.64,14.21,14.55,29495,16321600,235801023.0
2025-12-18,RAIL3,14.4,14.86,14.4,14.65,18108,8751100,128742502.0
2025-12-19,RAIL3,14.61,14.81,14.46,14.49,18626,8890500,129382990.0
2025-12-22,RAIL3,14.48,14.63,14.31,14.42,14259,100251700,1445923938.0
2025-12-23,RAIL3,14.46,14.84,14.39,14.63,8015,5176500,75811021.0
2025-12-26,RAIL3,14.5,14.79,14.5,14.73,6209,2242500,32879964.0
2025-12-29,RAIL3,14.61,14.8,14.52,14.61,10292,7140100,104427767.0
2025-12-30,RAIL3,14.69,14.81,14.6,14.76,11441,5316200,78306282.0
2026-01-02,RAIL3,14.78,14.83,14.62,14.75,9508,3952400,58124291.0
2026-01-05,RAIL3,14.79,14.93,14.68,14.84,8340,3881500,57629080.0
2026-01-06,RAIL3,14.9,15.14,14.84,14.84,14381,7881500,118032035.0
2026-01-07,RAIL3,14.8,14.9,14.51,14.66,14314,6364800,93050361.0
2026-01-08,RAIL3,14.67,14.97,14.59,14.84,9313,8510700,126375246.0
2026-01-09,RAIL3,14.86,15.07,14.77,14.83,10839,10905100,162941533.0
2026-01-12,RAIL3,14.73,15.21,14.73,14.89,16340,14943500,223846719.0
2026-01-13,RAIL3,14.78,14.88,14.18,14.31,18058,14837800,213274949.0
2026-01-14,RAIL3,14.43,14.49,13.63,13.7,21512,19885500,276168415.0
2026-01-15,RAIL3,13.86,13.86,13.56,13.73,17313,11332700,155633556.0
2026-01-16,RAIL3,13.75,13.76,13.46,13.6,15124,9407500,127825760.0
2026-01-19,RAIL3,13.56,13.64,13.39,13.54,7953,3841600,51882991.0
2026-01-20,RAIL3,13.42,13.56,13.31,13.4,12130,6610600,88683193.0
2026-01-21,RAIL3,13.55,14.11,13.52,14.05,24438,41176200,565429281.0
2026-01-22,RAIL3,14.0,14.49,14.0,14.22,39079,16593700,237136225.0
2026-01-23,RAIL3,14.22,14.98,14.13,14.81,24800,14164900,207049751.0
2026-01-26,RAIL3,14.87,14.94,14.6,14.85,19341,9113000,135036853.0
2026-01-27,RAIL3,14.95,15.19,14.86,15.05,23162,16903800,254619803.0
2026-01-28,RAIL3,15.1,15.45,14.92,15.15,24329,18516200,281035537.0
2026-01-29,RAIL3,15.34,15.34,14.6,14.88,23816,13718800,203932872.0
2026-01-30,RAIL3,14.81,14.93,14.62,14.76,23559,12202300,179989614.0
2026-02-02,RAIL3,14.94,14.97,14.63,14.75,19938,8858500,130634993.0
2026-02-03,RAIL3,14.95,15.08,14.77,15.07,22725,16327400,244654482.0
2026-02-04,RAIL3,15.0,15.27,14.87,15.27,24889,14822600,223801916.0
2026-02-05,RAIL3,15.31,15.4,15.1,15.19,16693,7913100,120733113.0
2026-02-06,RAIL3,15.11,15.39,14.85,15.25,19397,11509100,175210587.0
2026-02-09,RAIL3,15.32,15.52,15.12,15.47,15280,7716700,118444854.0
2026-02-10,RAIL3,15.47,16.1,15.37,15.9,22081,20349000,323038091.0
2026-02-11,RAIL3,16.06,16.52,15.9,16.45,23553,17626200,286439106.0
2026-02-12,RAIL3,16.27,16.53,16.18,16.29,16163,10540200,172176631.0
2026-02-13,RAIL3,15.86,16.28,15.8,16.24,21466,8341000,134318469.0
2026-02-18,RAIL3,16.08,16.17,15.91,16.1,14464,7166400,114744108.0
2026-02-19,RAIL3,16.13,16.45,16.06,16.45,11749,5306800,86807480.0
2026-02-20,RAIL3,16.27,16.66,16.19,16.51,13688,7488000,123268816.0
2026-02-23,RAIL3,16.6,16.97,16.44,16.69,23476,14224900,237336688.0
2026-02-24,RAIL3,16.77,17.4,16.77,17.16,40226,22095400,379691225.0
2026-02-25,RAIL3,17.3,17.3,16.58,16.67,21734,8979100,150716154.0
2026-02-26,RAIL3,16.71,16.79,16.37,16.63,15909,8368900,138434512.0
2026-02-27,RAIL3,16.53,16.54,15.92,15.97,20184,14721600,236375173.0
2026-03-02,RAIL3,15.67,15.9,15.5,15.75,16037,6813500,107062269.0
2026-03-03,RAIL3,15.09,15.57,14.89,15.47,25257,12439600,189319719.0
2026-03-04,RAIL3,15.6,15.84,15.56,15.72,12965,6687800,105155239.0
2026-03-05,RAIL3,15.67,16.09,15.3,15.62,30077,13865800,218399601.0
2026-03-06,RAIL3,15.4,15.72,15.25,15.48,27599,11888700,185018015.0
2026-03-09,RAIL3,15.51,16.16,15.42,15.94,32815,15617500,248097750.0
2026-03-10,RAIL3,16.36,17.36,16.11,17.05,38329,21529300,363985292.0
2026-03-11,RAIL3,16.82,17.39,16.58,17.1,18291,7667900,130766678.0
2026-03-12,RAIL3,16.61,16.91,16.32,16.48,23630,12270100,202513175.0
2026-03-13,RAIL3,16.62,16.72,16.14,16.26,16126,7196500,117986527.0
2026-03-16,RAIL3,16.57,16.74,16.26,16.4,20605,7297900,119963881.0
2026-03-17,RAIL3,16.41,16.7,16.08,16.31,19012,6481200,105929102.0
2026-03-18,RAIL3,16.2,16.45,16.03,16.08,25618,10462500,169250777.0
2026-03-19,RAIL3,15.82,16.41,15.6,16.19,22360,9120600,146790465.0
2026-03-20,RAIL3,16.19,16.3,15.85,16.12,20250,11676400,187958695.0
2026-03-23,RAIL3,16.43,16.92,16.4,16.85,20051,8506300,142804323.0
2026-03-24,RAIL3,16.75,16.86,16.42,16.52,18362,10964600,181866785.0
2026-03-25,RAIL3,16.75,16.87,16.48,16.61,16224,10814800,179921907.0
2026-03-26,RAIL3,16.27,16.34,15.95,16.0,25560,10103600,162453239.0
2026-03-27,RAIL3,16.0,16.16,15.6,15.73,16476,8719400,137460302.0
2026-03-30,RAIL3,15.85,15.91,15.5,15.6,26377,7913700,124167025.0
2026-03-31,RAIL3,15.79,16.37,15.67,16.25,21744,10662800,172609593.0
2026-04-01,RAIL3,16.4,16.62,16.17,16.18,30425,15648800,255734711.0
2026-04-02,RAIL3,15.79,16.4,15.68,16.1,23146,10496700,169681087.0
2026-04-06,RAIL3,16.24,16.24,15.93,15.93,14944,6945800,111279999.0
2026-04-07,RAIL3,15.9,16.49,15.77,16.4,31346,14838800,240795882.0
2026-04-08,RAIL3,17.27,17.34,16.05,16.14,43979,17767400,290813028.0
2026-04-09,RAIL3,16.28,16.38,16.02,16.12,32463,11588400,187903567.0
2026-04-10,RAIL3,16.27,16.54,16.09,16.43,34197,20232300,332306414.0
2026-04-13,RAIL3,16.35,16.35,15.68,16.24,23967,18997700,304008345.0
2026-04-14,RAIL3,16.33,17.05,16.26,16.92,24315,15732700,264630363.0
2026-04-15,RAIL3,16.85,17.1,16.81,16.96,17350,10354300,174965411.0
2026-04-16,RAIL3,17.01,17.01,16.48,16.59,9912,54573800,906030449.0
2026-04-17,RAIL3,16.98,17.13,16.54,16.55,29469,15434800,259182828.0
2026-04-20,RAIL3,16.65,16.68,16.26,16.47,16952,9320800,153707747.0
2026-04-22,RAIL3,16.42,16.54,16.03,16.23,22457,10356800,167783327.0
2026-04-23,RAIL3,16.01,16.33,15.92,15.92,20115,16615600,267994905.0
2026-04-24,RAIL3,15.99,16.26,15.63,15.82,16211,20341000,322266401.0
2026-04-27,RAIL3,15.82,16.04,15.55,15.6,15600,5086700,79940219.0
2026-04-28,RAIL3,15.52,15.59,15.25,15.59,12393,10514100,162601966.0
2026-04-29,RAIL3,15.29,15.65,15.26,15.47,17513,8816000,135963447.0
2026-04-30,RAIL3,15.63,15.89,15.51,15.73,15970,7122100,112266631.0
2026-05-04,RAIL3,15.8,16.33,15.72,16.24,16772,10799800,173710999.0
2026-05-05,RAIL3,16.01,16.45,16.01,16.29,19014,28875800,471804524.0
2026-05-06,RAIL3,16.43,16.9,16.32,16.69,17726,6505300,108425022.0
2026-05-07,RAIL3,16.55,16.67,16.16,16.29,13734,11188600,183374334.0
2026-05-08,RAIL3,16.72,17.14,16.42,16.93,29757,19969500,336250282.0
2026-05-11,RAIL3,16.77,16.92,16.03,16.18,31218,16680600,271848893.0
2026-05-12,RAIL3,16.07,16.18,15.6,15.75,23714,14261300,226013395.0
2026-05-13,RAIL3,15.68,15.74,15.25,15.29,26101,15996300,247396291.0
2026-05-14,RAIL3,15.41,15.55,15.21,15.27,28584,19687400,302442578.0
2026-05-15,RAIL3,15.0,15.22,14.8,14.97,21094,17429300,261241122.0
2026-05-18,RAIL3,14.97,15.17,14.72,14.9,18564,15276200,227232659.0
2026-05-19,RAIL3,14.78,14.84,14.5,14.61,14499,10598800,154975100.0
2026-05-20,RAIL3,14.74,15.26,14.65,15.02,25422,21109900,317104706.0
2026-05-21,RAIL3,14.92,14.95,14.63,14.67,13875,12986500,191466552.0
2026-05-22,RAIL3,14.6,14.61,14.07,14.21,14945,14249900,204388512.0
2026-05-25,RAIL3,14.42,14.51,14.3,14.36,9024,4221500,60810892.0
2026-05-26,RAIL3,14.21,14.26,13.95,14.25,19668,11876500,168205686.0
2026-05-27,RAIL3,14.45,14.45,13.98,14.05,10777,8620900,121709000.0
2026-05-28,RAIL3,14.13,14.13,13.76,13.85,17403,9661600,134151821.0
2026-05-29,RAIL3,13.86,13.91,13.56,13.72,20143,21918900,300608084.0
2026-06-01,RAIL3,13.79,14.1,13.72,13.92,17705,10642800,148222091.0
2026-06-02,RAIL3,14.0,14.37,13.96,14.19,12163,8817900,124982214.0
2026-06-03,RAIL3,13.84,14.16,13.69,13.89,22758,11983600,166190320.0
2026-06-05,RAIL3,13.84,14.01,13.75,13.94,10285,6473500,90002693.0
2026-06-08,RAIL3,13.86,13.94,13.42,13.52,18184,39303600,542205882.0
2026-06-09,RAIL3,13.62,13.8,13.41,13.49,14516,7767300,105226991.0
2026-06-10,RAIL3,13.5,13.74,13.3,13.3,13881,14741100,198379923.0
2026-06-11,RAIL3,13.3,13.62,13.13,13.49,12566,6797200,90713616.0
2026-06-12,RAIL3,13.36,13.61,13.25,13.36,14244,5628800,75171845.0
2026-06-15,RAIL3,13.59,13.79,13.27,13.27,15021,8952400,120179810.0
2026-06-16,RAIL3,13.25,13.28,12.94,13.03,17625,9629500,125538939.0
2026-06-17,RAIL3,13.17,13.23,12.45,12.45,25850,16995200,217616662.0
2026-06-18,RAIL3,12.38,12.65,12.32,12.33,13537,8340800,103532081.0
2026-06-19,RAIL3,12.3,12.47,12.16,12.45,11192,16088900,199863330.0
2026-06-22,RAIL3,12.57,12.69,12.38,12.47,19993,9530000,119530674.0
2026-06-23,RAIL3,12.32,13.0,12.3,12.9,19046,11891500,151888220.0
2026-06-24,RAIL3,12.81,13.12,12.72,12.98,23818,19891100,257255061.0
2026-06-25,RAIL3,13.12,13.51,13.12,13.45,17832,11052800,147906029.0
2026-06-26,RAIL3,13.45,13.81,13.31,13.69,16960,9388000,128296400.0
2026-06-29,RAIL3,13.56,13.78,13.17,13.61,20859,13133300,177525644.0
2026-06-30,RAIL3,13.48,13.64,13.26,13.43,26241,11139200,150241904.0
2026-07-01,RAIL3,13.23,13.33,12.94,13.17,22253,12101600,158621400.0
2026-07-02,RAIL3,13.34,13.55,13.16,13.45,16600,8632800,115807370.0
2026-07-03,RAIL3,13.57,13.66,13.41,13.63,7747,4178100,56803816.0
2026-07-06,RAIL3,13.48,13.73,13.34,13.5,16912,8646800,116833487.0
2026-07-07,RAIL3,13.58,13.73,13.38,13.5,16594,11827400,159991208.0
2026-07-08,RAIL3,13.43,13.53,13.17,13.25,19788,7905500,105237436.0
2026-07-09,RAIL3,13.3,13.8,13.26,13.75,19126,10408900,142075614.0
2026-07-10,RAIL3,14.25,14.39,13.84,14.36,24789,14968200,211087407.0
2026-07-13,RAIL3,14.3,14.42,13.99,14.11,14254,6318700,89134116.0
2026-07-14,RAIL3,14.15,14.19,14.02,14.13,16625,4010400,56584508.0
2026-07-15,RAIL3,14.12,14.17,13.96,14.07,18857,6676600,93823135.0
2026-07-16,RAIL3,13.98,14.1,13.83,13.93,14469,4761300,66525702.0
2026-07-17,RAIL3,13.9,13.93,13.65,13.7,16419,6708800,92309768.0
2026-07-20,RAIL3,13.69,13.78,13.5,13.57,14120,6415700,87165850.0
2026-07-21,RAIL3,13.52,13.57,13.2,13.24,16950,7426700,98677292.0
2026-07-22,RAIL3,13.26,13.75,13.21,13.64,31403,12755600,173582816.0
2026-07-23,RAIL3,13.56,14.08,13.49,13.96,27555,16919800,235194564.0
2026-07-24,RAIL3,13.83,13.87,13.49,13.57,19586,8199600,111636332.0
2026-07-27,RAIL3,13.66,13.81,13.39,13.8,29551,14565100,198938664.0
2026-07-28,RAIL3,14.24,14.37,13.94,14.08,13713,10345300,145435036.0
2026-07-29,RAIL3,14.04,14.12,13.88,13.95,18206,14883500,207859696.0
2026-07-30,RAIL3,14.09,14.3,13.92,14.28,13087,6392300,90526829.0
2026-07-31,RAIL3,14.35,14.54,14.13,14.44,18569,8214000,118346443.0
2026-08-03,RAIL3,14.69,14.69,14.06,14.16,17130,9754900,138464954.0
2026-08-04,RAIL3,14.44,14.44,14.04,14.12,26814,13161400,186467254.0
2026-08-05,RAIL3,14.25,14.25,13.81,13.99,19252,9133600,127671378.0
2026-08-06,RAIL3,13.94,13.97,13.52,13.71,25733,24029600,328318167.0
2026-08-07,RAIL3,13.71,13.8,13.36,13.59,18412,6888700,93047808.0
2026-08-10,RAIL3,13.58,13.66,13.18,13.22,17489,8640400,115268520.0
2026-08-11,RAIL3,13.16,13.3,12.89,12.96,23491,10945000,142455132.0
2026-08-12,RAIL3,13.02,13.29,12.92,12.96,35776,12377100,161511461.0
2026-08-13,RAIL3,12.89,13.8,12.89,13.55,34892,27251300,369713887.0
2026-08-14,RAIL3,13.41,13.85,13.41,13.67,32917,14790000,201968387.0
2026-08-17,RAIL3,13.68,13.78,13.52,13.63,14426,16025600,218716121.0
2026-08-18,RAIL3,13.63,13.68,13.18,13.26,17118,8635600,115123122.0
2026-08-19,RAIL3,13.43,13.75,13.43,13.75,17217,17221400,236373487.0
2026-08-20,RAIL3,13.7,14.27,13.58,13.89,20334,19083000,265878071.0
2021-08-20,VALE3,97.59,99.1,97.44,97.55,72962,31351100,3077494055.0
2021-08-23,VALE3,97.56,97.93,96.16,96.2,55168,19773500,1911930393.0
2021-08-24,VALE3,99.38,101.27,99.1,99.71,76517,29779200,2983869370.0
2021-08-25,VALE3,100.09,100.46,98.55,99.5,52528,15088600,1500616272.0
2021-08-26,VALE3,99.49,99.8,98.23,98.23,51147,18032300,1782773302.0
2021-08-27,VALE3,99.01,101.0,98.9,100.69,56689,19572800,1963106718.0
2021-08-30,VALE3,100.82,101.64,99.95,100.05,49207,13031600,1310213653.0
2021-08-31,VALE3,99.0,99.26,97.7,98.68,59150,20433600,2009442969.0
2021-09-01,VALE3,97.36,99.59,95.72,98.85,67470,20847500,2041468777.0
2021-09-02,VALE3,98.77,100.0,97.91,98.54,72594,24448600,2418367670.0
2021-09-03,VALE3,100.16,100.88,98.51,98.61,70548,38716500,3831566705.0
2021-09-06,VALE3,96.89,97.55,96.16,97.06,42001,11916100,1154618121.0
2021-09-08,VALE3,96.47,96.73,94.7,95.04,74408,22635100,2159361917.0
2021-09-09,VALE3,95.16,95.72,93.17,94.7,78672,28997700,2743909120.0
2021-09-10,VALE3,95.51,96.19,94.81,94.81,60586,18022000,1719245609.0
2021-09-13,VALE3,94.7,95.0,93.94,94.76,52122,18832800,1780883938.0
2021-09-14,VALE3,95.15,95.58,93.07,94.09,79537,25571600,2409555660.0
2021-09-15,VALE3,93.88,94.44,91.74,91.74,2514,35084400,3252128310.0
2021-09-16,VALE3,90.43,90.43,87.92,87.93,98526,39726500,3540434476.0
2021-09-17,VALE3,88.29,88.79,85.08,86.15,52958,74648800,6441557270.0
2021-09-20,VALE3,82.8,83.94,81.14,83.31,31121,49636100,4095820300.0
2021-09-21,VALE3,84.7,84.7,82.51,84.12,9389,32380300,2711778634.0
2021-09-22,VALE3,88.1,89.48,86.51,87.11,43917,62161000,5461384874.0
2021-09-23,VALE3,79.2,80.34,77.62,78.91,17709,47485400,3749772943.0
2021-09-24,VALE3,78.29,78.79,77.0,77.69,74207,26631600,2074457156.0
2021-09-27,VALE3,78.6,79.33,76.5,78.8,86827,38386300,3008487850.0
2021-09-28,VALE3,77.48,77.8,74.56,74.85,96496,35896000,2720991268.0
2021-09-29,VALE3,75.77,76.8,74.85,75.8,88894,39704900,3020961428.0
2021-09-30,VALE3,77.4,78.34,75.73,76.24,89557,39151000,3019625259.0
2021-10-01,VALE3,76.75,77.31,75.68,76.2,65851,23191700,1770370559.0
2021-10-04,VALE3,76.59,77.0,75.44,75.49,68200,25090000,1910166988.0
2021-10-05,VALE3,75.99,76.1,74.95,74.95,70654,21889400,1652390897.0
2021-10-06,VALE3,74.06,77.27,73.92,77.06,74020,27318400,2071355018.0
2021-10-07,VALE3,78.34,80.37,77.71,79.36,89636,33115300,2630732885.0
2021-10-08,VALE3,81.46,81.84,79.59,79.85,80289,37172600,2995193429.0
2021-10-11,VALE3,81.9,83.1,80.74,81.62,84017,28327900,2325803709.0
2021-10-13,VALE3,80.8,80.8,79.17,79.2,92740,32052800,2555290865.0
2021-10-14,VALE3,79.99,80.24,79.13,79.2,73847,24030000,1913115680.0
2021-10-15,VALE3,79.49,80.95,79.3,80.68,65713,26927200,2166085545.0
2021-10-18,VALE3,79.91,80.4,78.48,79.92,62080,20912800,1659865990.0
2021-10-19,VALE3,79.72,80.24,78.81,79.0,72441,20804500,1648666120.0
2021-10-20,VALE3,78.37,78.37,76.28,76.41,83079,27576600,2122231609.0
2021-10-21,VALE3,74.5,75.16,72.95,75.16,98693,37556500,2783080600.0
2021-10-22,VALE3,74.67,77.1,74.64,76.08,17154,35142600,2681703231.0
2021-10-25,VALE3,77.2,77.57,76.37,77.0,62237,17950000,1380724043.0
2021-10-26,VALE3,77.01,77.07,76.07,76.18,49145,16674100,1275844236.0
2021-10-27,VALE3,75.98,76.73,74.45,74.45,62465,20087300,1518815197.0
2021-10-28,VALE3,74.45,74.68,73.55,73.7,60512,22719000,1681827629.0
2021-10-29,VALE3,73.02,73.16,71.02,71.61,78086,30268500,2180003425.0
2021-11-01,VALE3,72.0,72.86,71.15,72.32,54386,19649600,1416683698.0
2021-11-03,VALE3,70.6,70.9,66.61,66.83,45308,77316900,5251022664.0
2021-11-04,VALE3,66.89,67.62,65.62,66.07,80801,30122100,1997128323.0
2021-11-05,VALE3,66.43,66.66,64.0,64.11,5200,35954600,2324604975.0
2021-11-08,VALE3,64.4,68.15,64.33,67.6,82674,27722000,1852197905.0
2021-11-09,VALE3,67.25,67.3,65.23,65.94,63370,20961500,1384566542.0
2021-11-10,VALE3,64.61,66.28,64.4,65.69,59394,22492600,1472973161.0
2021-11-11,VALE3,68.46,69.26,67.6,68.01,81315,28795100,1969625859.0
2021-11-12,VALE3,67.18,69.59,67.01,68.3,67827,24542500,1682834774.0
2021-11-16,VALE3,68.0,68.07,66.19,66.33,53752,17207900,1149578586.0
2021-11-17,VALE3,66.99,67.71,65.0,65.0,59986,25487600,1681884693.0
2021-11-18,VALE3,64.21,64.65,61.85,62.33,4878,51343900,3224038065.0
2021-11-19,VALE3,63.27,64.8,62.81,64.03,66716,26849500,1717664671.0
2021-11-22,VALE3,65.55,69.02,65.15,67.59,97636,44693500,3027526267.0
2021-11-23,VALE3,70.61,71.97,69.21,69.37,89333,30391600,2132403047.0
2021-11-24,VALE3,70.11,70.98,69.51,70.98,60426,20764100,1462072285.0
2021-11-25,VALE3,71.29,71.29,69.8,70.5,52869,17199200,1209203416.0
2021-11-26,VALE3,67.5,69.36,67.5,68.64,67247,22664200,1546845731.0
2021-11-29,VALE3,70.28,70.6,69.16,69.5,68404,18164000,1267518433.0
2021-11-30,VALE3,69.0,71.47,68.69,69.95,99065,42668700,2978930384.0
2021-12-01,VALE3,71.3,71.95,69.97,70.23,80962,28194700,2001717637.0
2021-12-02,VALE3,70.97,73.56,70.11,73.49,76102,24888400,1798075260.0
2021-12-03,VALE3,73.09,74.34,71.0,71.87,91116,34451500,2485819340.0
2021-12-06,VALE3,72.87,75.99,71.96,75.77,74546,28848800,2155191182.0
2021-12-07,VALE3,78.28,79.81,76.1,76.33,97247,37125100,2884479162.0
2021-12-08,VALE3,76.99,76.99,74.98,75.76,71409,24281000,1839107918.0
2021-12-09,VALE3,74.89,75.95,74.45,75.18,50785,16925200,1272486190.0
2021-12-10,VALE3,75.5,76.2,74.84,75.65,57809,16827100,1269014654.0
2021-12-13,VALE3,77.5,78.73,77.39,77.86,82614,31699100,2475941571.0
2021-12-14,VALE3,78.52,78.89,77.23,77.85,66772,21063500,1644633843.0
2021-12-15,VALE3,78.08,78.18,76.2,77.41,74844,22112200,1705418124.0
2021-12-16,VALE3,79.0,80.46,78.46,80.44,93074,30125700,2400807717.0
2021-12-17,VALE3,79.9,80.67,79.07,79.17,87503,39631800,3148579121.0
2021-12-20,VALE3,78.0,78.9,77.28,78.28,65575,19195400,1499868115.0
2021-12-21,VALE3,79.8,80.39,79.15,80.34,58829,19590300,1564221319.0
2021-12-22,VALE3,79.89,80.15,78.58,79.92,51684,18655600,1484995654.0
2021-12-23,VALE3,79.95,80.06,78.8,79.15,38100,13121200,1041248109.0
2021-12-27,VALE3,78.87,79.45,78.26,78.95,41718,11371400,897996902.0
2021-12-28,VALE3,78.51,78.53,76.57,76.8,68568,18923700,1458896743.0
2021-12-29,VALE3,76.38,77.98,76.35,77.25,45876,12113500,936898903.0
2021-12-30,VALE3,77.99,78.98,77.61,77.96,56646,26568500,2079147660.0
2022-01-03,VALE3,79.0,79.97,78.0,78.0,74000,18557200,1461746493.0
2022-01-04,VALE3,78.51,79.07,76.9,77.08,64998,18178700,1411613046.0
2022-01-05,VALE3,77.37,78.68,77.13,77.81,70951,22039000,1716007602.0
2022-01-06,VALE3,78.64,80.35,78.31,79.38,69455,22044100,1755365619.0
2022-01-07,VALE3,80.4,84.0,79.79,84.0,91988,35213100,2893194149.0
2022-01-10,VALE3,82.49,84.27,82.3,83.0,80858,25056700,2083872689.0
2022-01-11,VALE3,83.48,85.15,83.31,84.58,77435,28418800,2398344526.0
2022-01-12,VALE3,86.49,86.58,84.93,85.5,86852,27335400,2343640024.0
2022-01-13,VALE3,84.84,85.23,83.7,84.2,65735,23154200,1953844601.0
2022-01-14,VALE3,83.72,84.93,82.91,84.69,65238,21183400,1779526167.0
2022-01-17,VALE3,84.0,84.6,84.0,84.25,36709,9688500,816637603.0
2022-01-18,VALE3,84.58,86.88,84.48,86.31,74586,24080200,2073114513.0
2022-01-19,VALE3,88.48,89.0,87.88,88.21,91914,29332500,2590272918.0
2022-01-20,VALE3,88.8,88.97,86.64,86.71,71741,22748800,1993928950.0
2022-01-21,VALE3,86.47,86.73,84.34,84.91,83402,33210000,2830005220.0
2022-01-24,VALE3,83.7,83.96,82.08,83.87,94360,29040100,2412433881.0
2022-01-25,VALE3,84.06,85.05,83.05,84.06,68318,22490500,1888917451.0
2022-01-26,VALE3,85.9,86.56,83.82,84.3,78289,25806800,2197484142.0
2022-01-27,VALE3,85.0,85.46,83.27,84.49,55693,20994900,1771974153.0
2022-01-28,VALE3,85.58,86.35,82.83,83.66,79945,28453000,2400117598.0
2022-01-31,VALE3,82.94,82.94,80.87,80.87,81046,31397700,2557570964.0
2022-02-01,VALE3,81.5,85.33,81.37,85.31,74981,24131300,2022961977.0
2022-02-02,VALE3,85.5,86.29,84.72,85.79,56549,17489000,1497684678.0
2022-02-03,VALE3,86.3,86.78,85.32,85.75,57873,19179400,1649650039.0
2022-02-04,VALE3,85.75,88.17,85.55,87.98,61188,24535400,2139338183.0
2022-02-07,VALE3,88.15,90.24,88.15,90.13,72138,24915800,2231940527.0
2022-02-08,VALE3,90.45,91.48,89.5,91.39,75172,26598600,2413957066.0
2022-02-09,VALE3,90.0,91.8,89.33,91.41,80478,24815300,2256606665.0
2022-02-10,VALE3,92.45,94.48,92.03,93.87,625,47888900,4477396403.0
2022-02-11,VALE3,93.36,93.4,91.6,91.97,92235,34555300,3193244608.0
2022-02-14,VALE3,91.11,92.17,90.82,91.57,62297,22804400,2083722487.0
2022-02-15,VALE3,89.02,89.94,87.7,88.85,85651,29624900,2633109041.0
2022-02-16,VALE3,89.44,90.62,89.1,89.5,58373,20774700,1864467120.0
2022-02-17,VALE3,88.85,89.0,85.37,85.65,84583,36259300,3139570949.0
2022-02-18,VALE3,86.44,87.03,85.43,85.83,55924,22699300,1952802915.0
2022-02-21,VALE3,86.6,87.99,85.5,85.9,44717,14561000,1267630502.0
2022-02-22,VALE3,86.69,87.4,85.8,87.39,51348,23591200,2048499437.0
2022-02-23,VALE3,88.09,88.34,85.55,86.47,64615,24413800,2112888555.0
2022-02-24,VALE3,84.62,88.04,83.73,87.54,84752,37212500,3189273261.0
2022-02-25,VALE3,86.52,92.41,85.1,92.28,7555,51028300,4580107303.0
2022-03-02,VALE3,98.97,99.7,97.06,99.65,3644,42191500,4162106797.0
2022-03-03,VALE3,100.2,101.26,99.5,99.7,4478,38621400,3875004070.0
2022-03-04,VALE3,98.68,102.09,98.12,101.97,87610,30533200,3070046530.0
2022-03-07,VALE3,104.44,105.9,103.87,105.07,34250,55305300,5806541327.0
2022-03-08,VALE3,106.99,107.11,99.72,100.46,31103,53060200,5422988564.0
2022-03-09,VALE3,95.79,95.8,92.56,94.19,27173,41051200,3848973829.0
2022-03-10,VALE3,94.5,97.3,94.08,97.3,97109,33107000,3175864571.0
2022-03-11,VALE3,97.43,98.41,96.76,96.79,80488,24321500,2374339177.0
2022-03-14,VALE3,94.98,95.2,91.25,91.6,96225,37172800,3431274344.0
2022-03-15,VALE3,88.99,89.58,87.28,88.97,15917,47128500,4175584223.0
2022-03-16,VALE3,91.89,93.88,89.31,91.13,4922,37906100,3455468976.0
2022-03-17,VALE3,92.9,94.98,92.56,94.3,3378,40663500,3820752480.0
2022-03-18,VALE3,95.41,96.09,93.8,96.09,91905,46084600,4403258036.0
2022-03-21,VALE3,97.33,99.43,97.15,98.81,86146,25374600,2499913639.0
2022-03-22,VALE3,98.51,98.96,96.19,96.6,5859,29489800,2858274469.0
2022-03-23,VALE3,97.5,98.94,96.29,96.39,87881,26309600,2559611040.0
2022-03-24,VALE3,96.2,97.6,95.31,96.91,82620,23122800,2235507995.0
2022-03-25,VALE3,97.7,98.3,94.3,95.23,74888,22505500,2152499365.0
2022-03-28,VALE3,95.7,96.34,93.61,95.34,56830,16274200,1548531700.0
2022-03-29,VALE3,95.34,95.66,93.4,94.52,72370,38228800,3621321167.0
2022-03-30,VALE3,96.32,97.11,95.27,95.87,67259,22007500,2113070524.0
2022-03-31,VALE3,96.42,96.89,95.36,95.6,46741,17981400,1725426575.0
2022-04-01,VALE3,96.78,97.5,96.07,96.96,69402,22457700,2176331937.0
2022-04-04,VALE3,96.77,98.25,96.55,97.94,48823,16914000,1654729485.0
2022-04-05,VALE3,97.36,97.78,94.82,95.11,71803,25764400,2481391471.0
2022-04-06,VALE3,95.33,96.72,95.33,96.55,76495,22615800,2176732752.0
2022-04-07,VALE3,95.5,97.69,95.14,97.13,62186,19946600,1926507809.0
2022-04-08,VALE3,96.64,97.4,94.62,95.15,70595,26887400,2570939002.0
2022-04-11,VALE3,93.81,94.71,92.92,94.0,54471,16515800,1553177631.0
2022-04-12,VALE3,95.1,95.61,93.24,93.37,47615,16822600,1587017095.0
2022-04-13,VALE3,93.49,94.38,92.81,93.4,63049,23674700,2213040072.0
2022-04-14,VALE3,93.31,94.0,91.36,92.09,49437,24980700,2304078903.0
2022-04-18,VALE3,91.61,92.0,90.01,90.57,42720,14812600,1344417904.0
2022-04-19,VALE3,89.69,89.69,86.84,87.68,97219,34550900,3036460254.0
2022-04-20,VALE3,86.61,86.67,84.4,85.4,79006,29635700,2525618640.0
2022-04-22,VALE3,83.25,83.4,80.08,80.45,534,39058200,3187947338.0
2022-04-25,VALE3,77.94,79.61,77.54,79.08,91943,38943700,3055693718.0
2022-04-26,VALE3,79.08,79.32,77.85,78.0,99850,37069400,2914874526.0
2022-04-27,VALE3,80.46,82.7,80.15,82.17,8663,49408800,4036127353.0
2022-04-28,VALE3,85.02,85.55,80.83,84.2,19594,56032800,4686048700.0
2022-04-29,VALE3,86.18,87.2,83.29,83.29,5838,47492200,4041578740.0
2022-05-02,VALE3,83.16,83.2,80.64,82.92,1764,31473600,2578434660.0
2022-05-03,VALE3,82.95,84.21,82.19,82.5,69778,27364600,2275862991.0
2022-05-04,VALE3,81.93,82.18,79.85,81.81,82617,34032200,2754028432.0
2022-05-05,VALE3,81.55,83.2,79.08,80.33,92401,30906600,2485232692.0
2022-05-06,VALE3,79.2,80.9,78.25,79.76,76105,25204100,2007469278.0
2022-05-09,VALE3,77.53,77.98,76.08,76.49,92895,37050200,2849183030.0
2022-05-10,VALE3,76.27,76.94,74.87,75.54,86294,31905000,2414772501.0
2022-05-11,VALE3,77.37,79.89,77.12,78.69,89588,33933400,2674129618.0
2022-05-12,VALE3,77.05,77.9,75.87,77.9,72330,27737200,2140115195.0
2022-05-13,VALE3,78.42,79.35,77.8,77.81,64840,26086800,2046792952.0
2022-05-16,VALE3,78.68,80.64,78.52,80.14,65040,23828800,1906349218.0
2022-05-17,VALE3,81.85,81.92,78.86,79.8,83346,29305300,2345826557.0
2022-05-18,VALE3,78.71,79.25,77.42,77.78,80295,30631700,2388300849.0
2022-05-19,VALE3,77.78,80.38,77.47,79.85,68019,29984300,2386571056.0
2022-05-20,VALE3,82.01,82.46,80.58,81.26,86743,38372000,3124361775.0
2022-05-23,VALE3,82.3,83.65,82.27,82.92,77330,27632800,2296447837.0
2022-05-24,VALE3,81.82,84.09,81.0,84.04,85995,35176800,2911819029.0
2022-05-25,VALE3,84.0,84.8,83.41,84.3,58142,24607700,2073847773.0
2022-05-26,VALE3,84.16,84.65,83.1,84.25,71010,27450600,2308303744.0
2022-05-27,VALE3,84.9,85.88,84.7,85.72,51730,19834500,1694978526.0
2022-05-30,VALE3,86.28,87.41,86.01,86.65,43703,16147900,1401784497.0
2022-05-31,VALE3,87.22,87.43,85.01,86.21,64776,41369800,3560284923.0
2022-06-01,VALE3,86.19,88.78,86.0,88.24,66515,26258900,2302500226.0
2022-06-02,VALE3,90.0,90.28,89.0,89.9,67898,25142400,2257926592.0
2022-06-03,VALE3,89.5,89.82,88.36,88.46,48209,18431900,1639061435.0
2022-06-06,VALE3,89.64,89.79,88.55,88.55,37758,14932800,1331122555.0
2022-06-07,VALE3,88.24,90.89,88.11,90.62,61403,27004800,2437634659.0
2022-06-08,VALE3,89.78,90.33,86.85,87.5,65289,26959100,2382843315.0
2022-06-09,VALE3,87.0,87.0,84.45,84.54,82185,36291100,3088870005.0
2022-06-10,VALE3,83.37,84.99,82.38,84.56,78728,28689500,2407542649.0
2022-06-13,VALE3,82.1,82.87,80.1,81.88,94732,31050500,2533439890.0
2022-06-14,VALE3,82.33,82.8,80.89,81.72,66868,22634500,1844557300.0
2022-06-15,VALE3,82.1,83.77,81.54,81.67,84535,33610300,2772642950.0
2022-06-17,VALE3,79.35,79.35,76.11,77.41,16671,56914600,4404173698.0
2022-06-20,VALE3,75.6,76.18,74.25,75.5,70854,26725700,2016037970.0
2022-06-21,VALE3,76.8,77.64,75.76,76.0,70502,20981000,1608384474.0
2022-06-22,VALE3,74.0,76.05,73.38,75.35,71167,32228300,2411479614.0
2022-06-23,VALE3,76.44,77.31,72.43,72.6,83240,31943300,2362386413.0
2022-06-24,VALE3,72.78,74.88,72.6,74.62,77231,22394300,1657769362.0
2022-06-27,VALE3,76.5,78.97,76.06,78.05,74407,28825700,2241650629.0
2022-06-28,VALE3,80.0,80.23,78.78,79.45,74655,26052000,2068886427.0
2022-06-29,VALE3,79.61,80.09,78.04,78.79,46582,18636600,1472176688.0
2022-06-30,VALE3,76.99,78.05,76.17,76.56,85256,27471300,2110396282.0
2022-07-01,VALE3,75.52,76.53,73.8,75.1,80004,26721000,2000961979.0
2022-07-04,VALE3,74.0,75.01,73.58,74.67,39648,12474200,928259428.0
2022-07-05,VALE3,74.34,74.42,72.57,74.3,79237,26472200,1945015586.0
2022-07-06,VALE3,74.65,75.45,73.54,75.0,61161,23138800,1725765344.0
2022-07-07,VALE3,77.26,78.22,76.88,77.18,80313,34251200,2655786050.0
2022-07-08,VALE3,76.83,77.86,75.3,75.4,65024,24149200,1839112252.0
2022-07-11,VALE3,74.15,74.16,72.56,72.83,61323,22076800,1612402656.0
2022-07-12,VALE3,72.0,73.17,71.06,73.05,64604,22460000,1626834633.0
2022-07-13,VALE3,72.95,73.64,72.31,72.8,56690,22980800,1675537976.0
2022-07-14,VALE3,70.5,70.83,67.56,67.95,10384,57715800,3958182388.0
2022-07-15,VALE3,67.5,68.49,66.65,68.37,83758,36589000,2478015094.0
2022-07-18,VALE3,70.39,70.39,68.7,68.73,60853,22131300,1538153198.0
2022-07-19,VALE3,68.21,69.27,67.99,68.88,52290,21785500,1496545104.0
2022-07-20,VALE3,68.46,68.48,66.18,67.39,90782,40427400,2712453764.0
2022-07-21,VALE3,67.31,68.62,66.64,68.57,77180,26987300,1834702979.0
2022-07-22,VALE3,69.8,70.75,68.97,69.21,61167,27884000,1947524802.0
2022-07-25,VALE3,70.66,71.23,70.04,70.49,46145,19833200,1398568828.0
2022-07-26,VALE3,71.32,71.42,69.58,70.36,48512,19791500,1390964637.0
2022-07-27,VALE3,69.97,70.62,69.31,70.52,51345,21666900,1517129000.0
2022-07-28,VALE3,71.46,71.97,70.31,70.69,54312,21778700,1547746302.0
2022-07-29,VALE3,69.67,70.32,68.03,69.75,95873,77006600,5354088615.0
2022-08-01,VALE3,68.94,69.85,67.93,68.08,72100,38874000,2667027544.0
2022-08-02,VALE3,68.33,70.47,66.98,70.25,77404,32636900,2256718355.0
2022-08-03,VALE3,70.06,70.15,67.52,67.52,70203,31934600,2185458771.0
2022-08-04,VALE3,67.67,68.05,66.82,67.13,86699,40540800,2733035650.0
2022-08-05,VALE3,67.89,68.75,67.5,68.0,71378,36129300,2459783992.0
2022-08-08,VALE3,68.83,69.14,67.76,68.58,56367,35705300,2440445147.0
2022-08-09,VALE3,68.59,70.16,68.15,70.0,58726,35174600,2441421445.0
2022-08-10,VALE3,70.73,70.81,69.12,70.05,73753,30202200,2108703130.0
2022-08-11,VALE3,70.8,73.65,70.55,72.49,515,51158600,3714375520.0
2022-08-12,VALE3,68.78,69.8,68.3,69.8,64614,35608400,2462875377.0
2022-08-15,VALE3,68.0,68.55,67.04,68.3,59920,26735800,1817790112.0
2022-08-16,VALE3,69.5,70.35,69.11,69.95,52540,22070200,1539944670.0
2022-08-17,VALE3,68.32,68.8,67.89,68.23,67295,29131700,1990029228.0
2022-08-18,VALE3,68.3,68.61,67.71,67.72,47500,27692000,1886576188.0
2022-08-19,VALE3,67.0,67.44,66.48,66.96,60639,45903800,3070960649.0
2022-08-22,VALE3,66.8,66.91,65.83,65.98,44806,19335700,1282739242.0
2022-08-23,VALE3,66.78,70.3,66.65,70.21,75011,37223500,2576650609.0
2022-08-24,VALE3,69.78,70.25,67.81,67.95,60240,28773800,1979638797.0
2022-08-25,VALE3,68.9,69.43,68.25,69.27,64043,24956700,1719185823.0
2022-08-26,VALE3,69.65,71.2,68.23,68.23,70793,28510100,1979306540.0
2022-08-29,VALE3,67.5,67.9,66.85,66.91,56760,22128100,1489217558.0
2022-08-30,VALE3,65.94,66.58,64.4,64.97,71011,34469300,2249438650.0
2022-08-31,VALE3,65.42,65.68,64.5,64.5,57161,33242900,2158670703.0
2022-09-01,VALE3,63.98,63.98,61.9,63.89,88443,40922200,2575998010.0
2022-09-02,VALE3,64.49,64.82,62.92,62.92,81010,49910300,3168664314.0
2022-09-05,VALE3,64.45,66.48,64.23,65.22,50502,24319700,1588909956.0
2022-09-06,VALE3,64.67,65.55,63.59,63.67,60380,24525000,1578398960.0
2022-09-08,VALE3,64.17,64.7,63.56,64.51,62560,24144700,1550231488.0
2022-09-09,VALE3,66.55,69.64,66.24,69.55,27664,49273400,3359595148.0
2022-09-12,VALE3,70.09,70.6,69.26,70.15,63752,24797600,1736694788.0
2022-09-13,VALE3,69.32,71.0,68.09,68.25,70674,29457800,2048565250.0
2022-09-14,VALE3,67.75,68.98,66.47,67.0,76173,31018300,2095005592.0
2022-09-15,VALE3,67.8,68.63,67.18,68.35,80877,36958800,2511197590.0
2022-09-16,VALE3,67.28,68.85,66.59,68.25,88828,65097600,4441343066.0
2022-09-19,VALE3,67.43,70.56,67.33,70.46,79721,34136800,2369280895.0
2022-09-20,VALE3,69.8,70.1,68.4,69.45,72848,35289700,2437011573.0
2022-09-21,VALE3,69.45,69.99,68.41,68.45,72494,44482000,3068790563.0
2022-09-22,VALE3,70.17,70.7,69.28,70.02,83520,34529500,2415778634.0
2022-09-23,VALE3,68.71,69.05,67.83,68.57,74659,44160700,3016693959.0
2022-09-26,VALE3,67.7,69.42,67.64,68.0,77626,34584500,2369759586.0
2022-09-27,VALE3,68.58,68.8,67.19,67.7,74049,31646600,2150321539.0
2022-09-28,VALE3,67.71,68.84,67.44,68.34,59040,24371000,1665554890.0
2022-09-29,VALE3,67.93,68.78,67.35,68.43,70904,34889700,2376157670.0
2022-09-30,VALE3,68.49,72.9,68.26,72.04,7514,55575000,3973699212.0
2022-10-03,VALE3,73.24,74.17,71.13,74.0,2988,42688100,3125371018.0
2022-10-04,VALE3,74.2,76.25,74.06,75.79,85175,41717500,3149105130.0
2022-10-05,VALE3,76.29,77.86,76.12,76.96,99068,42621400,3287425376.0
2022-10-06,VALE3,77.2,77.57,74.92,75.55,83428,76852200,5818708700.0
2022-10-07,VALE3,75.36,79.44,75.16,75.51,61512,83593200,6476271065.0
2022-10-10,VALE3,76.41,77.02,73.48,73.99,88900,45515900,3382072533.0
2022-10-11,VALE3,73.2,74.18,72.03,73.49,85548,33885800,2484743027.0
2022-10-13,VALE3,72.25,72.8,71.05,72.18,71006,32960000,2374064347.0
2022-10-14,VALE3,72.61,73.36,69.6,69.83,82734,34091700,2409717770.0
2022-10-17,VALE3,70.21,71.24,69.26,70.67,75615,25840500,1825278413.0
2022-10-18,VALE3,72.3,72.83,70.74,71.96,62934,27494000,1973641232.0
2022-10-19,VALE3,71.63,72.13,70.58,71.11,58769,22651000,1613673255.0
2022-10-20,VALE3,70.98,73.19,70.32,72.02,86581,37240700,2681972922.0
2022-10-21,VALE3,71.8,74.68,71.44,74.13,7076,36846800,2708625883.0
2022-10-24,VALE3,73.27,73.95,71.18,71.93,87891,32035800,2314881873.0
2022-10-25,VALE3,71.61,73.27,70.92,71.93,67072,28158100,2031875352.0
2022-10-26,VALE3,71.28,74.85,71.12,73.53,8352,40845700,3006828856.0
2022-10-27,VALE3,72.0,72.12,69.43,70.91,34130,52613000,3705253599.0
2022-10-28,VALE3,68.59,69.05,66.65,67.45,51246,52793500,3575700994.0
2022-10-31,VALE3,66.0,69.4,65.52,67.13,20032,39184100,2640282845.0
2022-11-01,VALE3,69.45,70.8,68.95,69.17,14981,42670000,2972650460.0
2022-11-03,VALE3,67.64,67.94,66.58,67.15,91566,34390300,2309153420.0
2022-11-04,VALE3,71.15,73.39,70.8,72.25,49787,61191100,4418424560.0
2022-11-07,VALE3,72.0,73.03,71.44,71.87,76134,29445500,2123349254.0
2022-11-08,VALE3,71.65,74.93,71.65,74.05,7068,39756500,2942761641.0
2022-11-09,VALE3,74.1,74.78,72.52,73.15,90300,42208500,3107519422.0
2022-11-10,VALE3,71.5,75.47,71.38,74.55,24404,47658100,3541966413.0
2022-11-11,VALE3,77.99,82.99,77.21,82.3,2841,80174100,6434074135.0
2022-11-14,VALE3,82.39,84.44,81.38,83.31,4439,43822500,3640204638.0
2022-11-16,VALE3,83.32,84.77,81.54,82.44,28812,32935300,2721680856.0
2022-11-17,VALE3,80.87,83.29,80.74,83.1,95054,31790500,2606935916.0
2022-11-18,VALE3,84.35,84.49,80.7,80.83,94596,44324400,3616036705.0
2022-11-21,VALE3,79.1,80.19,78.28,79.92,76057,27745900,2202320094.0
2022-11-22,VALE3,79.95,81.46,79.39,80.14,73973,27105100,2174836392.0
2022-11-23,VALE3,80.93,81.36,79.94,80.93,75721,22415800,1808622969.0
2022-11-24,VALE3,81.51,82.39,80.61,81.45,42646,12420900,1012722477.0
2022-11-25,VALE3,82.0,82.88,80.68,80.9,69713,20477000,1673690400.0
2022-11-28,VALE3,80.6,82.34,79.52,81.3,55729,16166300,1312910164.0
2022-11-29,VALE3,82.85,85.68,82.62,84.44,14717,42574300,3609055123.0
2022-11-30,VALE3,85.0,86.62,84.76,85.71,98257,59932800,5144833236.0
2022-12-01,VALE3,86.42,86.75,84.73,86.18,88532,34319300,2951304106.0
2022-12-02,VALE3,86.76,87.74,84.97,86.8,84826,30213600,2620147553.0
2022-12-05,VALE3,87.9,88.99,86.68,86.71,85133,21896500,1921878301.0
2022-12-06,VALE3,86.99,88.93,86.88,87.97,62652,21335700,1875287796.0
2022-12-07,VALE3,85.91,86.42,83.86,84.84,8412,45441000,3854194264.0
2022-12-08,VALE3,85.5,87.25,85.35,85.88,71326,29827900,2580693988.0
2022-12-09,VALE3,88.06,89.54,87.53,88.74,88804,37713000,3350232228.0
2022-12-12,VALE3,88.15,88.3,85.38,86.09,1778,34995000,3020528151.0
2022-12-13,VALE3,86.25,87.4,85.63,86.16,2640,31559400,2730863706.0
2022-12-14,VALE3,85.75,87.33,85.5,86.89,94686,34564000,2996218030.0
2022-12-15,VALE3,87.39,88.17,86.89,87.17,80091,24782100,2167747441.0
2022-12-16,VALE3,87.0,87.32,84.51,85.68,85595,37762100,3232625565.0
2022-12-19,VALE3,85.0,85.59,84.24,85.37,69427,27508500,2341451042.0
2022-12-20,VALE3,85.37,87.25,85.31,85.75,70259,22657300,1955922727.0
2022-12-21,VALE3,86.9,87.4,85.8,86.24,85406,39183700,3387000743.0
2022-12-22,VALE3,86.28,86.65,84.69,85.75,66835,19429200,1658974523.0
2022-12-23,VALE3,85.28,86.52,85.08,86.32,50958,18656500,1602632933.0
2022-12-26,VALE3,86.42,87.54,86.33,87.11,34066,18407500,1604684526.0
2022-12-27,VALE3,88.0,89.65,87.47,89.19,72723,26720300,2368586788.0
2022-12-28,VALE3,89.19,90.21,88.7,88.99,70228,23314500,2081064974.0
2022-12-29,VALE3,89.0,89.95,88.83,88.88,52925,40110800,3573893267.0
2023-01-02,VALE3,88.68,89.9,88.53,89.4,41447,12783800,1143137603.0
2023-01-03,VALE3,89.4,90.09,88.89,89.24,74838,25332600,2265047908.0
2023-01-04,VALE3,89.3,89.65,87.94,89.4,71886,26395300,2346038611.0
2023-01-05,VALE3,89.46,91.68,89.0,90.9,68379,29085600,2635650196.0
2023-01-06,VALE3,91.0,92.74,91.0,92.34,75232,31420600,2894857755.0
2023-01-09,VALE3,91.53,92.99,91.25,92.44,59578,19285800,1782778255.0
2023-01-10,VALE3,92.49,93.9,92.34,93.58,58129,19821100,1851953717.0
2023-01-11,VALE3,93.99,94.48,92.26,93.25,62434,23834100,2222630420.0
2023-01-12,VALE3,93.48,94.3,92.94,93.74,51154,18058600,1692242791.0
2023-01-13,VALE3,93.69,94.28,93.36,93.82,41230,16905800,1586533419.0
2023-01-16,VALE3,92.0,92.39,90.83,92.25,49015,19563900,1795008814.0
2023-01-17,VALE3,92.51,93.24,91.83,92.13,53899,18719500,1729675088.0
2023-01-18,VALE3,93.06,94.24,92.91,93.34,48655,16737300,1566014351.0
2023-01-19,VALE3,93.8,94.37,93.32,93.74,50361,21712500,2039627235.0
2023-01-20,VALE3,93.9,94.57,93.5,93.99,48010,27103900,2553158720.0
2023-01-23,VALE3,94.35,94.7,93.7,94.3,35831,13534300,1274937110.0
2023-01-24,VALE3,94.31,95.3,93.2,95.3,46182,17439800,1647493286.0
2023-01-25,VALE3,95.2,96.4,94.77,96.2,56883,18282900,1747376475.0
2023-01-26,VALE3,96.5,98.0,96.39,98.0,56681,26876000,2618100849.0
2023-01-27,VALE3,97.85,98.29,94.83,95.32,70338,34682400,3322096988.0
2023-01-30,VALE3,95.9,96.3,94.19,94.98,60540,23820000,2262857049.0
2023-01-31,VALE3,94.31,94.88,93.85,94.51,57808,20658600,1952926454.0
2023-02-01,VALE3,95.2,95.2,91.59,93.46,84256,28818100,2667175644.0
2023-02-02,VALE3,91.69,91.96,88.86,89.14,96840,37844400,3404878924.0
2023-02-03,VALE3,89.76,90.77,88.69,88.95,63291,22545600,2020000653.0
2023-02-06,VALE3,88.2,88.25,86.66,87.84,56981,17888700,1564268418.0
2023-02-07,VALE3,87.59,88.68,86.99,88.42,49227,16259700,1432763767.0
2023-02-08,VALE3,89.1,89.37,87.6,88.72,47012,14411000,1275318530.0
2023-02-09,VALE3,88.72,89.55,87.47,88.39,60468,19782200,1751325342.0
2023-02-10,VALE3,88.18,88.95,86.36,86.8,57764,18099100,1576512030.0
2023-02-13,VALE3,85.92,87.11,85.3,86.71,49262,13798500,1192130006.0
2023-02-14,VALE3,87.0,87.72,86.53,87.1,48081,20072400,1749715831.0
2023-02-15,VALE3,87.1,89.24,86.56,89.0,70323,28465800,2512077163.0
2023-02-16,VALE3,89.29,90.26,88.9,89.19,76057,28740800,2574569696.0
2023-02-17,VALE3,89.6,89.75,87.54,88.03,80987,26381400,2336897991.0
2023-02-22,VALE3,87.05,88.45,86.57,87.36,46107,16864400,1474198647.0
2023-02-23,VALE3,87.0,88.07,85.55,86.95,54481,21485100,1864505643.0
2023-02-24,VALE3,86.05,86.48,84.65,85.04,54200,17183900,1465082657.0
2023-02-27,VALE3,84.56,85.38,83.65,85.04,50496,14422200,1220265691.0
2023-02-28,VALE3,85.06,86.5,84.34,85.32,52760,21127300,1807145465.0
2023-03-01,VALE3,87.77,89.85,87.5,89.2,96371,30916600,2751333561.0
2023-03-02,VALE3,89.2,90.14,88.42,89.0,59470,21740900,1937563736.0
2023-03-03,VALE3,90.1,90.3,88.81,89.3,53392,19783400,1770524190.0
2023-03-06,VALE3,87.43,87.9,86.12,86.15,74000,27298600,2365109235.0
2023-03-07,VALE3,86.85,87.4,84.8,85.33,54017,20898200,1791349055.0
2023-03-08,VALE3,85.6,86.41,85.4,86.11,53875,22274800,1915486807.0
2023-03-09,VALE3,85.13,86.49,84.82,84.98,57148,24439300,2086934689.0
2023-03-10,VALE3,84.6,86.18,84.27,84.7,61527,21820200,1857632679.0
2023-03-13,VALE3,84.37,86.0,84.05,85.05,71466,23460200,1998143689.0
2023-03-14,VALE3,83.12,84.35,82.9,83.98,53795,18077900,1513895347.0
2023-03-15,VALE3,82.0,83.09,80.1,81.45,96763,34103400,2774140656.0
2023-03-16,VALE3,81.22,82.15,80.71,81.75,68262,20573400,1677912115.0
2023-03-17,VALE3,82.91,83.5,82.63,82.73,54814,39906400,3307558041.0
2023-03-20,VALE3,82.72,83.99,81.81,83.41,54074,19650900,1637734050.0
2023-03-21,VALE3,83.22,83.44,81.54,82.71,45766,15692200,1292121555.0
2023-03-22,VALE3,82.0,82.75,81.61,81.68,53775,18085500,1485137292.0
2023-03-23,VALE3,81.52,82.18,78.81,79.58,69870,26000100,2086755430.0
2023-03-24,VALE3,79.69,79.86,78.09,78.67,72191,27801900,2186131778.0
2023-03-27,VALE3,79.51,80.08,78.03,78.54,44976,14202900,1119096067.0
2023-03-28,VALE3,78.72,79.9,78.59,79.37,40986,13866800,1102102205.0
2023-03-29,VALE3,79.99,80.84,79.84,80.51,45448,17345200,1394377265.0
2023-03-30,VALE3,81.7,81.95,81.15,81.82,45319,14249000,1162238781.0
2023-03-31,VALE3,81.6,82.17,79.91,80.29,55504,22468400,1817205096.0
2023-04-03,VALE3,79.8,80.39,79.41,80.31,47619,13510200,1079206602.0
2023-04-04,VALE3,79.96,80.18,77.75,78.04,58341,20485600,1611504654.0
2023-04-05,VALE3,77.75,77.76,75.9,76.89,58760,25382600,1944426822.0
2023-04-06,VALE3,76.67,77.5,76.28,76.75,43199,13976800,1072594288.0
2023-04-10,VALE3,76.75,78.26,76.7,78.23,39819,13849000,1079183411.0
2023-04-11,VALE3,80.5,82.95,80.06,82.36,84453,34226000,2801667811.0
2023-04-12,VALE3,82.75,82.8,80.29,80.6,68036,32702000,2649244007.0
2023-04-13,VALE3,80.0,80.73,78.97,79.51,57688,21361900,1699138932.0
2023-04-14,VALE3,79.1,79.8,78.0,78.81,60022,22693200,1789307348.0
2023-04-17,VALE3,79.48,80.44,77.45,77.87,55820,21479200,1689979505.0
2023-04-18,VALE3,78.79,78.93,77.66,78.54,51528,15193400,1191369778.0
2023-04-19,VALE3,77.3,77.62,75.02,76.25,86545,31128000,2364491274.0
2023-04-20,VALE3,75.9,76.46,74.53,74.66,66663,31112800,2343119281.0
2023-04-24,VALE3,72.2,72.54,71.59,71.96,72707,29754000,2140887424.0
2023-04-25,VALE3,71.2,71.2,69.71,70.0,83654,31799200,2228607945.0
2023-04-26,VALE3,71.0,71.43,70.27,70.27,56746,25907200,1831620873.0
2023-04-27,VALE3,69.7,71.78,69.18,71.76,73768,31717800,2247607008.0
2023-04-28,VALE3,71.63,72.42,71.06,72.4,47098,33277500,2401332804.0
2023-05-02,VALE3,71.3,71.6,69.32,69.54,74839,37367900,2609617286.0
2023-05-03,VALE3,69.94,70.08,68.86,69.0,57294,19958300,1384077591.0
2023-05-04,VALE3,69.05,69.33,66.71,66.86,87191,35996200,2426315823.0
2023-05-05,VALE3,67.69,69.25,67.23,69.04,62694,27107300,1859293065.0
2023-05-08,VALE3,70.7,71.16,69.85,69.97,60629,24917600,1755647070.0
2023-05-09,VALE3,69.5,70.71,68.68,70.69,45671,18717400,1312376111.0
2023-05-10,VALE3,70.89,71.06,68.69,69.36,50930,24792600,1723361929.0
2023-05-11,VALE3,68.0,68.29,67.36,68.01,57129,27709000,1879857666.0
2023-05-12,VALE3,67.9,68.57,67.41,68.08,47245,17578100,1195505455.0
2023-05-15,VALE3,69.3,70.13,68.92,69.06,45642,21020000,1455279270.0
2023-05-16,VALE3,69.0,69.2,67.6,67.64,60260,23990300,1637136275.0
2023-05-17,VALE3,69.12,70.24,68.81,69.88,78420,30913100,2156243192.0
2023-05-18,VALE3,69.88,70.32,69.12,69.98,60447,23710600,1651535277.0
2023-05-19,VALE3,70.5,70.61,69.13,69.21,63694,33803600,2350452521.0
2023-05-22,VALE3,68.4,68.9,67.77,68.1,53472,18936200,1293332799.0
2023-05-23,VALE3,67.5,67.69,66.51,66.56,66140,39413300,2634118767.0
2023-05-24,VALE3,65.78,65.78,64.82,65.05,72032,33304700,2170347185.0
2023-05-25,VALE3,65.8,65.8,64.78,64.85,62098,36934900,2403414250.0
2023-05-26,VALE3,66.75,67.04,65.91,66.33,61893,38181700,2542137338.0
2023-05-29,VALE3,67.34,67.7,65.74,65.83,41060,17320700,1150941866.0
2023-05-30,VALE3,66.32,66.32,63.87,64.28,80974,39920700,2576373030.0
2023-05-31,VALE3,64.28,64.87,63.51,63.81,64411,103408900,6619016682.0
2023-06-01,VALE3,64.94,65.77,64.15,65.16,95174,51982400,3385642804.0
2023-06-02,VALE3,68.0,68.2,67.37,67.94,89219,39185700,2657023572.0
2023-06-05,VALE3,68.47,68.48,66.63,67.38,48622,21478500,1448718238.0
2023-06-06,VALE3,67.8,68.39,67.4,67.6,73817,31884200,2163525832.0
2023-06-07,VALE3,67.6,68.68,67.4,68.67,59466,27377500,1866577211.0
2023-06-09,VALE3,69.67,69.8,68.25,68.36,70858,30056800,2077981920.0
2023-06-12,VALE3,67.8,67.8,66.7,67.12,58451,26651200,1789480443.0
2023-06-13,VALE3,68.3,68.57,67.61,67.83,82507,34288100,2331851300.0
2023-06-14,VALE3,68.99,69.61,68.49,69.02,99969,53775600,3716785997.0
2023-06-15,VALE3,69.1,69.65,68.36,69.56,83818,31874100,2199802442.0
2023-06-16,VALE3,69.4,70.2,69.21,69.67,62886,39781900,2773400980.0
2023-06-19,VALE3,69.65,69.65,68.68,69.4,35914,14894300,1032396223.0
2023-06-20,VALE3,69.0,69.02,67.31,67.61,75362,35748700,2422254748.0
2023-06-21,VALE3,67.07,67.34,66.72,66.93,72337,27336800,1829503602.0
2023-06-22,VALE3,66.67,67.86,66.3,66.57,60232,21394900,1428679764.0
2023-06-23,VALE3,66.0,66.1,65.3,65.9,68154,23510900,1543457281.0
2023-06-26,VALE3,65.56,66.3,65.32,66.04,42623,15030400,990843806.0
2023-06-27,VALE3,66.9,67.28,66.45,66.83,59215,22737400,1520132406.0
2023-06-28,VALE3,66.78,66.82,64.72,64.72,92043,37628600,2460147899.0
2023-06-29,VALE3,64.72,65.93,64.35,65.51,53161,24888100,1626894319.0
2023-06-30,VALE3,65.71,66.06,64.22,64.22,73048,42992000,2788630089.0
2023-07-03,VALE3,64.71,66.5,64.64,66.23,65061,22738400,1501915733.0
2023-07-04,VALE3,65.84,66.46,65.8,65.9,30986,12573200,830593996.0
2023-07-05,VALE3,65.61,65.86,65.01,65.32,59771,27363600,1789033147.0
2023-07-06,VALE3,64.72,65.59,64.44,64.85,48163,18579200,1205317613.0
2023-07-07,VALE3,64.48,65.6,64.31,65.46,72091,57287600,3716856088.0
2023-07-10,VALE3,64.5,65.19,64.33,64.46,57229,36698500,2376940592.0
2023-07-11,VALE3,65.08,67.01,64.88,66.58,75720,35550200,2346813291.0
2023-07-12,VALE3,68.0,68.08,67.0,67.05,51662,22864300,1542403664.0
2023-07-13,VALE3,68.22,68.8,67.92,68.61,63731,24187200,1656097368.0
2023-07-14,VALE3,69.19,69.29,68.26,68.61,52051,20342500,1399492540.0
2023-07-17,VALE3,68.33,68.33,67.03,67.85,42576,15322300,1037167870.0
2023-07-18,VALE3,67.73,68.27,67.28,67.42,42020,16950600,1147601078.0
2023-07-19,VALE3,67.49,67.97,66.96,67.24,42155,14512600,976697768.0
2023-07-20,VALE3,68.15,68.49,67.35,67.39,66345,20992700,1423046697.0
2023-07-21,VALE3,67.44,68.17,66.98,67.8,54427,24811500,1678232494.0
2023-07-24,VALE3,67.7,70.32,67.51,69.85,66515,30616400,2127016927.0
2023-07-25,VALE3,71.7,72.66,71.62,72.01,77143,31556700,2280507056.0
2023-07-26,VALE3,71.75,72.25,70.75,71.76,43868,19066400,1364429012.0
2023-07-27,VALE3,71.2,71.24,70.09,70.42,55863,28254500,1991454598.0
2023-07-28,VALE3,70.02,70.02,67.63,67.63,21376,45938800,3143603160.0
2023-07-31,VALE3,68.0,69.68,67.84,69.16,68935,26065700,1802359181.0
2023-08-01,VALE3,68.77,68.81,67.9,68.2,60194,30015700,2049091633.0
2023-08-02,VALE3,67.74,67.76,66.9,67.09,7191,29547300,1985211355.0
2023-08-03,VALE3,66.85,67.89,66.49,67.51,94390,35512300,2392356934.0
2023-08-04,VALE3,67.2,68.33,67.16,67.56,67339,22954300,1558093766.0
2023-08-07,VALE3,67.65,68.17,66.88,67.9,62863,23057700,1559918898.0
2023-08-08,VALE3,66.99,68.15,66.09,67.46,74988,43405600,2906738192.0
2023-08-09,VALE3,67.46,67.91,66.63,66.85,46115,21859000,1468493683.0
2023-08-10,VALE3,66.81,67.18,65.94,66.06,50650,28372300,1881052453.0
2023-08-11,VALE3,66.19,66.38,65.23,65.51,61973,42335100,2777235795.0
2023-08-14,VALE3,62.98,63.04,61.9,61.9,84731,41056900,2553666195.0
2023-08-15,VALE3,61.95,61.96,61.14,61.29,66995,28611000,1760182123.0
2023-08-16,VALE3,61.39,61.93,61.0,61.05,75290,30508600,1872168231.0
2023-08-17,VALE3,62.59,62.81,61.72,61.91,73932,39481200,2461508130.0
2023-08-18,VALE3,61.2,62.08,61.02,61.22,68898,34051700,2090389212.0
2023-08-21,VALE3,61.49,61.74,61.02,61.2,43071,17695300,1084606592.0
2023-08-22,VALE3,62.04,62.86,62.03,62.58,55259,30995800,1935723157.0
2023-08-23,VALE3,63.25,63.67,63.04,63.04,42945,19128500,1211171813.0
2023-08-24,VALE3,62.69,62.69,61.83,62.2,32717,17821500,1109070869.0
2023-08-25,VALE3,62.67,62.78,61.9,62.07,27867,11395300,709469874.0
2023-08-28,VALE3,62.43,63.27,62.27,62.96,32982,14173600,892431348.0
2023-08-29,VALE3,63.38,65.03,63.23,64.97,60197,28625700,1844343610.0
2023-08-30,VALE3,65.21,65.87,64.73,64.98,39261,21812600,1421057432.0
2023-08-31,VALE3,65.57,66.17,65.08,65.08,48780,31011100,2030913388.0
2023-09-01,VALE3,66.69,69.0,66.63,68.89,21458,57288600,3896548734.0
2023-09-04,VALE3,69.28,70.05,68.88,69.4,52334,22397800,1557223802.0
2023-09-05,VALE3,68.99,69.51,68.58,69.1,47375,19253500,1331131404.0
2023-09-06,VALE3,69.15,69.59,67.88,68.0,48189,28466500,1948161900.0
2023-09-08,VALE3,66.7,66.84,66.24,66.71,54071,19989200,1330141702.0
2023-09-11,VALE3,68.1,68.18,67.54,67.67,49766,19493800,1323178754.0
2023-09-12,VALE3,68.0,68.26,67.44,67.62,32213,14201300,962084411.0
2023-09-13,VALE3,67.67,67.78,67.15,67.36,46768,15448400,1043318528.0
2023-09-14,VALE3,69.3,70.68,69.05,70.12,559,62390300,4368329882.0
2023-09-15,VALE3,71.0,71.23,69.54,69.54,51092,37797300,2647192749.0
2023-09-18,VALE3,69.54,70.05,68.55,68.72,45595,21849000,1509805815.0
2023-09-19,VALE3,68.67,69.25,68.21,68.85,65415,43870300,3018702893.0
2023-09-20,VALE3,69.28,69.77,69.04,69.31,34477,14372200,997842194.0
2023-09-21,VALE3,68.3,68.46,67.5,67.5,52905,21686000,1471184956.0
2023-09-22,VALE3,68.39,68.87,67.93,68.0,34054,17063700,1167377242.0
2023-09-25,VALE3,67.01,67.03,65.77,66.6,49977,34715000,2305017116.0
2023-09-26,VALE3,65.7,66.26,65.37,65.56,47678,24178800,1588330806.0
2023-09-27,VALE3,66.1,66.19,65.31,65.7,39923,17109300,1124159317.0
2023-09-28,VALE3,66.11,67.04,65.96,66.7,55140,26072300,1736065573.0
2023-09-29,VALE3,67.31,67.65,67.04,67.58,33393,19018000,1281960115.0
2023-10-02,VALE3,67.58,67.72,66.62,66.99,38200,11175900,748389277.0
2023-10-03,VALE3,66.08,66.96,66.07,66.58,39078,15268800,1015392142.0
2023-10-04,VALE3,66.4,66.78,65.53,65.87,33229,14377000,948324302.0
2023-10-05,VALE3,65.87,66.45,65.66,65.9,32503,11556300,763262500.0
2023-10-06,VALE3,65.89,67.45,65.82,66.86,60758,22711400,1516584654.0
2023-10-09,VALE3,65.73,66.38,65.39,66.38,40761,14392200,948932806.0
2023-10-10,VALE3,67.06,67.47,66.7,66.78,38583,18261700,1223336820.0
2023-10-11,VALE3,66.81,67.43,66.69,67.36,33524,13659400,916635622.0
2023-10-13,VALE3,67.2,67.3,66.46,66.59,41973,16302700,1089212629.0
2023-10-16,VALE3,67.4,67.75,67.18,67.3,37361,13103300,884343357.0
2023-10-17,VALE3,67.0,68.05,66.59,67.85,55141,24031000,1622346818.0
2023-10-18,VALE3,67.24,67.3,65.33,65.36,73220,34907300,2299442709.0
2023-10-19,VALE3,65.3,65.65,64.42,64.42,56889,22855500,1484311318.0
2023-10-20,VALE3,63.32,63.47,62.0,62.68,86983,57916800,3633726173.0
2023-10-23,VALE3,62.39,62.93,62.11,62.56,44857,17595000,1101220071.0
2023-10-24,VALE3,64.0,64.27,63.57,63.99,40870,21768800,1392595270.0
2023-10-25,VALE3,64.7,65.18,63.75,63.93,52648,26091800,1680507534.0
2023-10-26,VALE3,63.8,65.37,63.61,65.3,42931,30936700,2003158877.0
2023-10-27,VALE3,65.47,67.76,64.71,67.57,90122,47989100,3212406140.0
2023-10-30,VALE3,68.4,68.89,68.04,68.18,61981,26604100,1823373399.0
2023-10-31,VALE3,67.77,69.24,67.57,69.0,54863,20961400,1443228324.0
2023-11-01,VALE3,69.26,70.7,69.25,70.32,79989,31543500,2216850041.0
2023-11-03,VALE3,71.25,71.61,70.93,71.2,72069,28599600,2039116579.0
2023-11-06,VALE3,71.2,71.8,71.2,71.5,52581,19096300,1367378514.0
2023-11-07,VALE3,70.83,71.1,69.24,70.08,78694,37073000,2603130043.0
2023-11-08,VALE3,70.12,70.86,69.82,70.13,47126,21047900,1478769309.0
2023-11-09,VALE3,70.5,71.14,70.22,70.47,37232,16542700,1168662319.0
2023-11-10,VALE3,71.4,71.73,70.9,71.55,56402,22200500,1585050950.0
2023-11-13,VALE3,72.0,72.49,70.93,71.4,37238,14410500,1029464543.0
2023-11-14,VALE3,72.02,74.3,71.9,73.61,18852,52233600,3839284270.0
2023-11-16,VALE3,73.1,74.34,73.01,74.1,74871,31235400,2303803084.0
2023-11-17,VALE3,74.23,74.65,74.1,74.24,48405,24001500,1784705263.0
2023-11-20,VALE3,75.8,76.65,75.43,76.06,66745,28810100,2193775575.0
2023-11-21,VALE3,77.29,78.55,76.85,77.9,5071,45317800,3528892539.0
2023-11-22,VALE3,75.85,76.07,74.21,74.85,72129,33715300,2528247383.0
2023-11-23,VALE3,74.37,74.62,74.08,74.38,24870,10279200,763985482.0
2023-11-24,VALE3,74.5,74.5,73.4,73.75,42244,16667000,1231063251.0
2023-11-27,VALE3,73.44,73.86,72.9,73.31,41273,17312300,1267978552.0
2023-11-28,VALE3,72.28,73.77,72.16,73.47,45775,22019000,1609724665.0
2023-11-29,VALE3,73.8,74.0,72.71,73.45,34621,15853100,1161013626.0
2023-11-30,VALE3,74.01,74.44,73.72,73.85,48072,29712900,2196435049.0
2023-12-01,VALE3,74.73,75.48,74.42,75.22,49185,25025200,1876236608.0
2023-12-04,VALE3,74.24,74.5,73.04,73.53,63629,22402300,1648851695.0
2023-12-05,VALE3,73.23,73.37,72.53,72.85,47515,25179500,1835276706.0
2023-12-06,VALE3,73.5,73.92,72.12,72.37,42642,20503900,1495868359.0
2023-12-07,VALE3,72.69,73.08,72.42,72.6,32736,17524200,1274950757.0
2023-12-08,VALE3,73.1,73.26,72.33,72.8,31087,16083200,1170939793.0
2023-12-11,VALE3,72.08,73.24,71.76,72.86,34802,15443400,1121729970.0
2023-12-12,VALE3,73.6,73.85,72.6,72.99,33223,11036300,805617270.0
2023-12-13,VALE3,72.5,73.32,72.31,73.0,50225,25288200,1841484330.0
2023-12-14,VALE3,74.0,74.26,73.36,73.4,64399,29442700,2169405422.0
2023-12-15,VALE3,74.06,74.3,73.51,73.86,34398,23139000,1708637436.0
2023-12-18,VALE3,74.06,74.93,73.71,74.21,43181,16333400,1215868505.0
2023-12-19,VALE3,74.7,75.09,74.37,74.73,79886,21763700,1627361249.0
2023-12-20,VALE3,74.73,75.41,74.49,74.49,35708,14147900,1061180870.0
2023-12-21,VALE3,75.45,77.05,75.32,76.97,49830,24202600,1853614455.0
2023-12-22,VALE3,77.13,78.2,76.29,76.39,49671,26277000,2022384077.0
2023-12-26,VALE3,77.16,77.45,76.66,76.66,28488,12149500,936596691.0
2023-12-27,VALE3,76.85,77.55,76.85,77.4,28574,13821200,1067998831.0
2023-12-28,VALE3,77.0,77.46,76.75,77.2,20092,16545800,1277962001.0
2024-01-02,VALE3,77.6,78.18,76.59,77.05,34570,18021800,1394969815.0
2024-01-03,VALE3,76.71,76.9,75.85,76.65,45053,25315100,1937293376.0
2024-01-04,VALE3,76.43,76.64,75.36,75.62,34765,18707000,1419514324.0
2024-01-05,VALE3,75.03,75.05,74.12,74.65,39316,21082500,1572477216.0
2024-01-08,VALE3,73.94,74.56,73.51,74.27,42115,23013300,1702986329.0
2024-01-09,VALE3,74.1,74.16,73.15,73.33,36539,15257400,1119864010.0
2024-01-10,VALE3,72.79,72.79,71.95,72.23,48632,21354600,1543217220.0
2024-01-11,VALE3,72.45,72.91,71.85,72.61,45869,20289100,1469491697.0
2024-01-12,VALE3,72.2,72.7,71.64,71.69,37444,16343400,1176916809.0
2024-01-15,VALE3,71.22,71.7,70.7,71.55,32988,12745700,907420487.0
2024-01-16,VALE3,71.6,71.79,70.26,70.62,51554,22620300,1600149841.0
2024-01-17,VALE3,70.27,70.46,69.0,69.45,74223,43086400,2998807079.0
2024-01-18,VALE3,70.2,70.4,69.0,69.0,54151,30490600,2117557327.0
2024-01-19,VALE3,69.5,69.51,68.05,68.1,64822,60243300,4111996885.0
2024-01-22,VALE3,67.5,67.98,67.11,67.8,46044,23318900,1579189550.0
2024-01-23,VALE3,68.95,69.77,68.45,69.2,60032,33886800,2347979030.0
2024-01-24,VALE3,70.3,70.83,69.75,69.9,58652,36922100,2596947973.0
2024-01-25,VALE3,70.0,70.41,67.36,68.36,76987,47642400,3278740166.0
2024-01-26,VALE3,67.9,69.81,67.5,69.5,55520,27397200,1893152356.0
2024-01-29,VALE3,69.49,69.49,68.23,69.17,36003,15864500,1091516599.0
2024-01-30,VALE3,69.4,69.6,67.89,68.78,61336,34371300,2362195542.0
2024-01-31,VALE3,68.1,68.58,67.76,67.76,58061,34753400,2370173328.0
2024-02-01,VALE3,67.87,68.27,67.15,67.45,46917,21060300,1421358061.0
2024-02-02,VALE3,67.26,67.27,65.91,66.08,63037,32589900,2161996423.0
2024-02-05,VALE3,65.9,66.2,65.35,65.51,49715,24103300,1580973087.0
2024-02-06,VALE3,66.07,66.91,65.78,66.67,46707,27505600,1830242102.0
2024-02-07,VALE3,66.82,67.06,66.5,66.8,40101,19863400,1326634128.0
2024-02-08,VALE3,67.49,67.49,65.97,66.21,45883,25812100,1714899832.0
2024-02-09,VALE3,66.1,66.59,65.38,65.92,38120,18524800,1220855399.0
2024-02-14,VALE3,65.99,66.14,65.51,65.72,37869,12497900,822029380.0
2024-02-15,VALE3,65.5,65.87,65.04,65.51,45583,17360000,1137006715.0
2024-02-16,VALE3,66.49,68.32,66.34,67.68,62651,40732600,2750176295.0
2024-02-19,VALE3,67.04,67.59,66.64,67.49,25565,12571600,844661338.0
2024-02-20,VALE3,66.15,66.36,65.19,66.01,77087,44417200,2920133027.0
2024-02-21,VALE3,65.62,66.63,65.6,66.51,39997,20362800,1350690609.0
2024-02-22,VALE3,66.84,67.8,66.8,67.22,52996,35910500,2414639238.0
2024-02-23,VALE3,68.25,69.07,67.24,67.38,69103,42104500,2866581940.0
2024-02-26,VALE3,66.54,66.55,65.45,65.75,57448,33864400,2227971978.0
2024-02-27,VALE3,66.5,67.67,66.36,67.48,57318,28141800,1888989242.0
2024-02-28,VALE3,66.8,67.22,66.33,66.74,42920,20331500,1356596846.0
2024-02-29,VALE3,66.55,67.48,66.49,66.99,37167,20717000,1388358130.0
2024-03-01,VALE3,66.89,67.06,66.37,66.88,48056,22404100,1493857558.0
2024-03-04,VALE3,66.95,67.2,66.39,66.73,35431,13145000,876755066.0
2024-03-05,VALE3,66.0,66.29,65.6,65.85,59316,24436400,1610695139.0
2024-03-06,VALE3,66.22,67.08,66.17,66.75,51179,33509600,2236433605.0
2024-03-07,VALE3,67.46,67.66,66.46,66.52,36341,19036200,1276144773.0
2024-03-08,VALE3,66.2,66.98,65.9,66.01,47769,23182600,1535010147.0
2024-03-11,VALE3,64.78,64.78,63.72,63.96,1862,58622400,3757239356.0
2024-03-12,VALE3,62.36,62.57,60.66,60.84,83139,44680100,2743373962.0
2024-03-13,VALE3,60.6,61.39,60.29,61.23,66352,32769200,1994962942.0
2024-03-14,VALE3,61.1,61.14,60.17,60.45,60041,30085800,1820218934.0
2024-03-15,VALE3,60.1,60.24,59.36,59.76,58762,57008300,3402214160.0
2024-03-18,VALE3,60.49,61.0,60.01,60.9,41712,21371000,1296729001.0
2024-03-19,VALE3,61.73,62.05,61.3,61.4,37251,16888900,1040639917.0
2024-03-20,VALE3,61.41,61.82,60.92,61.81,36660,18210000,1118482302.0
2024-03-21,VALE3,62.43,62.63,61.59,61.66,35088,18445500,1142181691.0
2024-03-22,VALE3,61.5,61.56,60.93,60.95,21693,11049200,675868422.0
2024-03-25,VALE3,61.02,61.32,60.65,60.82,23692,10478200,637990100.0
2024-03-26,VALE3,60.31,60.52,59.59,60.05,42670,27142700,1628939864.0
2024-03-27,VALE3,59.8,60.67,59.69,60.6,30061,23927000,1445656946.0
2024-03-28,VALE3,60.62,61.09,60.07,60.83,33077,18467000,1118307532.0
2024-04-01,VALE3,61.6,61.9,61.0,61.22,36802,16740100,1026216067.0
2024-04-02,VALE3,61.37,62.47,61.3,61.94,48541,22583000,1399771954.0
2024-04-03,VALE3,61.37,61.64,60.55,61.05,48421,22319900,1359908941.0
2024-04-04,VALE3,60.9,61.29,60.17,60.37,55792,22990500,1395922970.0
2024-04-05,VALE3,60.28,60.48,59.61,59.71,39588,15369700,920283692.0
2024-04-08,VALE3,61.1,63.13,60.8,62.97,13555,40281300,2506688067.0
2024-04-09,VALE3,63.63,63.87,62.01,62.55,64200,37026100,2322150044.0
2024-04-10,VALE3,62.33,62.45,61.43,61.6,44523,21206800,1309620981.0
2024-04-11,VALE3,61.79,62.11,61.33,61.86,32365,16338700,1009369301.0
2024-04-12,VALE3,62.8,63.38,61.41,61.63,58055,25738900,1605679752.0
2024-04-15,VALE3,62.3,62.85,61.96,61.99,56832,28567300,1780866804.0
2024-04-16,VALE3,61.13,61.6,60.7,61.44,66282,29973800,1837390084.0
2024-04-17,VALE3,63.04,63.47,61.96,62.11,70133,34220700,2145092279.0
2024-04-18,VALE3,62.69,62.72,61.91,62.34,46998,19932500,1242654155.0
2024-04-19,VALE3,62.24,63.55,62.09,63.36,46338,32864400,2067140450.0
2024-04-22,VALE3,63.03,63.58,62.3,63.33,49385,27171200,1713772280.0
2024-04-23,VALE3,62.66,63.09,62.01,62.78,42796,23160500,1450723282.0
2024-04-24,VALE3,63.56,64.09,63.15,63.56,51966,25212800,1601737092.0
2024-04-25,VALE3,62.68,63.04,61.91,62.22,49895,27231000,1694922098.0
2024-04-26,VALE3,62.6,63.16,62.35,62.74,28628,15532200,975222977.0
2024-04-29,VALE3,62.88,63.95,62.8,63.9,34636,18487200,1174541255.0
2024-04-30,VALE3,63.5,63.74,62.93,63.29,42427,15597400,986441159.0
2024-05-02,VALE3,63.7,64.25,63.22,63.92,38474,17852900,1139704151.0
2024-05-03,VALE3,64.17,64.42,63.35,63.99,41795,23679700,1511621103.0
2024-05-06,VALE3,64.22,64.7,63.95,64.18,29955,13423600,862672033.0
2024-05-07,VALE3,64.75,65.18,64.3,64.58,42553,21315200,1381049791.0
2024-05-08,VALE3,63.65,64.23,63.59,63.99,35303,18245800,1166858898.0
2024-05-09,VALE3,63.9,64.93,63.78,64.51,50445,19672800,1269565171.0
2024-05-10,VALE3,64.75,64.95,64.16,64.29,23742,13704000,882420870.0
2024-05-13,VALE3,64.7,65.05,64.39,64.67,28920,14504100,938784568.0
2024-05-14,VALE3,64.47,64.75,64.02,64.63,35857,13313500,857188757.0
2024-05-15,VALE3,64.45,64.64,63.46,64.44,44579,21292100,1364378069.0
2024-05-16,VALE3,64.98,65.18,64.41,64.91,36274,16647700,1081145118.0
2024-05-17,VALE3,65.25,66.35,65.17,66.18,48071,32320500,2130274977.0
2024-05-20,VALE3,66.14,66.6,65.72,66.15,40647,22222300,1470276520.0
2024-05-21,VALE3,66.75,67.1,65.9,65.96,31178,23042800,1530123408.0
2024-05-22,VALE3,66.0,66.35,65.08,65.44,38301,17404000,1143832199.0
2024-05-23,VALE3,65.22,65.4,64.58,65.05,29929,16445800,1068828413.0
2024-05-24,VALE3,65.0,65.66,64.9,65.08,26114,11727600,764693336.0
2024-05-27,VALE3,64.91,65.3,64.71,65.3,13598,5119400,333046274.0
2024-05-28,VALE3,65.28,65.29,63.35,63.89,68562,22173900,1421520232.0
2024-05-29,VALE3,63.44,63.73,62.97,63.24,37073,16496900,1044226361.0
2024-05-31,VALE3,62.89,63.45,62.79,63.2,30969,23382600,1476431403.0
2024-06-03,VALE3,62.84,62.85,61.69,61.87,43295,18846500,1169141265.0
2024-06-04,VALE3,61.39,61.4,60.7,61.24,41960,19865100,1212778118.0
2024-06-05,VALE3,61.1,61.18,60.31,60.37,44575,18000800,1091571754.0
2024-06-06,VALE3,60.77,61.33,60.36,61.21,37101,17888300,1090766392.0
2024-06-07,VALE3,60.69,60.87,60.27,60.41,41938,14813500,896325627.0
2024-06-10,VALE3,60.6,61.31,60.4,61.07,34954,14762900,898196621.0
2024-06-11,VALE3,60.4,61.04,59.71,60.98,44680,24588400,1484588176.0
2024-06-12,VALE3,61.16,61.45,59.91,60.14,55994,21969600,1327408064.0
2024-06-13,VALE3,60.32,61.05,60.22,60.83,32042,13692600,832200731.0
2024-06-14,VALE3,60.85,60.88,60.26,60.62,25627,12281800,744150039.0
2024-06-17,VALE3,60.04,60.45,59.84,60.38,28584,13976100,840743254.0
2024-06-18,VALE3,60.35,60.88,60.22,60.66,32628,12239900,742369147.0
2024-06-19,VALE3,60.51,61.08,60.37,60.85,33588,8744100,530865941.0
2024-06-20,VALE3,61.05,61.62,60.82,61.4,72860,19497200,1195740471.0
2024-06-21,VALE3,61.03,61.36,60.74,60.83,48694,39129500,2384256927.0
2024-06-24,VALE3,60.47,61.08,60.4,60.9,29126,13669000,831795096.0
2024-06-25,VALE3,60.99,61.04,60.28,60.65,27657,13962500,846065105.0
2024-06-26,VALE3,61.07,61.58,60.91,61.4,34966,17096700,1047518837.0
2024-06-27,VALE3,61.45,61.56,60.86,61.56,27260,13755300,842722481.0
2024-06-28,VALE3,61.68,62.55,61.64,62.22,47577,22429400,1396168141.0
2024-07-01,VALE3,62.71,63.33,62.6,63.14,42642,20236800,1276072673.0
2024-07-02,VALE3,63.08,63.34,62.46,62.93,36121,24335300,1529660752.0
2024-07-03,VALE3,63.46,64.84,63.45,64.18,70607,29884200,1923266487.0
2024-07-04,VALE3,64.64,64.7,63.83,63.86,21560,7984300,511151408.0
2024-07-05,VALE3,63.3,63.85,63.19,63.6,32084,13138400,835047510.0
2024-07-08,VALE3,63.08,63.24,62.67,63.1,34967,18662500,1174340381.0
2024-07-09,VALE3,62.97,63.23,62.71,63.02,22235,9794400,616767049.0
2024-07-10,VALE3,62.67,62.75,61.84,62.17,46977,17384000,1081312626.0
2024-07-11,VALE3,62.42,62.69,61.84,62.01,34967,13413600,833903832.0
2024-07-12,VALE3,62.07,62.92,61.96,62.92,27131,13141700,822356531.0
2024-07-15,VALE3,62.8,63.18,62.42,62.99,24238,10198000,640847566.0
2024-07-16,VALE3,62.29,62.34,61.37,62.33,49776,22363900,1384192299.0
2024-07-17,VALE3,61.88,62.02,61.58,61.75,44125,23145000,1429368194.0
2024-07-18,VALE3,61.7,61.91,61.06,61.17,44959,20625500,1266549400.0
2024-07-19,VALE3,61.2,61.38,60.44,61.12,35340,20553900,1253279447.0
2024-07-22,VALE3,61.12,61.27,60.73,61.05,33049,13095200,798334469.0
2024-07-23,VALE3,60.6,60.6,60.0,60.23,49320,22512000,1356026395.0
2024-07-24,VALE3,60.26,60.75,60.21,60.6,45417,17817300,1077533407.0
2024-07-25,VALE3,60.5,61.19,60.26,60.57,36824,17959500,1090289250.0
2024-07-26,VALE3,61.45,61.74,61.01,61.47,44665,72721200,4469525368.0
2024-07-29,VALE3,61.69,61.8,61.15,61.58,58855,28005900,1720752338.0
2024-07-30,VALE3,61.03,61.11,60.2,60.22,12016,28562300,1728962289.0
2024-07-31,VALE3,60.91,61.68,60.76,61.63,36109,34433100,2111104121.0
2024-08-01,VALE3,61.85,61.87,60.22,60.25,22593,40469400,2456088814.0
2024-08-02,VALE3,60.64,60.85,59.36,59.41,66236,35288400,2109099499.0
2024-08-05,VALE3,56.31,57.39,55.9,57.02,51105,24635900,1401186590.0
2024-08-06,VALE3,56.74,57.52,56.3,57.31,51879,23930200,1363052481.0
2024-08-07,VALE3,57.31,57.59,57.02,57.2,46776,19243400,1102833299.0
2024-08-08,VALE3,57.03,57.5,56.82,56.85,34823,14584800,832660362.0
2024-08-09,VALE3,57.12,57.16,56.5,57.06,57004,21986700,1249457790.0
2024-08-12,VALE3,57.1,57.11,56.52,56.77,53443,18421500,1045641396.0
2024-08-13,VALE3,56.99,56.99,56.52,56.52,59318,26100900,1478883955.0
2024-08-14,VALE3,55.96,56.09,55.48,56.0,70910,51693500,2884862014.0
2024-08-15,VALE3,55.9,56.36,55.69,56.23,59043,28153700,1579403428.0
2024-08-16,VALE3,55.95,56.09,55.53,56.08,52053,44272700,2477111225.0
2024-08-19,VALE3,56.52,57.52,56.36,56.98,57754,28349600,1620037365.0
2024-08-20,VALE3,57.38,57.59,56.81,57.2,37865,19475800,1112453580.0
2024-08-21,VALE3,58.25,58.56,58.1,58.3,47646,23200300,1353574963.0
2024-08-22,VALE3,58.24,58.38,57.85,58.38,43824,17719100,1030770810.0
2024-08-23,VALE3,58.26,58.38,57.25,57.4,52559,24013400,1389914106.0
2024-08-26,VALE3,58.5,58.55,58.05,58.05,33643,17168700,1000986404.0
2024-08-27,VALE3,59.7,60.14,59.09,59.8,67553,35232600,2104652080.0
2024-08-28,VALE3,59.37,59.5,58.68,59.37,48463,21280300,1258940170.0
2024-08-29,VALE3,59.41,59.97,59.1,59.3,49164,19175500,1140758398.0
2024-08-30,VALE3,59.12,59.73,59.08,59.58,33417,36685200,2182991866.0
2024-09-02,VALE3,58.82,58.88,58.42,58.74,31477,13155000,771176557.0
2024-09-03,VALE3,57.95,57.95,56.47,56.55,49158,29504400,1679818518.0
2024-09-04,VALE3,56.7,57.44,56.47,56.99,37666,19501800,1112032126.0
2024-09-05,VALE3,56.89,57.64,56.73,57.4,33830,16585500,951423674.0
2024-09-06,VALE3,57.5,57.52,56.58,56.68,37183,17907200,1018529525.0
2024-09-09,VALE3,57.11,57.34,56.67,56.68,24378,10204400,581331143.0
2024-09-10,VALE3,56.84,56.9,55.93,56.0,35671,17580600,987087726.0
2024-09-11,VALE3,56.74,57.65,56.71,57.59,47151,25592400,1467040573.0
2024-09-12,VALE3,58.1,58.54,57.96,58.11,29648,17929800,1044476050.0
2024-09-13,VALE3,58.1,59.0,58.03,58.5,28998,15045100,882333348.0
2024-09-16,VALE3,58.43,58.55,58.08,58.5,28201,10548000,615056517.0
2024-09-17,VALE3,58.37,58.55,57.9,58.22,31299,12056600,701432942.0
2024-09-18,VALE3,57.59,58.17,57.45,57.54,43256,14429800,832338126.0
2024-09-19,VALE3,58.57,58.85,58.17,58.23,54040,19328400,1129469064.0
2024-09-20,VALE3,57.71,58.16,56.95,57.35,36588,30808000,1769673322.0
2024-09-23,VALE3,57.09,57.86,56.6,57.53,34970,18164700,1043277047.0
2024-09-24,VALE3,60.21,60.74,59.64,60.34,69451,44910100,2710632167.0
2024-09-25,VALE3,60.72,61.25,60.42,60.61,45468,21557700,1311013431.0
2024-09-26,VALE3,62.6,64.38,62.45,64.25,19589,61449300,3910884125.0
2024-09-27,VALE3,64.7,65.04,63.17,63.96,64033,37237900,2396770398.0
2024-09-30,VALE3,65.32,65.32,63.51,63.51,43766,28980300,1864882244.0
2024-10-01,VALE3,63.5,64.25,63.15,63.82,41872,18091500,1154523336.0
2024-10-02,VALE3,64.42,65.35,63.97,64.17,35190,20310600,1311560160.0
2024-10-03,VALE3,63.63,63.8,62.43,62.94,48592,26675400,1678837775.0
2024-10-04,VALE3,62.92,63.01,62.3,62.48,33875,16267000,1018120694.0
2024-10-07,VALE3,62.9,63.74,62.44,63.03,38081,22467400,1419880088.0
2024-10-08,VALE3,61.01,61.12,60.6,61.12,62388,38028100,2315405673.0
2024-10-09,VALE3,60.67,61.06,60.25,60.96,42897,22758400,1380269179.0
2024-10-10,VALE3,61.45,61.45,60.75,61.25,27917,17192100,1051495097.0
2024-10-11,VALE3,60.99,62.27,60.98,62.13,41746,20933200,1295143445.0
2024-10-14,VALE3,62.32,62.52,61.33,61.93,34360,44954000,2785822508.0
2024-10-15,VALE3,61.1,61.2,60.57,61.17,48942,25559300,1556705819.0
2024-10-16,VALE3,61.93,62.38,61.58,62.34,48778,29731800,1844993217.0
2024-10-17,VALE3,61.02,61.32,60.64,60.76,45150,20345200,1239162778.0
2024-10-18,VALE3,61.19,61.47,60.46,60.55,40006,21799000,1323912830.0
2024-10-21,VALE3,61.35,61.38,60.27,60.33,32264,19044900,1157034337.0
2024-10-22,VALE3,60.15,60.66,59.9,60.41,28029,14814000,891788513.0
2024-10-23,VALE3,59.89,59.9,59.15,59.35,33394,18289900,1088442078.0
2024-10-24,VALE3,59.34,59.7,59.21,59.7,27987,11331700,674492646.0
2024-10-25,VALE3,60.57,62.47,60.52,61.73,75718,38438200,2372514437.0
2024-10-28,VALE3,62.5,62.88,62.19,62.88,27588,16572400,1037829334.0
2024-10-29,VALE3,63.25,63.44,62.65,62.66,26235,14941700,941593015.0
2024-10-30,VALE3,62.5,62.69,62.12,62.47,22559,12263300,765675347.0
2024-10-31,VALE3,62.34,62.59,61.8,62.06,21501,16553300,1027897819.0
2024-11-01,VALE3,62.14,62.44,61.79,62.03,32329,15236400,945799263.0
2024-11-04,VALE3,62.4,62.87,62.12,62.67,29836,12360000,773320278.0
2024-11-05,VALE3,62.95,63.11,61.96,62.12,38659,16368800,1019799446.0
2024-11-06,VALE3,61.3,61.63,60.74,61.42,41140,19726800,1207892554.0
2024-11-07,VALE3,62.02,63.99,62.0,63.56,80708,38173300,2421962052.0
2024-11-08,VALE3,61.99,62.05,59.7,60.63,98874,48215200,2925749222.0
2024-11-11,VALE3,59.75,59.87,58.65,58.65,43727,24483700,1448839628.0
2024-11-12,VALE3,58.58,58.59,57.2,57.32,58944,26967600,1554383087.0
2024-11-13,VALE3,57.32,57.72,57.11,57.16,46585,20354900,1166780611.0
2024-11-14,VALE3,57.16,57.34,56.84,56.84,28219,17927700,1022412773.0
2024-11-18,VALE3,57.09,57.78,56.97,57.55,31130,14300000,821004901.0
2024-11-19,VALE3,57.8,57.98,57.46,57.68,26194,12902100,745089023.0
2024-11-21,VALE3,57.5,57.8,57.21,57.62,33640,15428500,887190251.0
2024-11-22,VALE3,57.44,58.27,57.25,58.18,31751,12580100,728781063.0
2024-11-25,VALE3,58.18,58.56,58.12,58.17,28415,17444500,1016967102.0
2024-11-26,VALE3,58.29,58.49,57.15,57.43,34863,21406600,1232287017.0
2024-11-27,VALE3,57.87,58.42,57.6,58.13,60419,22111200,1284585963.0
2024-11-28,VALE3,57.9,58.8,57.27,57.53,48443,20467000,1189452043.0
2024-11-29,VALE3,58.25,59.21,58.15,58.78,56818,31015300,1822356027.0
2024-12-02,VALE3,58.85,59.38,58.69,58.92,45056,18972100,1120504868.0
2024-12-03,VALE3,59.3,59.36,58.47,58.47,36347,15957500,937980124.0
2024-12-04,VALE3,58.4,58.48,56.96,57.33,50290,25109200,1445624763.0
2024-12-05,VALE3,57.46,57.8,56.87,57.8,31071,14160000,812451046.0
2024-12-06,VALE3,57.47,57.66,56.75,56.81,34173,17846300,1018355672.0
2024-12-09,VALE3,58.5,60.19,58.37,59.83,61695,40440600,2409625528.0
2024-12-10,VALE3,59.74,59.94,59.29,59.77,26428,13089300,780827931.0
2024-12-11,VALE3,59.5,59.59,58.45,58.84,45887,30138500,1773807083.0
2024-12-12,VALE3,57.4,57.68,56.67,56.71,64917,28840800,1643539642.0
2024-12-13,VALE3,56.48,56.71,55.7,55.86,36729,18519100,1037332516.0
2024-12-16,VALE3,55.85,56.54,55.34,55.83,43711,18958500,1060247929.0
2024-12-17,VALE3,55.88,56.4,55.65,56.11,60134,22987600,1290685750.0
2024-12-18,VALE3,55.77,55.87,54.76,54.81,66393,34658200,1911676551.0
2024-12-19,VALE3,55.02,55.17,53.6,53.77,70323,29529900,1596435845.0
2024-12-20,VALE3,53.42,54.62,53.33,54.62,45971,64721400,3517466714.0
2024-12-23,VALE3,54.67,55.23,54.4,54.85,48301,18587700,1019476594.0
2024-12-26,VALE3,54.85,55.4,54.4,55.01,35475,13155800,723506571.0
2024-12-27,VALE3,54.73,55.08,54.46,54.74,38080,16618700,911263577.0
2024-12-30,VALE3,54.9,55.19,54.55,54.55,29681,11250900,615912878.0
2025-01-02,VALE3,54.71,55.1,54.23,54.25,52924,17623900,960890043.0
2025-01-03,VALE3,53.9,54.0,52.88,53.24,58394,23595200,1259091413.0
2025-01-06,VALE3,53.48,53.79,52.48,52.56,48525,21689500,1148126692.0
2025-01-07,VALE3,52.63,52.89,51.94,52.05,46389,22070200,1154893951.0
2025-01-08,VALE3,52.03,52.29,51.43,51.55,53183,24423800,1262068106.0
2025-01-09,VALE3,52.05,52.25,51.14,51.23,37549,15865200,819749495.0
2025-01-10,VALE3,51.54,52.31,51.23,51.52,46329,25833900,1335846460.0
2025-01-13,VALE3,52.0,52.31,50.87,51.51,52360,30845300,1591567206.0
2025-01-14,VALE3,51.95,52.43,51.63,51.85,37129,21359000,1110644393.0
2025-01-15,VALE3,52.14,52.68,51.63,52.6,57350,35137700,1829784180.0
2025-01-16,VALE3,52.29,53.27,52.0,52.67,65020,220262800,11528773785.0
2025-01-17,VALE3,53.15,54.49,52.98,54.49,65733,54658700,2956234442.0
2025-01-20,VALE3,54.22,54.49,53.76,54.29,24903,12317600,666238407.0
2025-01-21,VALE3,54.29,54.32,53.25,54.02,47930,28798700,1548583619.0
2025-01-22,VALE3,54.28,54.29,52.42,52.66,65986,34645400,1843897392.0
2025-01-23,VALE3,52.95,52.99,51.84,52.32,41999,25097300,1311852050.0
2025-01-24,VALE3,52.6,53.19,52.6,53.03,34924,20520600,1086239495.0
2025-01-27,VALE3,52.89,53.98,52.57,53.96,53601,24531300,1314507461.0
2025-01-28,VALE3,53.59,53.78,52.54,52.65,50830,22932900,1213869950.0
2025-01-29,VALE3,52.8,53.51,52.63,52.8,46392,19220300,1020098645.0
2025-01-30,VALE3,53.3,55.6,53.28,55.03,55639,40562400,2217850460.0
2025-01-31,VALE3,54.99,55.21,54.0,54.17,54052,25477600,1388231957.0
2025-02-03,VALE3,53.73,54.28,53.33,54.21,47578,27216400,1467173924.0
2025-02-04,VALE3,54.13,54.71,53.81,54.02,46341,32648700,1766085963.0
2025-02-05,VALE3,53.91,54.46,53.86,54.31,33267,21674700,1175579741.0
2025-02-06,VALE3,55.4,55.64,54.97,55.13,33013,32789000,1811745048.0
2025-02-07,VALE3,55.3,55.78,54.56,54.83,40789,24395500,1341940556.0
2025-02-10,VALE3,54.87,55.4,54.84,55.4,33267,15566300,858087646.0
2025-02-11,VALE3,54.91,55.19,54.39,55.16,33725,18198300,998961824.0
2025-02-12,VALE3,55.01,55.29,54.7,54.79,51726,35432600,1947522878.0
2025-02-13,VALE3,54.85,55.0,54.13,54.86,41631,21749900,1188920278.0
2025-02-14,VALE3,55.22,55.81,55.0,55.67,50666,49803200,2766474577.0
2025-02-17,VALE3,55.64,55.92,55.28,55.37,29510,12391400,689182490.0
2025-02-18,VALE3,55.6,55.97,55.51,55.74,38602,27608200,1539106635.0
2025-02-19,VALE3,55.3,55.73,54.72,55.69,43193,26472500,1464569761.0
2025-02-20,VALE3,56.8,58.16,56.48,57.74,95578,76934000,4409001263.0
2025-02-21,VALE3,57.9,58.16,57.56,58.16,46383,37134700,2152895324.0
2025-02-24,VALE3,58.1,58.57,57.48,57.63,38197,19081700,1104964356.0
2025-02-25,VALE3,57.3,57.44,56.89,57.07,49514,19554800,1116544312.0
2025-02-26,VALE3,57.37,57.69,56.72,56.72,43583,25399100,1451903522.0
2025-02-27,VALE3,56.45,56.99,56.01,56.3,43442,18658000,1052314198.0
2025-02-28,VALE3,55.94,56.14,55.15,55.15,53733,46789400,2588691084.0
2025-03-05,VALE3,56.15,56.22,55.39,55.59,36709,13843400,771902067.0
2025-03-06,VALE3,55.64,56.52,55.55,56.2,50889,17678400,993283215.0
2025-03-07,VALE3,55.98,57.35,55.55,57.02,46136,25480600,1445061135.0
2025-03-10,VALE3,54.23,54.55,53.25,53.99,49798,23626600,1272927170.0
2025-03-11,VALE3,54.08,54.72,53.41,54.44,43696,23060100,1248088510.0
2025-03-12,VALE3,54.5,54.5,53.15,53.76,38476,18825700,1008817972.0
2025-03-13,VALE3,53.88,55.16,53.7,54.5,50894,20584600,1123876286.0
2025-03-14,VALE3,55.2,56.41,55.16,56.29,67109,31782000,1779752655.0
2025-03-17,VALE3,56.29,57.24,56.14,57.1,35322,23191800,1320929091.0
2025-03-18,VALE3,57.2,57.56,56.62,57.52,37217,18165300,1039267349.0
2025-03-19,VALE3,57.35,57.55,56.85,57.42,44829,23211900,1328228051.0
2025-03-20,VALE3,57.04,57.49,56.78,57.24,49177,17283200,989396014.0
2025-03-21,VALE3,56.95,57.45,56.83,57.45,33593,30524100,1749670884.0
2025-03-24,VALE3,57.95,58.24,56.96,57.15,33294,18646500,1070823621.0
2025-03-25,VALE3,57.32,57.75,57.11,57.34,38049,15615800,896767474.0
2025-03-26,VALE3,57.4,58.04,57.39,57.69,42057,29401600,1696900712.0
2025-03-27,VALE3,58.0,58.45,57.61,58.15,27879,15345300,893198288.0
2025-03-28,VALE3,58.1,58.38,57.56,57.56,22626,31137900,1795849469.0
2025-03-31,VALE3,56.72,57.02,56.03,56.7,37663,20469300,1158474173.0
2025-04-01,VALE3,57.1,57.93,56.95,57.19,25337,12354800,710553311.0
2025-04-02,VALE3,57.21,57.3,56.6,56.93,37820,13197700,750348212.0
2025-04-03,VALE3,56.0,56.44,54.76,54.87,62701,32351100,1796753841.0
2025-04-04,VALE3,53.22,53.52,51.6,52.68,65883,45819100,2408136755.0
2025-04-07,VALE3,51.71,53.48,51.17,52.05,62871,35942800,1869918588.0
2025-04-08,VALE3,52.35,52.81,49.02,49.2,85849,46815300,2350737735.0
2025-04-09,VALE3,49.15,52.06,48.77,51.85,3081,56491900,2850710672.0
2025-04-10,VALE3,52.1,53.24,51.46,52.78,59762,38010400,1990218222.0
2025-04-11,VALE3,52.56,54.15,52.56,53.66,38955,22129400,1184878029.0
2025-04-14,VALE3,54.4,54.88,54.19,54.36,40404,19994800,1090958836.0
2025-04-15,VALE3,54.38,54.65,53.53,53.81,35865,17471900,941523665.0
2025-04-16,VALE3,53.52,53.64,52.42,52.56,58001,23105900,1220690502.0
2025-04-17,VALE3,52.78,53.32,52.56,52.88,26681,23142000,1225765134.0
2025-04-22,VALE3,53.16,54.29,52.76,53.82,28152,16780900,900274824.0
2025-04-23,VALE3,54.9,55.35,54.4,54.46,35451,18377400,1007569411.0
2025-04-24,VALE3,54.45,55.67,54.31,55.31,43492,19621700,1084350337.0
2025-04-25,VALE3,54.5,54.62,53.64,53.85,45782,26158800,1413308588.0
2025-04-28,VALE3,53.9,54.18,53.63,54.04,31655,12001900,647707891.0
2025-04-29,VALE3,54.21,54.34,53.84,53.84,26229,11816200,638028402.0
2025-04-30,VALE3,52.6,53.25,52.21,52.86,41598,18774400,992973767.0
2025-05-02,VALE3,53.26,53.56,52.55,52.8,33223,17135800,907618026.0
2025-05-05,VALE3,52.9,53.08,52.73,52.96,20349,12201600,645460124.0
2025-05-06,VALE3,52.99,53.58,52.92,53.0,20609,12065000,641648387.0
2025-05-07,VALE3,53.55,53.55,52.66,52.9,24627,11240100,595313410.0
2025-05-08,VALE3,52.9,53.3,52.67,52.74,29327,15414600,815218055.0
2025-05-09,VALE3,53.0,53.08,52.51,52.95,25657,15544500,820533468.0
2025-05-12,VALE3,54.56,55.2,54.28,54.28,49388,26482400,1447687993.0
2025-05-13,VALE3,54.49,55.43,54.13,55.17,32415,21187200,1165525662.0
2025-05-14,VALE3,55.5,55.69,54.84,54.9,31762,16297800,897602803.0
2025-05-15,VALE3,55.0,55.65,54.84,55.45,23193,13955400,773050279.0
2025-05-16,VALE3,55.2,55.67,54.81,55.49,26061,18155800,1002851522.0
2025-05-19,VALE3,55.0,55.5,54.87,55.34,22412,14475200,800358420.0
2025-05-20,VALE3,55.33,55.53,55.09,55.35,26929,10499200,580993076.0
2025-05-21,VALE3,55.15,55.3,54.44,54.64,25502,14486300,794523074.0
2025-05-22,VALE3,54.62,54.64,53.97,54.23,42721,18476000,1002474886.0
2025-05-23,VALE3,54.0,54.44,53.59,54.32,32342,14745600,798465254.0
2025-05-26,VALE3,53.94,54.09,53.8,54.01,15352,7194500,388190310.0
2025-05-27,VALE3,54.0,54.21,53.62,53.84,35080,17943000,965693642.0
2025-05-28,VALE3,53.74,53.79,53.19,53.41,34562,17700600,945710126.0
2025-05-29,VALE3,53.73,53.88,53.33,53.45,26479,10246100,548330432.0
2025-05-30,VALE3,53.35,53.39,52.05,52.1,45509,28286100,1481680717.0
2025-06-02,VALE3,52.58,52.75,52.26,52.56,26447,19267700,1013255791.0
2025-06-03,VALE3,51.93,52.64,51.87,52.53,27636,12824900,669676143.0
2025-06-04,VALE3,52.62,53.33,52.62,52.77,23153,11714700,620607458.0
2025-06-05,VALE3,53.0,53.66,52.87,52.91,23678,12594000,670875448.0
2025-06-06,VALE3,53.15,53.47,52.71,52.98,26079,16638800,881470027.0
2025-06-09,VALE3,52.89,53.29,52.62,53.29,20609,13029200,691108593.0
2025-06-10,VALE3,53.3,53.87,53.11,53.65,23635,18890600,1013467205.0
2025-06-11,VALE3,53.81,53.81,52.99,53.18,28639,13639700,726406008.0
2025-06-12,VALE3,52.9,53.04,52.47,52.83,20350,11136800,588179345.0
2025-06-13,VALE3,52.07,52.51,51.96,52.13,27110,13259500,692273510.0
2025-06-16,VALE3,52.31,54.05,52.31,53.83,68551,41210000,2212947171.0
2025-06-17,VALE3,53.63,53.89,51.38,51.41,62344,43657300,2273190524.0
2025-06-18,VALE3,51.41,51.73,51.08,51.24,43830,20499000,1054160707.0
2025-06-20,VALE3,51.24,51.28,49.92,49.92,56420,39947100,2004460599.0
2025-06-23,VALE3,50.02,50.55,49.83,50.55,43276,17288800,867431141.0
2025-06-24,VALE3,50.74,50.75,50.14,50.54,32950,18576300,937372942.0
2025-06-25,VALE3,50.25,50.6,49.72,50.48,36912,23319900,1171864215.0
2025-06-26,VALE3,50.84,52.3,50.84,52.0,47536,40488400,2101139514.0
2025-06-27,VALE3,52.19,53.09,51.91,53.0,44980,25993900,1370623764.0
2025-06-30,VALE3,52.79,53.03,52.44,52.65,32853,19961900,1052770976.0
2025-07-01,VALE3,52.6,53.71,52.5,53.36,35066,21844300,1161941246.0
2025-07-02,VALE3,53.81,55.7,53.8,55.3,6944,63100200,3482577160.0
2025-07-03,VALE3,55.5,55.88,54.82,55.04,34868,18256300,1008931746.0
2025-07-04,VALE3,55.03,55.2,54.75,55.2,15355,5449300,300019878.0
2025-07-07,VALE3,55.05,55.18,54.2,54.39,25659,13174500,718607086.0
2025-07-08,VALE3,54.52,55.59,54.36,54.58,36870,26632000,1460606711.0
2025-07-09,VALE3,54.7,54.7,53.75,54.04,26029,12209400,660135336.0
2025-07-10,VALE3,55.34,57.12,55.2,55.28,91575,46597200,2611708913.0
2025-07-11,VALE3,55.2,56.22,55.01,56.0,29732,18309400,1022130918.0
2025-07-14,VALE3,55.86,55.91,54.87,55.36,32167,15141300,837347020.0
2025-07-15,VALE3,54.93,55.36,53.52,53.91,55311,25029100,1351715279.0
2025-07-16,VALE3,54.1,54.52,53.91,54.4,33473,26394100,1432133458.0
2025-07-17,VALE3,54.4,54.79,54.12,54.3,31277,20252800,1102614633.0
2025-07-18,VALE3,54.05,54.78,53.97,54.56,23562,23708600,1292870744.0
2025-07-21,VALE3,55.45,56.82,55.34,56.05,83572,40484000,2273582613.0
2025-07-22,VALE3,56.95,57.97,56.91,57.5,62583,40945900,2353536445.0
2025-07-23,VALE3,57.45,57.9,57.0,57.42,32164,17914800,1028666841.0
2025-07-24,VALE3,56.94,57.29,56.29,56.53,30813,21651200,1225828881.0
2025-07-25,VALE3,56.18,56.28,55.27,55.7,28118,21907500,1216609433.0
2025-07-28,VALE3,54.94,55.32,54.64,55.16,22196,19175100,1054177423.0
2025-07-29,VALE3,55.55,55.7,54.77,54.82,24202,14648700,806890092.0
2025-07-30,VALE3,54.32,54.69,53.33,53.84,43032,35607800,1921923588.0
2025-07-31,VALE3,53.01,53.62,52.37,53.46,27180,20790000,1105602377.0
2025-08-01,VALE3,54.24,54.9,53.57,53.75,49226,40507300,2193961117.0
2025-08-04,VALE3,54.39,54.4,53.81,54.18,23580,16198100,875047834.0
2025-08-05,VALE3,54.17,54.97,54.11,54.11,25391,21037600,1144797588.0
2025-08-06,VALE3,54.51,54.61,53.73,53.77,24146,17954300,970456328.0
2025-08-07,VALE3,54.1,54.49,53.9,54.11,33683,20298800,1100559720.0
2025-08-08,VALE3,54.2,55.7,54.19,55.39,37909,24200700,1336440125.0
2025-08-11,VALE3,55.48,55.99,55.3,55.33,33306,22304000,1237923999.0
2025-08-12,VALE3,55.95,56.17,55.7,55.91,48578,25851300,1446674652.0
2025-08-13,VALE3,54.3,54.5,53.94,54.09,31888,19720000,1069944196.0
2025-08-14,VALE3,53.55,53.61,53.08,53.42,26997,42823200,2282838962.0
2025-08-15,VALE3,53.46,53.58,53.0,53.32,26677,34199300,1820812159.0
2025-08-18,VALE3,53.1,53.71,53.03,53.2,25965,12733400,679050643.0
2025-08-19,VALE3,53.51,53.68,53.0,53.24,28077,17724400,943947674.0
2025-08-20,VALE3,52.9,53.27,52.86,53.0,23227,9687300,513932510.0
2025-08-21,VALE3,53.02,53.53,52.95,53.45,19456,10813800,576032105.0
2025-08-22,VALE3,53.43,54.89,53.31,54.79,33717,20702800,1129533064.0
2025-08-25,VALE3,55.17,55.4,54.74,54.92,18737,10397400,572592145.0
2025-08-26,VALE3,54.82,55.41,54.68,55.41,20575,18891500,1042449207.0
2025-08-27,VALE3,55.22,55.53,55.12,55.38,14403,8789100,486212676.0
2025-08-28,VALE3,56.0,56.19,55.33,55.4,34416,22059500,1229375528.0
2025-08-29,VALE3,55.49,55.83,55.45,55.56,25391,13885400,772611361.0
2025-09-01,VALE3,55.14,55.6,54.81,55.6,13315,7765400,429016795.0
2025-09-02,VALE3,55.11,55.56,55.04,55.39,16767,9578500,529845529.0
2025-09-03,VALE3,55.39,55.82,55.24,55.6,22288,11832100,657204294.0
2025-09-04,VALE3,55.85,56.16,55.55,55.71,16317,8442100,470962993.0
2025-09-05,VALE3,56.2,56.67,56.02,56.22,23757,14012800,789005461.0
2025-09-08,VALE3,56.23,56.62,56.23,56.36,21596,9701900,547550148.0
2025-09-09,VALE3,56.74,57.52,56.05,56.19,41798,24300300,1379324184.0
2025-09-10,VALE3,56.47,57.05,56.28,56.58,25734,13463700,762151121.0
2025-09-11,VALE3,56.45,57.27,56.31,57.02,29895,14107200,804280122.0
2025-09-12,VALE3,56.7,57.43,56.7,57.0,18077,12300400,702537801.0
2025-09-15,VALE3,57.48,57.55,56.98,57.5,20274,12457500,714816110.0
2025-09-16,VALE3,57.77,58.06,57.19,57.7,28271,15618500,900215006.0
2025-09-17,VALE3,57.54,58.02,57.36,57.8,32922,23116700,1333466136.0
2025-09-18,VALE3,57.84,58.08,57.4,57.69,33442,17700400,1021237460.0
2025-09-19,VALE3,57.97,58.19,57.55,57.92,20591,25290900,1464166254.0
2025-09-22,VALE3,57.82,58.44,57.81,58.0,26344,21947300,1275882929.0
2025-09-23,VALE3,58.0,58.39,57.66,57.67,31724,17652400,1023484192.0
2025-09-24,VALE3,57.95,58.14,57.67,57.89,21575,13005700,752963180.0
2025-09-25,VALE3,58.19,58.55,58.04,58.21,24926,13631100,794515943.0
2025-09-26,VALE3,57.74,57.94,56.54,57.09,43486,29031400,1655749995.0
2025-09-29,VALE3,57.5,57.75,57.13,57.28,33166,15580200,894705439.0
2025-09-30,VALE3,57.67,57.78,57.09,57.58,35604,18280700,1050162241.0
2025-10-01,VALE3,57.76,58.67,57.76,58.31,38193,18278300,1065429174.0
2025-10-02,VALE3,58.36,58.86,58.08,58.7,36773,14824500,868529800.0
2025-10-03,VALE3,58.7,59.12,58.5,58.59,28550,19240200,1130751196.0
2025-10-06,VALE3,58.81,59.97,58.8,59.59,40494,26102900,1555213858.0
2025-10-07,VALE3,59.5,59.62,58.75,58.75,30232,26072300,1540330533.0
2025-10-08,VALE3,59.12,59.39,58.89,59.2,31341,24609500,1456662203.0
2025-10-09,VALE3,59.86,60.38,59.11,59.11,33711,18184600,1084140142.0
2025-10-10,VALE3,59.57,59.8,58.87,58.87,34569,22968300,1363364242.0
2025-10-13,VALE3,59.67,60.06,59.55,59.75,38578,23294500,1394539639.0
2025-10-14,VALE3,59.3,60.13,59.22,59.75,31735,19329000,1156766415.0
2025-10-15,VALE3,59.49,60.98,59.46,60.86,47913,45104600,2731823213.0
2025-10-16,VALE3,60.61,60.93,60.07,60.3,33253,21358500,1287979483.0
2025-10-17,VALE3,59.9,60.3,59.8,60.13,17947,17321400,1040493281.0
2025-10-20,VALE3,60.14,61.35,60.14,60.9,31005,17798400,1084549945.0
2025-10-21,VALE3,60.65,61.05,60.57,60.8,19959,13432700,816798391.0
2025-10-22,VALE3,61.21,62.24,61.18,61.88,34380,25267300,1562756213.0
2025-10-23,VALE3,62.22,62.54,61.67,61.76,22219,11217700,695806007.0
2025-10-24,VALE3,61.99,62.13,61.33,61.73,21858,11127200,686286412.0
2025-10-27,VALE3,62.06,62.16,61.4,61.66,28471,12018100,741857656.0
2025-10-28,VALE3,61.66,62.54,61.58,62.2,34117,15797400,982523017.0
2025-10-29,VALE3,62.82,63.69,62.71,63.33,54088,30844900,1952887052.0
2025-10-30,VALE3,63.11,64.0,62.93,63.81,34833,25586000,1628829919.0
2025-10-31,VALE3,64.28,65.55,63.87,65.26,49543,38982400,2528809247.0
2025-11-03,VALE3,65.1,65.39,64.65,65.35,38678,16985400,1107028675.0
2025-11-04,VALE3,64.85,65.01,64.03,64.62,42409,22055700,1423388375.0
2025-11-05,VALE3,64.61,66.17,64.5,65.73,42504,22504300,1477648126.0
2025-11-06,VALE3,65.76,66.05,65.26,65.5,30627,15939100,1046284896.0
2025-11-07,VALE3,64.85,64.86,64.02,64.78,47915,20776200,1339207523.0
2025-11-10,VALE3,65.06,65.54,64.91,65.21,27665,12689400,826805963.0
2025-11-11,VALE3,65.21,65.66,64.76,65.04,44431,25496500,1661138720.0
2025-11-12,VALE3,65.26,65.95,65.26,65.76,50846,26550300,1745751415.0
2025-11-13,VALE3,65.76,66.45,65.31,65.67,39854,19058500,1255292948.0
2025-11-14,VALE3,64.85,65.54,64.61,65.27,31455,16362600,1066255846.0
2025-11-17,VALE3,65.6,65.77,64.91,65.22,31982,20150800,1317222915.0
2025-11-18,VALE3,64.45,65.29,64.3,65.02,37764,22468700,1456873796.0
2025-11-19,VALE3,65.02,65.26,64.7,64.95,33159,16523800,1073069450.0
2025-11-21,VALE3,64.55,65.27,64.13,65.16,39280,20206000,1311600915.0
2025-11-24,VALE3,65.01,65.52,64.78,65.09,33745,20462800,1332994814.0
2025-11-25,VALE3,65.16,65.91,65.16,65.6,34124,18275300,1199118479.0
2025-11-26,VALE3,65.99,66.89,65.92,66.58,41445,33408500,2221768110.0
2025-11-27,VALE3,66.5,66.65,66.14,66.33,13431,9739100,646488544.0
2025-11-28,VALE3,67.7,67.81,67.04,67.4,70413,45988000,3099010708.0
2025-12-01,VALE3,67.8,68.13,67.5,67.92,38058,15657000,1062763423.0
2025-12-02,VALE3,68.1,68.72,67.76,68.48,50887,22567200,1538998544.0
2025-12-03,VALE3,68.86,71.1,68.82,70.69,83007,42361200,2982719159.0
2025-12-04,VALE3,70.7,72.39,70.69,71.92,70904,38019900,2726715671.0
2025-12-05,VALE3,71.96,72.33,69.92,70.22,74118,40175000,2855261264.0
2025-12-08,VALE3,70.42,70.86,69.49,69.74,54518,20860900,1460757455.0
2025-12-09,VALE3,69.1,70.43,68.9,69.78,66256,23081300,1610219444.0
2025-12-10,VALE3,70.25,71.35,70.25,71.06,78436,24454800,1735787002.0
2025-12-11,VALE3,70.74,72.37,70.47,72.0,58886,25687700,1840690800.0
2025-12-12,VALE3,67.75,68.98,67.72,68.61,64574,36479600,2494189956.0
2025-12-15,VALE3,68.65,69.39,68.5,69.03,34251,16841700,1160285555.0
2025-12-16,VALE3,69.33,70.03,69.26,69.29,38375,21952200,1528445402.0
2025-12-17,VALE3,69.64,70.77,69.44,70.17,48656,29375000,2063898479.0
2025-12-18,VALE3,70.6,71.12,70.31,70.35,36460,18430200,1302434157.0
2025-12-19,VALE3,70.5,70.93,70.38,70.85,23818,37018500,2619831131.0
2025-12-22,VALE3,71.03,73.37,70.81,72.92,50353,27853000,2025326289.0
2025-12-23,VALE3,73.23,73.53,72.58,72.9,29009,17140900,1251201195.0
2025-12-26,VALE3,72.86,73.35,72.62,73.12,25723,16368800,1196065454.0
2025-12-29,VALE3,73.19,73.74,71.7,72.12,34127,19963700,1444568364.0
2025-12-30,VALE3,72.5,72.84,71.91,71.96,27861,17085400,1233267162.0
2026-01-02,VALE3,72.33,72.55,71.65,72.38,28378,28418900,2050921717.0
2026-01-05,VALE3,72.4,73.5,72.3,73.12,45242,24958100,1824206423.0
2026-01-06,VALE3,73.45,75.99,72.88,75.87,69610,39536600,2967769173.0
2026-01-07,VALE3,76.1,77.34,75.62,76.32,68813,41501600,3178619450.0
2026-01-08,VALE3,75.8,75.8,74.19,75.58,56317,31894900,2394218240.0
2026-01-09,VALE3,74.9,75.71,74.2,74.72,46984,24801200,1858351601.0
2026-01-12,VALE3,75.0,75.47,74.51,74.74,33004,13129800,984883058.0
2026-01-13,VALE3,74.47,76.05,74.28,75.35,42969,24539200,1852093610.0
2026-01-14,VALE3,75.84,79.09,75.64,78.92,69382,44225300,3439918683.0
2026-01-15,VALE3,78.9,79.64,78.51,78.85,50469,35503900,2807342829.0
2026-01-16,VALE3,78.39,78.88,77.57,78.88,50883,45910100,3596350980.0
2026-01-19,VALE3,78.52,78.65,77.87,78.57,18514,10678500,836909727.0
2026-01-20,VALE3,77.83,80.21,77.41,80.08,45413,31198500,2473741192.0
2026-01-21,VALE3,80.99,82.8,80.5,82.5,17307,83134600,6813628355.0
2026-01-22,VALE3,82.5,84.4,82.08,82.98,96547,62515300,5229101577.0
2026-01-23,VALE3,83.75,85.74,83.69,85.02,61658,25432600,2150618793.0
2026-01-26,VALE3,85.56,86.14,82.18,83.07,75619,35741300,3003202155.0
2026-01-27,VALE3,83.59,86.13,83.35,84.9,60333,30921800,2630901150.0
2026-01-28,VALE3,85.29,87.49,85.0,86.97,64400,28473800,2463477928.0
2026-01-29,VALE3,88.0,89.5,86.81,87.41,82075,42013200,3706576189.0
2026-01-30,VALE3,85.67,87.9,84.0,84.32,80651,41633800,3558635564.0
2026-02-02,VALE3,84.42,85.85,84.04,84.82,48560,22289400,1892415924.0
2026-02-03,VALE3,86.42,89.0,86.42,88.99,65922,37709700,3319773979.0
2026-02-04,VALE3,88.51,89.59,87.55,89.43,69643,51744400,4587714823.0
2026-02-05,VALE3,87.99,88.93,86.24,86.45,70938,57049000,4988416495.0
2026-02-06,VALE3,86.41,87.56,85.2,85.63,55276,28879900,2480517572.0
2026-02-09,VALE3,86.65,87.68,84.63,87.31,56887,26531100,2292667101.0
2026-02-10,VALE3,86.72,87.74,86.25,87.05,27263,14177200,1236020594.0
2026-02-11,VALE3,88.6,90.32,88.48,90.09,60565,28395200,2544387510.0
2026-02-12,VALE3,89.85,91.62,89.08,89.23,70353,51472200,4651964905.0
2026-02-13,VALE3,87.57,88.14,86.02,87.03,61149,28642900,2493201127.0
2026-02-18,VALE3,85.1,85.15,83.56,83.92,38557,20898700,1763329212.0
2026-02-19,VALE3,83.03,84.35,82.33,84.09,50655,29710900,2478403936.0
2026-02-20,VALE3,83.8,86.81,83.42,86.81,58123,40577200,3471520369.0
2026-02-23,VALE3,86.81,88.32,86.42,87.39,41622,21193900,1850921168.0
2026-02-24,VALE3,87.4,88.71,87.4,87.73,54844,19760700,1741536601.0
2026-02-25,VALE3,89.03,90.33,88.51,89.97,44628,28697600,2572715783.0
2026-02-26,VALE3,88.94,89.38,87.04,89.21,47107,24503100,2166986512.0
2026-02-27,VALE3,89.14,89.5,88.26,88.47,27449,17328300,1538463467.0
2026-03-02,VALE3,87.92,89.16,87.29,88.16,36804,13952600,1228083617.0
2026-03-03,VALE3,85.25,85.31,82.55,84.48,66067,36088800,3029300731.0
2026-03-04,VALE3,85.39,85.63,83.58,84.09,43892,17605800,1486111183.0
2026-03-05,VALE3,84.13,84.3,80.55,81.29,66957,37872100,3091372700.0
2026-03-06,VALE3,80.9,81.2,78.4,78.86,54245,29504600,2342745219.0
2026-03-09,VALE3,77.72,80.1,76.55,79.26,56663,30576600,2394108504.0
2026-03-10,VALE3,80.16,80.99,79.67,80.56,36335,17172800,1381851553.0
2026-03-11,VALE3,79.79,80.94,78.8,79.85,43827,20865000,1660164022.0
2026-03-12,VALE3,79.77,79.77,77.66,79.24,53841,29136500,2297018329.0
2026-03-13,VALE3,79.3,80.49,78.02,78.3,36228,14413500,1136482992.0
2026-03-16,VALE3,79.39,80.2,78.81,78.84,36308,13591400,1078350237.0
2026-03-17,VALE3,79.1,79.71,78.63,78.96,35086,14222300,1124502805.0
2026-03-18,VALE3,78.65,78.67,77.05,77.13,40457,19412200,1503498889.0
2026-03-19,VALE3,74.17,76.71,74.06,76.63,61696,27262900,2063286903.0
2026-03-20,VALE3,76.21,76.7,74.71,75.55,36757,44208800,3334513436.0
2026-03-23,VALE3,76.56,78.42,75.97,77.49,44277,23384500,1815411610.0
2026-03-24,VALE3,76.98,78.41,76.56,78.1,32301,15700300,1223414382.0
2026-03-25,VALE3,79.2,80.25,79.0,79.55,36555,18658300,1484160540.0
2026-03-26,VALE3,78.13,79.59,78.01,78.91,29441,13518900,1065859339.0
2026-03-27,VALE3,78.47,79.92,78.17,79.0,23522,11101400,878423566.0
2026-03-30,VALE3,80.25,81.06,79.29,79.5,33219,18776700,1499975285.0
2026-03-31,VALE3,80.74,82.74,80.59,82.48,52090,24956400,2047441331.0
2026-04-01,VALE3,83.31,84.04,82.58,83.0,58301,28514000,2370001615.0
2026-04-02,VALE3,81.51,83.77,81.36,83.55,42003,14019800,1164308707.0
2026-04-06,VALE3,84.04,84.22,82.8,83.09,28814,8680700,722946972.0
2026-04-07,VALE3,83.05,83.7,82.6,83.69,30188,15312500,1275838041.0
2026-04-08,VALE3,86.5,86.72,84.73,85.59,65612,24942400,2134897272.0
2026-04-09,VALE3,85.36,85.54,84.26,84.69,51543,17973100,1523868199.0
2026-04-10,VALE3,85.0,86.39,84.58,85.59,47146,24000900,2055394675.0
2026-04-13,VALE3,85.11,87.36,84.92,87.36,64637,24661900,2135217732.0
2026-04-14,VALE3,87.5,88.54,87.18,88.3,41133,18528400,1632161807.0
2026-04-15,VALE3,88.15,89.08,87.89,88.44,38041,24527300,2170171545.0
2026-04-16,VALE3,88.89,89.39,87.1,87.44,30555,13618900,1196073290.0
2026-04-17,VALE3,88.2,89.75,87.8,89.75,44122,30065600,2680936099.0
2026-04-20,VALE3,88.8,89.44,88.03,88.73,34451,16067700,1426864666.0
2026-04-22,VALE3,87.95,88.73,87.22,87.22,32429,13222100,1159946693.0
2026-04-23,VALE3,86.64,87.17,85.71,85.97,32689,12637500,1090425658.0
2026-04-24,VALE3,85.97,86.99,85.75,85.87,23974,11436400,985624565.0
2026-04-27,VALE3,86.15,86.3,84.89,85.5,21674,8656600,739923482.0
2026-04-28,VALE3,84.7,85.3,84.05,84.39,27697,13687500,1157303953.0
2026-04-29,VALE3,82.8,82.91,79.25,79.44,74919,43296200,3480527606.0
2026-04-30,VALE3,81.03,81.7,80.21,81.18,31779,17593900,1426476417.0
2026-05-04,VALE3,81.18,81.36,78.65,78.66,39621,18555600,1472435875.0
2026-05-05,VALE3,79.42,79.42,77.97,78.39,35054,16295600,1279578318.0
2026-05-06,VALE3,80.35,81.64,80.1,81.23,38346,17424200,1413876866.0
2026-05-07,VALE3,81.29,81.67,79.6,80.07,34335,18912100,1516734607.0
2026-05-08,VALE3,80.57,81.79,80.36,81.49,35161,16781100,1364016445.0
2026-05-11,VALE3,81.39,83.93,81.19,83.45,48090,24868900,2070221905.0
2026-05-12,VALE3,83.15,83.99,81.74,83.25,37961,16503000,1370267851.0
2026-05-13,VALE3,83.49,85.05,83.01,84.3,60080,31641800,2668430424.0
2026-05-14,VALE3,85.0,85.41,82.63,82.87,46338,31954300,2666932291.0
2026-05-15,VALE3,80.65,83.5,80.24,83.5,39057,36294000,2982500429.0
2026-05-18,VALE3,83.0,83.6,81.06,81.83,48510,22668800,1857836165.0
2026-05-19,VALE3,80.8,81.28,80.17,81.02,40021,20334400,1641970230.0
2026-05-20,VALE3,81.45,82.21,80.85,82.0,29124,15669300,1280117908.0
2026-05-21,VALE3,81.36,82.88,81.22,82.63,23376,15156600,1244908615.0
2026-05-22,VALE3,82.33,83.14,81.85,83.1,23659,11443900,946097150.0
2026-05-25,VALE3,82.84,83.59,82.45,83.59,17610,7059500,585376809.0
2026-05-26,VALE3,83.23,84.12,82.3,83.07,24524,10409000,863250628.0
2026-05-27,VALE3,83.68,83.94,82.51,83.45,25228,10613200,883660916.0
2026-05-28,VALE3,83.15,84.05,82.24,83.96,30195,12798900,1069933806.0
2026-05-29,VALE3,84.01,84.28,82.38,82.82,30256,20848900,1731315150.0
2026-06-01,VALE3,82.13,82.25,80.58,81.7,38221,16605900,1350353696.0
2026-06-02,VALE3,82.22,85.08,82.04,85.0,51083,18457400,1556314538.0
2026-06-03,VALE3,83.61,83.79,81.79,81.79,40446,19308800,1588407933.0
2026-06-05,VALE3,80.79,80.79,78.33,78.7,45011,23005500,1821643514.0
2026-06-08,VALE3,78.92,79.28,77.32,78.07,33240,15671500,1222172128.0
2026-06-09,VALE3,78.79,78.79,76.83,78.5,35493,17523500,1366340230.0
2026-06-10,VALE3,77.92,78.15,77.2,77.7,23803,12469100,967365347.0
2026-06-11,VALE3,78.12,79.05,77.1,78.8,34864,17725500,1384259630.0
2026-06-12,VALE3,78.66,79.8,78.13,79.17,27951,12112300,960026266.0
2026-06-15,VALE3,80.78,82.74,80.65,81.16,44609,22329400,1827873904.0
2026-06-16,VALE3,80.74,82.19,80.6,81.44,35848,19713900,1609987883.0
2026-06-17,VALE3,80.35,81.34,79.26,79.78,41088,20268200,1625642881.0
2026-06-18,VALE3,79.5,80.38,78.88,79.94,25533,19651900,1569474596.0
2026-06-19,VALE3,79.68,81.07,79.5,80.75,22933,26296000,2120183474.0
2026-06-22,VALE3,80.55,81.58,80.11,80.91,33157,18089300,1465442438.0
2026-06-23,VALE3,79.47,79.98,78.82,79.38,36834,18415100,1462674827.0
2026-06-24,VALE3,78.56,78.86,77.16,77.73,39851,22558900,1753803837.0
2026-06-25,VALE3,78.2,79.22,77.42,78.66,24220,13882800,1089019679.0
2026-06-26,VALE3,78.18,78.88,77.91,78.15,20509,25251100,1980589972.0
2026-06-29,VALE3,78.35,78.56,77.15,78.13,17849,11791900,916274041.0
2026-06-30,VALE3,78.1,78.29,77.25,77.88,20316,11289500,879460246.0
2026-07-01,VALE3,77.09,78.92,77.04,77.97,22233,15414700,1203194121.0
2026-07-02,VALE3,78.6,79.32,77.72,78.24,18454,17199300,1343899086.0
2026-07-03,VALE3,78.43,79.04,78.01,78.84,15419,7792900,612618921.0
2026-07-06,VALE3,78.29,78.78,77.5,77.79,20095,12389100,965933342.0
2026-07-07,VALE3,77.6,77.6,75.79,76.2,28194,16866100,1287870523.0
2026-07-08,VALE3,75.22,75.22,72.35,72.7,59906,29276700,2143934195.0
2026-07-09,VALE3,73.41,73.49,71.93,73.15,33584,18980500,1383970525.0
2026-07-10,VALE3,74.0,74.66,73.12,74.18,39946,22137600,1642338378.0
2026-07-13,VALE3,74.18,74.18,72.45,72.85,29634,16237900,1186894203.0
2026-07-14,VALE3,73.42,74.69,73.18,74.01,32225,14780100,1094922277.0
2026-07-15,VALE3,73.99,75.0,73.8,74.51,30714,15456000,1150967924.0
2026-07-16,VALE3,73.85,74.08,72.54,72.98,27421,12989700,948594845.0
2026-07-17,VALE3,72.98,73.12,72.1,72.94,21786,13489900,981958396.0
2026-07-20,VALE3,73.0,73.25,71.71,71.93,22673,13137000,946596332.0
2026-07-21,VALE3,72.34,72.97,71.57,72.24,26260,12581400,908122247.0
2026-07-22,VALE3,73.61,75.25,73.34,75.1,50316,17992800,1342745354.0
2026-07-23,VALE3,74.54,77.07,74.51,75.68,33928,15826900,1205055415.0
2026-07-24,VALE3,75.16,75.53,74.84,75.24,21188,8637800,649875435.0
2026-07-27,VALE3,74.36,75.72,74.24,75.69,26874,10921700,820592356.0
2026-07-28,VALE3,76.1,76.25,75.0,75.69,27804,12270800,926662520.0
2026-07-29,VALE3,76.01,76.2,74.61,75.05,25876,12265200,923250742.0
2026-07-30,VALE3,75.98,76.56,74.61,76.09,34245,16732800,1265258437.0
2026-07-31,VALE3,75.7,76.93,75.24,76.28,26634,17353300,1324244961.0
2026-08-03,VALE3,76.38,76.48,73.95,74.64,37095,23582200,1756676763.0
2026-08-04,VALE3,76.11,76.91,75.8,76.31,42286,19784000,1509046643.0
2026-08-05,VALE3,76.31,76.95,75.3,76.66,32193,15107500,1153508559.0
2026-08-06,VALE3,76.49,76.55,75.38,75.39,28814,21991700,1666809207.0
2026-08-07,VALE3,75.91,76.13,74.52,74.97,27362,13038800,980657775.0
2026-08-10,VALE3,74.9,76.33,74.7,75.93,29942,15094700,1142856510.0
2026-08-11,VALE3,76.31,76.7,73.71,74.4,45226,36211800,2702661211.0
2026-08-12,VALE3,73.11,73.54,72.66,73.18,35360,24930300,1823213517.0
2026-08-13,VALE3,72.2,73.2,71.5,71.9,34003,19535200,1408108645.0
2026-08-14,VALE3,71.55,71.98,71.09,71.3,35012,22933800,1638436579.0
2026-08-17,VALE3,71.2,71.8,70.69,71.41,24125,10007400,714610946.0
2026-08-18,VALE3,70.99,72.71,70.85,71.55,31014,12466800,895516279.0
2026-08-19,VALE3,72.6,73.85,71.76,72.13,39041,18624200,1357623681.0
2026-08-20,VALE3,71.49,74.1,71.25,74.02,56666,24999800,1836132116.0
2021-08-20,WEGE3,34.67,36.16,34.51,35.98,35133,9749500,345557407.0
2021-08-23,WEGE3,36.08,36.08,35.27,35.75,23099,6477600,230928613.0
2021-08-24,WEGE3,36.0,36.0,35.42,35.66,20856,7439700,265103921.0
2021-08-25,WEGE3,35.54,36.39,34.94,36.38,26778,7436300,266991158.0
2021-08-26,WEGE3,36.38,36.87,36.07,36.77,31227,9935500,363709833.0
2021-08-27,WEGE3,36.66,37.3,36.48,36.9,19983,7460300,275394559.0
2021-08-30,WEGE3,36.9,36.93,36.14,36.68,24554,5335600,194668726.0
2021-08-31,WEGE3,36.7,36.7,34.98,35.56,39098,15163400,538945960.0
2021-09-01,WEGE3,35.69,36.58,35.01,36.29,34403,8836600,318458333.0
2021-09-02,WEGE3,35.93,36.47,35.5,35.74,30097,8597200,307745279.0
2021-09-03,WEGE3,35.84,36.25,35.37,36.25,26863,13005000,468279664.0
2021-09-06,WEGE3,36.22,37.1,36.0,36.38,20427,7093100,260526081.0
2021-09-08,WEGE3,36.48,37.25,36.22,36.49,53047,15224800,558674551.0
2021-09-09,WEGE3,36.48,39.4,36.45,38.84,55234,18308300,698086470.0
2021-09-10,WEGE3,39.0,39.23,38.24,38.66,33583,9863600,381545245.0
2021-09-13,WEGE3,39.0,39.32,38.33,38.9,30736,7557600,293881440.0
2021-09-14,WEGE3,39.09,39.93,38.85,39.38,28108,6674400,263687471.0
2021-09-15,WEGE3,39.57,40.03,38.9,39.84,32012,9827700,389484784.0
2021-09-16,WEGE3,39.79,40.06,39.1,39.9,21468,6141500,243962908.0
2021-09-17,WEGE3,39.75,39.9,38.78,39.19,25570,11435300,448329081.0
2021-09-20,WEGE3,38.56,39.17,38.05,38.89,29517,7290800,282507749.0
2021-09-21,WEGE3,39.05,40.27,38.91,39.75,32078,8918000,354925504.0
2021-09-22,WEGE3,40.08,41.08,39.32,40.57,31909,9876300,399845694.0
2021-09-23,WEGE3,40.8,41.38,40.71,41.17,23807,7578700,311868996.0
2021-09-24,WEGE3,40.78,41.65,40.11,41.34,28494,6960700,287270462.0
2021-09-27,WEGE3,41.06,41.58,40.3,40.86,22833,6418800,261714923.0
2021-09-28,WEGE3,40.61,41.38,40.32,40.67,27888,7499700,306077961.0
2021-09-29,WEGE3,41.0,41.0,39.51,39.87,24661,7602400,303828162.0
2021-09-30,WEGE3,39.7,39.93,38.91,39.63,27549,7873300,311457293.0
2021-10-01,WEGE3,39.78,40.59,39.26,40.17,23131,5930200,238535968.0
2021-10-04,WEGE3,39.89,39.98,38.3,38.78,29603,9377000,363992786.0
2021-10-05,WEGE3,38.9,38.93,37.4,37.53,26504,7446600,283205899.0
2021-10-06,WEGE3,37.0,37.71,36.37,37.51,27666,7941000,295087237.0
2021-10-07,WEGE3,37.92,38.14,36.97,37.56,23944,6626600,248018111.0
2021-10-08,WEGE3,38.05,38.97,37.88,38.65,31300,7309300,282187494.0
2021-10-11,WEGE3,38.63,39.0,37.85,38.62,20973,5608500,216497370.0
2021-10-13,WEGE3,38.73,40.88,38.72,40.58,35374,10157500,410029518.0
2021-10-14,WEGE3,40.59,41.15,39.88,40.6,22552,5601000,226986274.0
2021-10-15,WEGE3,40.79,40.95,40.02,40.12,21150,4586500,184737378.0
2021-10-18,WEGE3,39.92,40.83,39.6,40.36,23085,5671000,228993643.0
2021-10-19,WEGE3,39.84,39.99,38.85,39.35,25538,5855200,231051243.0
2021-10-20,WEGE3,39.49,40.68,39.01,40.11,29479,7935400,318050747.0
2021-10-21,WEGE3,39.35,40.14,38.41,39.35,36499,10526100,414387837.0
2021-10-22,WEGE3,38.51,39.42,37.4,38.89,59160,12439500,479596550.0
2021-10-25,WEGE3,39.31,40.0,38.91,39.55,31436,7140900,283297080.0
2021-10-26,WEGE3,39.36,39.89,38.89,39.66,36599,8620500,340690826.0
2021-10-27,WEGE3,40.01,40.83,39.13,39.2,36811,9889100,392849390.0
2021-10-28,WEGE3,38.99,39.12,37.52,37.83,32404,8346500,318121499.0
2021-10-29,WEGE3,38.07,38.08,36.78,37.0,25791,6366500,236340470.0
2021-11-01,WEGE3,37.51,37.68,36.6,36.96,20699,5526100,204798834.0
2021-11-03,WEGE3,36.71,38.04,36.45,37.68,35490,9360300,348822484.0
2021-11-04,WEGE3,37.68,37.9,36.92,37.72,20265,5138400,192839710.0
2021-11-05,WEGE3,37.92,38.35,37.52,37.68,21249,4935300,186904259.0
2021-11-08,WEGE3,37.43,37.55,36.97,37.1,22850,4916300,182801040.0
2021-11-09,WEGE3,36.85,37.58,35.82,36.79,24947,6209000,229897791.0
2021-11-10,WEGE3,36.73,37.11,36.17,36.28,21799,6490400,236926864.0
2021-11-11,WEGE3,36.57,37.11,36.43,36.5,23868,6100600,223997255.0
2021-11-12,WEGE3,36.25,36.85,35.64,35.65,22151,6540200,234918500.0
2021-11-16,WEGE3,35.78,36.07,35.26,35.38,23406,6011000,213603980.0
2021-11-17,WEGE3,35.8,36.04,34.9,35.77,25042,6058200,214883498.0
2021-11-18,WEGE3,35.97,36.4,35.59,35.92,19286,4434200,159303392.0
2021-11-19,WEGE3,35.88,36.07,35.51,35.79,18726,4636600,166282979.0
2021-11-22,WEGE3,35.9,36.08,34.51,34.67,23164,5763500,202372697.0
2021-11-23,WEGE3,34.75,34.8,33.52,34.16,40920,8878900,301774811.0
2021-11-24,WEGE3,33.68,34.03,33.37,33.53,31351,6562700,221076900.0
2021-11-25,WEGE3,33.53,34.32,33.42,33.8,23841,4754200,161254859.0
2021-11-26,WEGE3,33.26,33.4,32.19,32.69,26123,6526100,213100443.0
2021-11-29,WEGE3,33.06,33.08,32.4,32.41,28275,5887300,192079893.0
2021-11-30,WEGE3,32.29,32.51,31.58,32.23,38113,18230300,585383806.0
2021-12-01,WEGE3,32.58,33.27,32.39,32.49,39728,10971100,359939370.0
2021-12-02,WEGE3,33.01,33.77,32.16,32.72,33568,8249600,272605995.0
2021-12-03,WEGE3,32.79,33.48,32.4,32.78,31494,8404300,276874816.0
2021-12-06,WEGE3,32.88,33.25,32.76,33.01,21543,6809000,224575790.0
2021-12-07,WEGE3,33.32,34.56,33.25,34.56,29646,12047300,412727993.0
2021-12-08,WEGE3,34.68,36.11,34.21,36.04,33308,11021000,390040184.0
2021-12-09,WEGE3,35.75,37.11,35.33,36.5,36149,16902100,617560859.0
2021-12-10,WEGE3,36.84,37.09,35.65,35.8,26698,5805900,209728029.0
2021-12-13,WEGE3,35.81,36.56,35.43,35.6,20284,7824400,280552177.0
2021-12-14,WEGE3,36.41,36.45,35.12,35.29,17920,5036100,179378135.0
2021-12-15,WEGE3,35.29,35.69,34.82,35.61,23912,5620600,198222564.0
2021-12-16,WEGE3,35.92,36.29,35.32,35.6,20798,6482000,231156838.0
2021-12-17,WEGE3,35.47,35.57,34.62,34.85,19227,8382200,292984767.0
2021-12-20,WEGE3,34.01,34.3,33.48,34.01,21372,4157000,141125191.0
2021-12-21,WEGE3,34.02,34.23,33.71,33.92,13196,3300100,111919071.0
2021-12-22,WEGE3,34.19,34.19,33.36,33.67,10110,2736900,92167254.0
2021-12-23,WEGE3,33.89,33.91,33.17,33.47,9974,2166400,72432180.0
2021-12-27,WEGE3,33.47,33.94,33.1,33.17,13514,4457200,148396504.0
2021-12-28,WEGE3,33.21,33.77,32.94,33.29,14878,3670800,122448070.0
2021-12-29,WEGE3,33.4,33.4,32.45,32.74,14771,3091700,101353294.0
2021-12-30,WEGE3,32.92,33.52,32.73,32.98,14909,4858300,160583424.0
2022-01-03,WEGE3,32.72,33.48,32.02,32.02,26869,5475700,177285594.0
2022-01-04,WEGE3,32.22,32.33,31.75,31.86,21019,4485400,143436910.0
2022-01-05,WEGE3,31.76,31.76,30.1,30.18,33555,8402200,257344730.0
2022-01-06,WEGE3,30.22,30.98,29.96,30.17,29452,6043900,183599089.0
2022-01-07,WEGE3,30.22,30.33,29.3,29.41,27081,6155500,182693357.0
2022-01-10,WEGE3,29.31,29.45,28.31,28.56,34009,7796200,222796057.0
2022-01-11,WEGE3,28.51,29.07,28.13,29.04,30511,7274600,208973819.0
2022-01-12,WEGE3,28.99,30.4,28.69,30.22,44189,10750500,320275980.0
2022-01-13,WEGE3,30.16,30.33,28.95,28.95,28062,12602100,373589794.0
2022-01-14,WEGE3,29.0,30.86,28.73,30.7,33850,12708400,379497869.0
2022-01-17,WEGE3,30.61,30.78,30.03,30.35,24945,5187200,157351740.0
2022-01-18,WEGE3,30.31,30.78,29.89,30.54,27394,9922400,302182244.0
2022-01-19,WEGE3,30.81,31.3,30.45,30.5,23848,6666600,204793952.0
2022-01-20,WEGE3,30.57,31.18,30.34,30.74,19371,6339400,195771054.0
2022-01-21,WEGE3,30.69,30.75,30.12,30.61,23765,6589400,200839154.0
2022-01-24,WEGE3,30.55,30.56,29.33,29.9,40230,10710400,318877810.0
2022-01-25,WEGE3,29.87,30.34,29.62,30.2,30898,7030700,211138825.0
2022-01-26,WEGE3,30.45,31.34,30.26,30.74,38787,12183300,376090866.0
2022-01-27,WEGE3,30.99,32.5,30.75,32.4,31308,10350400,331064378.0
2022-01-28,WEGE3,32.33,32.33,30.96,31.62,29927,9012800,283651100.0
2022-01-31,WEGE3,31.63,32.5,31.43,32.16,22099,7201500,231388188.0
2022-02-01,WEGE3,32.1,32.69,31.77,32.06,17708,4459400,143406452.0
2022-02-02,WEGE3,32.21,32.92,31.66,31.77,19228,4925100,158383149.0
2022-02-03,WEGE3,31.82,32.11,30.87,30.95,16693,5506300,171778644.0
2022-02-04,WEGE3,30.96,30.98,30.44,30.85,14965,5170800,159110492.0
2022-02-07,WEGE3,30.9,31.34,30.52,31.0,14480,5010100,155366951.0
2022-02-08,WEGE3,30.77,30.94,30.05,30.22,19320,6430500,194970196.0
2022-02-09,WEGE3,30.54,30.97,30.27,30.29,17594,5009700,152953045.0
2022-02-10,WEGE3,30.29,30.55,29.62,29.74,31598,8569200,255659893.0
2022-02-11,WEGE3,29.8,30.01,29.46,29.53,31998,9352700,277839212.0
2022-02-14,WEGE3,29.5,30.94,29.5,30.44,37964,10962400,333221676.0
2022-02-15,WEGE3,31.0,32.88,30.96,32.88,43940,11758400,380193910.0
2022-02-16,WEGE3,33.0,33.17,30.77,31.3,63381,20714400,651138440.0
2022-02-17,WEGE3,31.56,31.82,30.57,30.65,25472,8085500,250788311.0
2022-02-18,WEGE3,30.83,31.0,29.68,29.81,24504,6716700,202501606.0
2022-02-21,WEGE3,29.81,29.89,29.36,29.52,15190,4769200,141380743.0
2022-02-22,WEGE3,29.8,30.09,29.53,29.53,16689,5137500,152402496.0
2022-02-23,WEGE3,29.61,30.17,28.5,28.6,25657,7304600,212135309.0
2022-02-24,WEGE3,27.74,29.57,27.52,29.32,33551,9964800,285730010.0
2022-02-25,WEGE3,28.98,29.86,28.8,29.4,42970,13633700,398210296.0
2022-03-02,WEGE3,29.4,30.79,29.35,30.25,25505,10503800,317220360.0
2022-03-03,WEGE3,30.25,31.39,30.13,31.25,33178,10167600,315693797.0
2022-03-04,WEGE3,31.25,32.28,31.07,31.51,33431,9286000,292884789.0
2022-03-07,WEGE3,31.01,31.97,30.85,31.08,36519,11272000,352397321.0
2022-03-08,WEGE3,31.08,32.1,31.08,31.57,36678,9613000,305064501.0
2022-03-09,WEGE3,31.85,32.85,31.53,32.67,37609,8949000,290617101.0
2022-03-10,WEGE3,32.37,32.39,31.18,31.72,22772,6884800,217434139.0
2022-03-11,WEGE3,31.82,32.07,31.11,31.39,19266,4591900,144717590.0
2022-03-14,WEGE3,31.39,31.56,30.94,31.02,15770,4247300,132266821.0
2022-03-15,WEGE3,30.9,31.96,30.1,30.2,39258,10034200,306527305.0
2022-03-16,WEGE3,30.3,32.02,29.73,31.98,42222,12743400,400538329.0
2022-03-17,WEGE3,32.0,33.25,31.51,33.1,28100,10140900,330480556.0
2022-03-18,WEGE3,33.03,33.39,32.51,33.29,22372,12356000,410031898.0
2022-03-21,WEGE3,33.15,33.29,32.01,32.55,27603,8384300,272981195.0
2022-03-22,WEGE3,32.98,33.47,32.71,33.0,31546,7019900,231991069.0
2022-03-23,WEGE3,32.92,33.1,32.38,32.75,19881,8557300,280537219.0
2022-03-24,WEGE3,32.93,33.48,32.65,33.13,32074,7001100,231678640.0
2022-03-25,WEGE3,33.28,33.58,32.42,32.88,26797,7154700,235188233.0
2022-03-28,WEGE3,33.0,33.94,32.75,33.6,27550,8764800,292982069.0
2022-03-29,WEGE3,34.0,34.41,33.77,33.95,23545,6285900,214338230.0
2022-03-30,WEGE3,33.95,34.39,33.86,34.15,20481,5573300,190323385.0
2022-03-31,WEGE3,34.37,35.3,34.37,34.87,29469,11060600,386016968.0
2022-04-01,WEGE3,35.2,35.83,35.09,35.38,51254,12134000,430351039.0
2022-04-04,WEGE3,35.4,35.4,34.51,35.02,22147,5428600,189511743.0
2022-04-05,WEGE3,35.02,35.38,34.56,34.63,19533,4841100,169097730.0
2022-04-06,WEGE3,34.35,35.01,33.69,34.33,31896,8243200,282554198.0
2022-04-07,WEGE3,34.33,34.53,33.96,34.12,17398,5002100,171342622.0
2022-04-08,WEGE3,34.0,34.63,33.66,34.14,22268,4997500,170862045.0
2022-04-11,WEGE3,33.71,34.02,32.55,32.55,25960,8741200,288359799.0
2022-04-12,WEGE3,32.79,33.23,32.23,32.37,24554,7807000,255153114.0
2022-04-13,WEGE3,32.64,32.83,32.21,32.56,24907,7557300,246054546.0
2022-04-14,WEGE3,32.56,32.89,32.08,32.29,15012,4676000,151292521.0
2022-04-18,WEGE3,32.15,32.37,31.4,31.91,18991,6937300,220503297.0
2022-04-19,WEGE3,31.55,31.58,30.67,31.37,33567,12091000,375894273.0
2022-04-20,WEGE3,31.44,31.93,31.26,31.42,20872,5515500,174102606.0
2022-04-22,WEGE3,30.83,31.51,30.59,31.31,31447,10587900,330121677.0
2022-04-25,WEGE3,31.03,31.62,30.92,31.21,19657,5920900,185511481.0
2022-04-26,WEGE3,31.18,31.32,29.83,29.98,36367,11274900,340845303.0
2022-04-27,WEGE3,30.68,31.82,30.23,31.63,38290,12950700,403940241.0
2022-04-28,WEGE3,31.85,31.96,30.85,31.13,23460,7984900,248919160.0
2022-04-29,WEGE3,31.52,31.55,29.97,30.1,31797,9606000,294957371.0
2022-05-02,WEGE3,29.91,30.28,28.48,28.94,34315,12226000,356161125.0
2022-05-03,WEGE3,29.04,29.04,28.25,28.41,29049,9842500,280549956.0
2022-05-04,WEGE3,28.4,29.16,27.98,28.94,28879,8729900,249215567.0
2022-05-05,WEGE3,28.7,28.88,27.67,28.16,36362,11077900,311168662.0
2022-05-06,WEGE3,28.09,28.09,26.93,27.15,38492,13021900,355731593.0
2022-05-09,WEGE3,26.9,27.5,26.63,26.66,35107,10148000,273212703.0
2022-05-10,WEGE3,26.96,27.06,26.04,26.12,25803,8285600,218747420.0
2022-05-11,WEGE3,26.12,26.4,25.9,26.1,25679,8726100,228087801.0
2022-05-12,WEGE3,26.11,26.52,25.81,26.41,20849,8428100,221077689.0
2022-05-13,WEGE3,26.73,27.06,26.41,26.5,19294,6176600,164832315.0
2022-05-16,WEGE3,26.5,26.51,25.91,26.2,19933,7571800,198062129.0
2022-05-17,WEGE3,26.53,27.1,26.13,26.91,26113,10281000,274999931.0
2022-05-18,WEGE3,26.88,27.02,26.29,26.43,25251,9313800,247541453.0
2022-05-19,WEGE3,26.55,26.55,25.52,25.53,25861,9109900,234525340.0
2022-05-20,WEGE3,25.7,26.1,25.55,25.99,21423,9310600,241043552.0
2022-05-23,WEGE3,26.02,26.72,25.95,26.57,24478,8069400,213335906.0
2022-05-24,WEGE3,26.3,26.48,25.69,26.08,24042,8546100,221909058.0
2022-05-25,WEGE3,25.84,25.96,24.9,25.31,26899,11060700,279943248.0
2022-05-26,WEGE3,25.34,25.99,25.22,25.71,20433,7967100,204682017.0
2022-05-27,WEGE3,25.75,26.37,25.57,26.22,19529,7992800,207801696.0
2022-05-30,WEGE3,26.5,26.54,25.35,25.54,18861,7458000,192083046.0
2022-05-31,WEGE3,25.59,25.73,25.15,25.37,31143,29812700,756716141.0
2022-06-01,WEGE3,25.61,26.43,25.32,26.21,20778,7284500,189846781.0
2022-06-02,WEGE3,26.5,26.63,25.88,26.33,17141,6323600,166025198.0
2022-06-03,WEGE3,26.34,26.34,25.81,25.92,12242,4551500,118403457.0
2022-06-06,WEGE3,26.11,26.44,25.76,25.98,22249,5582200,145248780.0
2022-06-07,WEGE3,25.74,26.07,25.7,25.95,18381,6091800,157873788.0
2022-06-08,WEGE3,25.76,25.84,24.41,24.41,28140,15193900,377082720.0
2022-06-09,WEGE3,24.41,25.06,24.08,24.52,28030,12419700,306355552.0
2022-06-10,WEGE3,24.5,24.64,23.87,24.0,22672,9086600,219910908.0
2022-06-13,WEGE3,23.7,23.98,23.51,23.82,27189,14000200,332609205.0
2022-06-14,WEGE3,23.86,24.5,23.69,24.25,23200,10169400,244959873.0
2022-06-15,WEGE3,24.51,24.51,23.65,24.0,30669,15840900,379932677.0
2022-06-17,WEGE3,23.56,23.63,22.82,22.83,22669,16863300,387606363.0
2022-06-20,WEGE3,23.42,24.47,23.4,24.1,30435,15968600,383991417.0
2022-06-21,WEGE3,24.23,25.38,24.01,25.3,29148,21113500,529792011.0
2022-06-22,WEGE3,25.1,26.2,24.85,25.79,24970,13461400,345824673.0
2022-06-23,WEGE3,25.91,26.35,25.56,25.91,20267,10303100,267957910.0
2022-06-24,WEGE3,26.07,26.98,25.87,26.46,24554,11421500,303692942.0
2022-06-27,WEGE3,26.65,26.7,25.88,25.93,14635,6158200,160905140.0
2022-06-28,WEGE3,26.06,26.52,25.87,26.15,13659,5828100,152632631.0
2022-06-29,WEGE3,26.19,26.44,25.92,26.03,13524,4724300,123565954.0
2022-06-30,WEGE3,25.7,26.58,25.53,26.45,26356,10803700,283120875.0
2022-07-01,WEGE3,26.45,26.89,25.89,26.5,21323,7334800,194566111.0
2022-07-04,WEGE3,26.49,26.94,26.43,26.49,12567,4041600,107753449.0
2022-07-05,WEGE3,26.31,27.2,26.11,27.02,22573,9210200,246661660.0
2022-07-06,WEGE3,27.11,28.05,26.92,27.1,27491,11535800,315331298.0
2022-07-07,WEGE3,27.26,27.79,26.8,27.61,22137,8539800,234626315.0
2022-07-08,WEGE3,27.61,27.65,26.81,27.27,13961,5482100,149130464.0
2022-07-11,WEGE3,26.89,26.95,26.37,26.58,15178,6136000,163002945.0
2022-07-12,WEGE3,26.53,26.87,26.37,26.59,15316,5197000,138373433.0
2022-07-13,WEGE3,26.33,27.09,25.95,26.73,19934,7119900,189983277.0
2022-07-14,WEGE3,26.44,26.83,26.04,26.4,18787,6633600,174777672.0
2022-07-15,WEGE3,26.39,26.79,25.85,26.55,12677,6464800,170326066.0
2022-07-18,WEGE3,26.9,27.18,26.02,26.12,15972,6260100,166303149.0
2022-07-19,WEGE3,26.25,27.15,26.11,26.96,18382,7068400,188433430.0
2022-07-20,WEGE3,27.0,27.18,25.77,25.99,32987,14736400,384676684.0
2022-07-21,WEGE3,26.05,26.07,25.01,25.33,28626,12130500,308996790.0
2022-07-22,WEGE3,25.49,26.24,25.18,25.84,20450,10870400,280406597.0
2022-07-25,WEGE3,25.92,26.78,25.9,26.48,17181,10255700,271964984.0
2022-07-26,WEGE3,26.49,26.7,26.12,26.2,10706,6015000,157922849.0
2022-07-27,WEGE3,26.38,26.88,26.26,26.87,12132,5446300,145482244.0
2022-07-28,WEGE3,26.97,28.14,26.91,27.93,26261,9270700,256568659.0
2022-07-29,WEGE3,27.91,28.64,27.88,28.04,22484,10100100,284671592.0
2022-08-01,WEGE3,28.04,28.68,27.77,27.88,22021,8202200,230828975.0
2022-08-02,WEGE3,27.85,28.6,27.72,28.38,19339,7214800,204602171.0
2022-08-03,WEGE3,28.36,28.48,27.88,28.12,15171,6627100,186433491.0
2022-08-04,WEGE3,28.38,28.87,28.1,28.81,13652,5433900,155306400.0
2022-08-05,WEGE3,28.75,29.14,28.63,28.83,12987,4063300,117353837.0
2022-08-08,WEGE3,29.26,30.19,29.17,29.73,22635,9073300,270313244.0
2022-08-09,WEGE3,29.84,30.14,29.19,29.58,17534,6007000,177552944.0
2022-08-10,WEGE3,29.96,30.93,29.8,30.68,19574,8105700,246954533.0
2022-08-11,WEGE3,30.92,30.99,29.9,30.13,18114,6286900,190508377.0
2022-08-12,WEGE3,30.32,30.96,29.95,30.9,20018,8429300,258458369.0
2022-08-15,WEGE3,30.73,31.0,30.15,30.34,19942,7390400,224396624.0
2022-08-16,WEGE3,30.34,30.94,30.34,30.59,13713,5016200,153963938.0
2022-08-17,WEGE3,30.41,30.67,29.96,30.43,16839,6125800,185965361.0
2022-08-18,WEGE3,30.53,31.07,30.49,30.84,13555,4327000,133130640.0
2022-08-19,WEGE3,30.68,30.98,29.75,29.85,19765,7775300,233888233.0
2022-08-22,WEGE3,29.56,29.62,28.81,28.95,17900,7237300,210307481.0
2022-08-23,WEGE3,28.94,29.04,28.53,28.8,17906,8786300,252349446.0
2022-08-24,WEGE3,28.85,29.28,28.74,28.79,13230,5426700,157304336.0
2022-08-25,WEGE3,29.03,29.38,28.86,28.95,17991,5546600,161345267.0
2022-08-26,WEGE3,29.18,29.23,28.61,28.81,15103,6257700,180253119.0
2022-08-29,WEGE3,28.68,28.72,28.06,28.37,15845,6306200,178631113.0
2022-08-30,WEGE3,28.48,28.62,28.09,28.39,21441,11887500,337696381.0
2022-08-31,WEGE3,28.67,28.76,28.2,28.29,18816,11184100,317812699.0
2022-09-01,WEGE3,28.28,28.64,27.6,28.38,22543,7750600,217469418.0
2022-09-02,WEGE3,28.58,30.28,28.4,30.21,33107,15536400,464367826.0
2022-09-05,WEGE3,30.38,31.42,30.31,30.9,19774,7376200,228334590.0
2022-09-06,WEGE3,30.92,31.19,30.02,30.29,21804,7818500,236898806.0
2022-09-08,WEGE3,30.29,30.69,29.7,30.21,20734,6160600,186188550.0
2022-09-09,WEGE3,30.3,30.87,30.29,30.45,10705,3199600,97820288.0
2022-09-12,WEGE3,30.75,32.23,30.68,31.72,22021,8149600,259315659.0
2022-09-13,WEGE3,31.27,31.51,30.42,30.61,21255,7885400,243265711.0
2022-09-14,WEGE3,30.59,30.91,30.28,30.62,12885,4667700,142730271.0
2022-09-15,WEGE3,30.55,30.56,29.82,30.01,9995,3266400,98144426.0
2022-09-16,WEGE3,29.8,30.64,29.5,30.48,24226,12522000,379931683.0
2022-09-19,WEGE3,30.44,30.98,30.06,30.6,14685,5470400,167070371.0
2022-09-20,WEGE3,30.67,31.44,30.65,31.13,18417,7372000,229180909.0
2022-09-21,WEGE3,31.0,31.57,30.67,31.18,20276,6342700,198043697.0
2022-09-22,WEGE3,31.35,31.39,30.08,31.01,28322,8889000,272651638.0
2022-09-23,WEGE3,30.42,30.68,30.14,30.57,20244,5895500,179264961.0
2022-09-26,WEGE3,30.33,30.9,30.32,30.52,25333,6775200,206940914.0
2022-09-27,WEGE3,30.76,30.8,29.9,30.05,20892,7256200,219262167.0
2022-09-28,WEGE3,30.05,30.64,29.81,30.32,16085,5869400,177355843.0
2022-09-29,WEGE3,30.01,30.24,29.58,30.14,18953,9294800,277858453.0
2022-09-30,WEGE3,30.85,32.18,30.55,32.14,43574,15921500,504365843.0
2022-10-03,WEGE3,32.33,33.63,31.33,33.58,40877,14750100,487148529.0
2022-10-04,WEGE3,33.8,34.14,32.92,33.24,24859,5980900,199604207.0
2022-10-05,WEGE3,33.36,33.95,32.65,33.67,25280,6648500,223263952.0
2022-10-06,WEGE3,33.99,34.18,33.66,33.73,17611,5312700,179910133.0
2022-10-07,WEGE3,33.72,33.84,33.02,33.35,13848,4132400,137843747.0
2022-10-10,WEGE3,33.58,34.39,33.56,34.27,21744,5924600,201698570.0
2022-10-11,WEGE3,34.2,34.64,33.74,33.9,22793,6250100,213505438.0
2022-10-13,WEGE3,33.58,34.0,33.04,33.47,21924,6147300,206205252.0
2022-10-14,WEGE3,33.48,33.84,32.35,32.86,22861,6263600,207524646.0
2022-10-17,WEGE3,32.89,33.92,32.63,33.61,28763,7601300,254820448.0
2022-10-18,WEGE3,33.98,35.03,33.97,34.56,29966,9402000,325129105.0
2022-10-19,WEGE3,34.48,34.77,34.28,34.65,13133,4180600,144538695.0
2022-10-20,WEGE3,34.74,34.84,34.21,34.66,22228,7265000,251056096.0
2022-10-21,WEGE3,34.64,35.51,34.47,35.2,23563,6512600,227874598.0
2022-10-24,WEGE3,34.86,35.16,34.36,34.92,24441,8644200,300041826.0
2022-10-25,WEGE3,34.79,35.84,34.73,35.05,32716,11524300,406774618.0
2022-10-26,WEGE3,36.79,38.96,36.61,37.98,90115,28711200,1078612919.0
2022-10-27,WEGE3,37.83,39.41,37.53,38.83,37660,10912300,419591691.0
2022-10-28,WEGE3,38.63,39.25,37.88,38.47,25879,7314600,280803476.0
2022-10-31,WEGE3,37.7,40.6,37.45,40.28,41957,12566800,496509661.0
2022-11-01,WEGE3,40.05,40.49,39.16,39.41,41988,11428100,453298726.0
2022-11-03,WEGE3,38.86,40.5,38.0,40.2,32276,8951600,356787188.0
2022-11-04,WEGE3,40.3,41.49,40.29,40.8,34343,12213700,499753502.0
2022-11-07,WEGE3,40.3,41.89,40.3,40.9,31294,10878700,447766228.0
2022-11-08,WEGE3,40.9,42.42,40.48,40.8,39958,13437300,557679465.0
2022-11-09,WEGE3,40.75,41.69,40.14,40.6,39792,8842100,360865451.0
2022-11-10,WEGE3,40.15,40.75,38.25,39.23,64121,18520800,730497919.0
2022-11-11,WEGE3,39.14,40.32,38.37,39.99,35526,9507500,376314314.0
2022-11-14,WEGE3,40.0,41.17,39.64,40.66,23727,6076200,245896194.0
2022-11-16,WEGE3,40.4,40.68,38.32,38.71,50282,14823500,577143685.0
2022-11-17,WEGE3,38.31,39.76,37.52,39.55,27598,8238900,319172661.0
2022-11-18,WEGE3,39.56,40.28,39.1,39.28,20561,6672000,264070325.0
2022-11-21,WEGE3,39.39,39.84,38.86,39.49,21161,4928900,194738332.0
2022-11-22,WEGE3,39.65,40.0,38.29,38.9,25952,7992000,312317410.0
2022-11-23,WEGE3,38.78,39.26,38.4,38.94,18079,5489100,212997959.0
2022-11-24,WEGE3,39.2,40.57,39.06,39.76,16373,5489500,219209729.0
2022-11-25,WEGE3,39.78,39.79,38.6,39.1,15700,4690200,183380283.0
2022-11-28,WEGE3,38.82,38.82,37.27,37.5,20887,7981800,301673212.0
2022-11-29,WEGE3,37.42,38.5,36.43,37.71,24254,9077200,341240779.0
2022-11-30,WEGE3,37.71,39.24,37.53,39.0,23951,12458900,482735650.0
2022-12-01,WEGE3,38.81,39.35,38.01,38.31,27045,6962500,267678426.0
2022-12-02,WEGE3,38.38,39.38,37.86,38.66,27067,6555700,253865611.0
2022-12-05,WEGE3,38.01,38.29,37.24,37.6,19845,6914000,260530491.0
2022-12-06,WEGE3,38.0,38.09,36.92,37.71,18331,5641000,211508846.0
2022-12-07,WEGE3,37.71,38.0,36.85,37.26,14772,4978700,185506670.0
2022-12-08,WEGE3,37.02,37.68,36.7,37.2,16237,5710700,212078578.0
2022-12-09,WEGE3,37.22,37.61,36.95,37.1,14798,4345000,161732743.0
2022-12-12,WEGE3,36.95,37.04,35.65,36.07,30661,10669500,385654707.0
2022-12-13,WEGE3,36.07,37.23,35.45,35.79,29729,10196600,369208357.0
2022-12-14,WEGE3,35.8,37.46,35.66,37.06,40468,14185900,522846015.0
2022-12-15,WEGE3,36.5,37.68,36.36,37.08,27666,8144300,301570076.0
2022-12-16,WEGE3,36.99,37.55,36.76,37.45,28138,12123500,452572879.0
2022-12-19,WEGE3,37.69,38.43,37.65,38.12,25857,6603400,251737981.0
2022-12-20,WEGE3,38.11,39.14,38.11,38.43,26738,7623900,294624455.0
2022-12-21,WEGE3,38.58,38.84,37.95,38.4,23615,6900900,264778190.0
2022-12-22,WEGE3,38.45,39.1,38.45,38.94,17159,5599500,217709385.0
2022-12-23,WEGE3,39.16,39.38,38.07,38.5,18534,9476400,363541606.0
2022-12-26,WEGE3,38.33,38.74,37.91,38.19,8268,2339100,89517712.0
2022-12-27,WEGE3,38.5,38.52,37.78,38.01,13045,4735700,180261181.0
2022-12-28,WEGE3,38.22,39.33,38.19,38.7,21025,5410500,210371709.0
2022-12-29,WEGE3,38.84,38.99,38.25,38.51,14137,6444500,248099273.0
2023-01-02,WEGE3,38.5,38.5,37.74,38.1,13701,3017700,114860939.0
2023-01-03,WEGE3,38.11,38.37,36.89,37.15,21339,5662900,212383785.0
2023-01-04,WEGE3,37.33,37.69,36.66,37.4,26925,6169800,229308175.0
2023-01-05,WEGE3,37.59,37.9,37.26,37.48,21046,6660600,250322594.0
2023-01-06,WEGE3,37.49,38.27,37.3,38.03,17806,4071700,154201986.0
2023-01-09,WEGE3,38.0,38.3,37.22,37.92,21585,5730600,216955652.0
2023-01-10,WEGE3,37.52,37.91,37.08,37.55,18241,6556000,245749077.0
2023-01-11,WEGE3,37.49,38.7,37.2,38.6,18890,5982900,229114953.0
2023-01-12,WEGE3,38.54,38.99,38.19,38.51,19723,5376000,207618857.0
2023-01-13,WEGE3,38.19,39.36,37.92,38.97,14467,4957200,191877955.0
2023-01-16,WEGE3,39.1,39.1,37.27,37.69,24160,7545600,284778400.0
2023-01-17,WEGE3,37.95,38.57,37.74,38.31,17077,4932900,188825638.0
2023-01-18,WEGE3,38.59,38.79,37.8,37.99,24577,5833500,222055708.0
2023-01-19,WEGE3,37.72,38.21,37.56,37.91,17677,5522400,209261192.0
2023-01-20,WEGE3,37.89,37.91,37.21,37.33,19537,6967000,260885514.0
2023-01-23,WEGE3,37.32,38.11,37.16,37.37,14370,4331400,162704925.0
2023-01-24,WEGE3,37.74,37.74,36.77,37.21,21160,7500200,277709202.0
2023-01-25,WEGE3,37.15,39.33,37.11,38.72,48928,12935100,500315360.0
2023-01-26,WEGE3,38.77,38.96,36.96,38.21,32934,11767800,447141634.0
2023-01-27,WEGE3,38.11,38.57,37.17,37.91,32864,14610700,551681515.0
2023-01-30,WEGE3,38.0,38.03,37.09,37.35,25489,8055300,301218023.0
2023-01-31,WEGE3,37.28,38.74,37.22,38.24,37370,9636200,368727466.0
2023-02-01,WEGE3,38.19,38.75,37.72,38.39,27431,6318500,241551415.0
2023-02-02,WEGE3,38.13,38.98,37.71,38.04,21408,7112600,270814370.0
2023-02-03,WEGE3,37.84,38.6,37.71,37.91,33403,8093400,308104239.0
2023-02-06,WEGE3,37.84,38.03,37.22,37.57,21485,6881500,258240520.0
2023-02-07,WEGE3,37.5,37.89,37.23,37.67,21718,8673800,325710754.0
2023-02-08,WEGE3,37.65,38.32,37.33,37.66,18055,4938900,186042720.0
2023-02-09,WEGE3,37.74,38.51,37.6,37.98,16465,6409800,243826427.0
2023-02-10,WEGE3,37.89,38.76,37.5,38.6,16802,7127800,274538506.0
2023-02-13,WEGE3,38.52,39.18,38.36,38.58,16936,5129800,198680727.0
2023-02-14,WEGE3,38.63,39.35,38.17,38.36,22676,6066600,234638080.0
2023-02-15,WEGE3,38.88,39.34,38.5,38.88,36795,10995900,427709139.0
2023-02-16,WEGE3,38.72,38.96,37.8,38.78,24545,7342600,282400848.0
2023-02-17,WEGE3,38.55,39.75,38.42,39.62,26320,8000500,315255387.0
2023-02-22,WEGE3,39.5,39.67,38.36,38.4,28705,8043500,311254652.0
2023-02-23,WEGE3,38.49,39.54,38.25,39.24,26705,9948300,389559156.0
2023-02-24,WEGE3,39.05,39.28,38.35,38.86,19117,5112700,198039546.0
2023-02-27,WEGE3,38.92,39.36,38.47,38.8,16426,4714600,182977928.0
2023-02-28,WEGE3,38.79,39.34,38.77,39.16,18602,7461500,291906811.0
2023-03-01,WEGE3,39.16,39.88,38.69,39.38,29840,7934900,312335288.0
2023-03-02,WEGE3,39.37,39.76,38.99,39.16,16784,4163300,163505223.0
2023-03-03,WEGE3,39.36,39.72,38.72,38.84,20046,5339900,208789505.0
2023-03-06,WEGE3,38.99,39.59,38.7,39.43,16867,5594500,219984407.0
2023-03-07,WEGE3,39.3,39.77,39.14,39.59,14935,4956200,195962869.0
2023-03-08,WEGE3,39.6,40.32,39.42,40.16,18834,7378100,294722651.0
2023-03-09,WEGE3,40.0,40.3,39.86,39.86,15707,5384100,215373728.0
2023-03-10,WEGE3,39.82,39.99,39.32,39.54,14458,4632900,183378852.0
2023-03-13,WEGE3,39.21,40.29,39.06,39.79,22473,7427900,296151443.0
2023-03-14,WEGE3,39.7,40.35,39.7,40.26,16020,4704200,188995274.0
2023-03-15,WEGE3,40.05,40.47,39.65,40.07,21601,6236000,249902753.0
2023-03-16,WEGE3,40.11,40.39,39.83,40.3,15265,6583700,264233972.0
2023-03-17,WEGE3,40.11,40.23,39.72,39.87,15499,9680200,386229156.0
2023-03-20,WEGE3,40.1,40.34,39.58,39.7,17803,5827400,232454024.0
2023-03-21,WEGE3,39.84,40.28,39.8,39.96,16689,5241100,209867866.0
2023-03-22,WEGE3,39.97,40.25,39.38,39.52,14548,4920900,196069526.0
2023-03-23,WEGE3,39.6,40.36,39.53,39.89,21242,6499000,259928215.0
2023-03-24,WEGE3,40.0,40.61,39.81,40.51,18779,6714600,270312594.0
2023-03-27,WEGE3,40.78,41.31,40.55,41.19,16007,7311600,299777970.0
2023-03-28,WEGE3,41.17,41.87,41.13,41.37,25303,6873300,285749578.0
2023-03-29,WEGE3,41.48,42.15,41.27,41.73,16014,7454100,311072609.0
2023-03-30,WEGE3,41.79,42.03,41.06,41.86,18425,5155400,214317815.0
2023-03-31,WEGE3,41.92,42.37,40.45,40.55,32521,10945300,448613669.0
2023-04-03,WEGE3,40.79,40.79,39.3,39.59,25137,8938800,354770141.0
2023-04-04,WEGE3,39.86,39.94,39.25,39.63,20026,6442000,255219502.0
2023-04-05,WEGE3,39.71,39.93,38.46,38.75,20560,7128200,278195261.0
2023-04-06,WEGE3,38.74,39.18,38.54,38.61,15268,3998900,155189801.0
2023-04-10,WEGE3,38.51,38.76,38.17,38.39,14286,4469500,171690479.0
2023-04-11,WEGE3,38.65,39.33,38.64,39.09,19377,7179900,280235161.0
2023-04-12,WEGE3,39.26,40.43,39.18,39.74,28355,9407100,375052504.0
2023-04-13,WEGE3,39.79,40.06,39.13,39.37,19392,6615400,261056878.0
2023-04-14,WEGE3,38.93,39.02,38.31,38.76,17455,6485300,251260934.0
2023-04-17,WEGE3,38.84,39.5,38.82,39.48,13046,3679400,144499474.0
2023-04-18,WEGE3,39.51,39.72,38.85,39.27,16840,5687600,222689759.0
2023-04-19,WEGE3,39.08,39.51,38.92,39.11,11290,4241900,166515434.0
2023-04-20,WEGE3,39.33,40.39,38.9,40.25,20009,9536000,381824426.0
2023-04-24,WEGE3,40.35,40.76,39.95,40.35,19989,8144200,328146939.0
2023-04-25,WEGE3,40.7,41.17,40.31,40.54,24013,9244600,377166874.0
2023-04-26,WEGE3,41.07,41.39,39.68,40.11,24150,9771600,395299769.0
2023-04-27,WEGE3,40.18,40.45,39.67,40.35,14586,5337900,214173588.0
2023-04-28,WEGE3,40.11,41.12,40.11,41.12,17659,7415000,303639510.0
2023-05-02,WEGE3,40.68,41.57,40.36,40.82,20510,5799900,236247192.0
2023-05-03,WEGE3,40.66,40.99,39.87,39.9,17764,5451100,219423216.0
2023-05-04,WEGE3,40.0,40.2,39.17,39.3,19619,5340400,211093602.0
2023-05-05,WEGE3,39.16,39.53,38.8,39.22,19801,7852800,307040133.0
2023-05-08,WEGE3,39.43,39.55,38.82,39.2,16631,4669200,183170702.0
2023-05-09,WEGE3,39.24,39.92,39.19,39.86,11421,3642300,144507019.0
2023-05-10,WEGE3,39.8,40.02,39.34,39.35,13030,4335000,171411981.0
2023-05-11,WEGE3,39.18,39.5,38.87,39.32,14904,6709000,263523298.0
2023-05-12,WEGE3,39.1,39.63,38.8,38.91,18515,5474100,213668124.0
2023-05-15,WEGE3,39.0,39.77,38.97,39.64,12010,5580100,220849223.0
2023-05-16,WEGE3,39.49,40.07,39.41,39.7,14254,4265800,169189903.0
2023-05-17,WEGE3,39.89,40.06,39.37,39.46,11039,3886400,153901139.0
2023-05-18,WEGE3,39.45,39.58,39.08,39.3,18409,5386900,211725750.0
2023-05-19,WEGE3,39.47,40.48,39.09,40.13,19754,11413000,455187577.0
2023-05-22,WEGE3,39.9,40.88,39.85,40.36,15963,6401900,258374882.0
2023-05-23,WEGE3,40.3,40.87,40.02,40.22,15192,5552000,224224809.0
2023-05-24,WEGE3,40.1,40.33,39.75,39.82,11038,3074900,122804249.0
2023-05-25,WEGE3,40.26,40.28,38.85,39.04,26547,7746200,304033499.0
2023-05-26,WEGE3,39.38,39.63,39.05,39.51,17596,6524500,257220028.0
2023-05-29,WEGE3,39.51,39.54,38.73,38.88,12541,3442100,134214191.0
2023-05-30,WEGE3,39.18,39.26,38.23,38.34,16557,6349200,244336534.0
2023-05-31,WEGE3,38.21,38.34,37.61,37.61,16555,12497500,471656404.0
2023-06-01,WEGE3,37.83,38.0,37.19,37.19,27113,10739000,402905150.0
2023-06-02,WEGE3,37.28,37.9,36.93,37.67,26902,9999400,374543323.0
2023-06-05,WEGE3,37.78,38.12,37.44,37.63,16751,4888100,184476558.0
2023-06-06,WEGE3,37.88,38.33,37.83,38.2,21753,6913000,263448975.0
2023-06-07,WEGE3,38.39,38.45,37.93,38.15,17613,7235000,276053719.0
2023-06-09,WEGE3,38.26,38.8,37.73,37.8,27407,8603000,326814328.0
2023-06-12,WEGE3,37.97,38.02,37.61,37.75,23384,7812500,294974195.0
2023-06-13,WEGE3,37.9,37.93,37.23,37.35,35168,10187500,380673216.0
2023-06-14,WEGE3,37.57,37.87,37.41,37.87,26527,11544100,434752793.0
2023-06-15,WEGE3,37.91,37.99,37.56,37.84,20967,6148900,232676075.0
2023-06-16,WEGE3,37.71,38.3,37.7,37.85,18729,10823200,410718556.0
2023-06-19,WEGE3,37.87,38.19,37.57,37.67,10404,3436700,129800349.0
2023-06-20,WEGE3,37.66,37.66,36.88,36.95,22410,6858200,254561134.0
2023-06-21,WEGE3,37.03,37.13,36.32,36.45,30078,11890100,434551486.0
2023-06-22,WEGE3,36.26,36.56,36.1,36.4,13395,4656400,169321448.0
2023-06-23,WEGE3,36.49,36.6,36.14,36.6,16829,5203600,189597976.0
2023-06-26,WEGE3,36.65,36.67,35.82,36.4,18027,6546100,237556340.0
2023-06-27,WEGE3,36.47,36.65,35.97,36.5,21992,6131000,223063041.0
2023-06-28,WEGE3,36.64,36.78,36.28,36.58,17480,6256700,229192328.0
2023-06-29,WEGE3,36.73,37.0,36.43,36.84,17858,9019200,332357125.0
2023-06-30,WEGE3,37.08,38.04,36.76,37.75,20981,8007900,301259538.0
2023-07-03,WEGE3,37.87,37.95,37.34,37.69,16969,4338100,163076036.0
2023-07-04,WEGE3,37.7,37.79,37.19,37.19,10092,2692200,100600623.0
2023-07-05,WEGE3,37.15,37.72,37.08,37.5,14973,4665600,175027072.0
2023-07-06,WEGE3,37.5,37.58,36.66,36.89,16981,5783000,214345352.0
2023-07-07,WEGE3,36.82,37.69,36.75,37.0,15857,4221200,157100202.0
2023-07-10,WEGE3,36.96,37.01,36.21,36.29,13459,4546100,165811226.0
2023-07-11,WEGE3,36.29,36.35,35.52,35.95,22882,6933800,248516264.0
2023-07-12,WEGE3,36.01,36.22,35.83,36.06,14309,4844700,174658342.0
2023-07-13,WEGE3,36.01,36.57,35.98,36.06,9982,3046100,110338465.0
2023-07-14,WEGE3,36.12,36.36,35.86,36.0,12599,4424000,159519888.0
2023-07-17,WEGE3,35.95,35.97,35.05,35.3,26161,12067700,426838638.0
2023-07-18,WEGE3,35.35,36.45,35.33,35.94,26315,10489700,377160346.0
2023-07-19,WEGE3,37.0,38.09,35.73,37.91,69928,42083100,1553936712.0
2023-07-20,WEGE3,38.05,38.38,37.34,38.16,60997,22364800,848732593.0
2023-07-21,WEGE3,38.19,39.15,37.92,38.89,37261,14504100,562188647.0
2023-07-24,WEGE3,39.12,41.68,39.1,41.54,64622,28879300,1174033999.0
2023-07-25,WEGE3,41.68,42.08,40.48,40.5,27739,9924300,405826583.0
2023-07-26,WEGE3,40.43,40.86,40.01,40.48,18921,7944300,322063272.0
2023-07-27,WEGE3,40.48,41.04,40.07,40.35,20107,8479800,344878134.0
2023-07-28,WEGE3,40.9,41.43,40.19,40.32,18190,5882900,238009525.0
2023-07-31,WEGE3,40.29,40.29,39.81,39.92,18492,7141800,285480348.0
2023-08-01,WEGE3,39.92,40.14,39.59,39.86,16983,5088200,202660111.0
2023-08-02,WEGE3,39.7,40.07,39.4,40.03,14513,4455200,177514490.0
2023-08-03,WEGE3,40.05,40.73,39.96,40.43,16756,5008000,202361999.0
2023-08-04,WEGE3,40.43,41.45,40.32,40.85,20227,6023600,246835631.0
2023-08-07,WEGE3,40.5,41.08,40.41,40.93,13511,4166400,170166390.0
2023-08-08,WEGE3,40.64,40.93,40.39,40.66,12598,6978200,283095346.0
2023-08-09,WEGE3,40.49,41.07,40.37,40.78,15493,4456500,181382023.0
2023-08-10,WEGE3,40.78,41.16,39.87,40.24,12070,6334900,255787367.0
2023-08-11,WEGE3,40.27,40.33,39.5,39.8,18587,6228100,248352842.0
2023-08-14,WEGE3,39.88,39.95,39.02,39.31,16138,6590800,258989143.0
2023-08-15,WEGE3,39.22,39.78,39.16,39.35,13276,3892600,153471571.0
2023-08-16,WEGE3,39.32,39.32,37.44,37.61,33778,12275400,466905935.0
2023-08-17,WEGE3,37.99,37.99,36.52,36.91,25409,8420400,312204657.0
2023-08-18,WEGE3,36.74,36.74,35.9,36.26,28817,10271800,372748250.0
2023-08-21,WEGE3,36.25,36.42,35.85,36.04,16950,4868400,175557600.0
2023-08-22,WEGE3,36.04,36.55,35.86,36.47,17480,7395500,267883670.0
2023-08-23,WEGE3,36.51,36.68,35.95,36.45,18144,6666600,241531933.0
2023-08-24,WEGE3,36.45,36.45,35.64,35.98,16346,7784400,279559208.0
2023-08-25,WEGE3,35.98,36.7,35.85,36.36,17057,6243500,226853100.0
2023-08-28,WEGE3,36.52,36.68,36.15,36.62,11760,4461100,162437859.0
2023-08-29,WEGE3,36.76,36.96,36.34,36.49,11798,3816100,139534015.0
2023-08-30,WEGE3,36.65,36.71,36.11,36.3,10760,4406700,160341456.0
2023-08-31,WEGE3,36.21,36.45,35.79,35.88,12842,7545200,271577087.0
2023-09-01,WEGE3,35.76,36.21,35.57,35.95,16559,10375300,372691671.0
2023-09-04,WEGE3,36.1,36.13,35.58,36.13,10561,3994000,143470491.0
2023-09-05,WEGE3,36.0,36.34,35.74,35.91,13397,4331200,155836679.0
2023-09-06,WEGE3,35.94,36.31,35.55,35.55,15044,4726300,169150673.0
2023-09-08,WEGE3,35.55,35.63,35.11,35.4,14782,4376200,154758908.0
2023-09-11,WEGE3,35.57,35.68,34.81,35.28,17216,6954500,245257309.0
2023-09-12,WEGE3,35.28,35.65,35.08,35.65,16914,8096700,286462848.0
2023-09-13,WEGE3,35.96,37.72,35.86,36.93,34795,14268900,528635720.0
2023-09-14,WEGE3,37.05,37.22,36.08,36.08,16758,6123300,222663881.0
2023-09-15,WEGE3,36.1,36.5,35.95,36.1,12106,9766500,352397174.0
2023-09-18,WEGE3,36.23,36.28,35.61,35.79,12971,4523900,162468932.0
2023-09-19,WEGE3,35.81,36.32,35.65,35.98,11896,4680200,168777525.0
2023-09-20,WEGE3,36.04,36.36,35.79,35.79,12623,3614500,130244297.0
2023-09-21,WEGE3,35.52,35.62,34.84,34.98,29364,8498600,298098164.0
2023-09-22,WEGE3,35.08,35.16,34.59,34.59,13751,4730200,164415890.0
2023-09-25,WEGE3,35.2,36.4,35.0,36.13,25978,12727400,457365596.0
2023-09-26,WEGE3,35.19,36.22,35.11,36.08,17592,9274100,332473296.0
2023-09-27,WEGE3,36.18,36.72,35.76,36.02,28604,10447500,377351902.0
2023-09-28,WEGE3,36.1,36.57,35.81,36.39,18530,5738900,208319852.0
2023-09-29,WEGE3,36.62,36.71,36.15,36.27,13823,5247900,190538999.0
2023-10-02,WEGE3,36.27,36.54,35.99,36.15,17622,5406700,196023293.0
2023-10-03,WEGE3,36.02,36.13,35.04,35.17,19846,7549900,268169541.0
2023-10-04,WEGE3,35.3,35.55,35.05,35.16,12670,5224100,184509900.0
2023-10-05,WEGE3,35.3,35.51,34.88,34.98,16512,4103700,144030476.0
2023-10-06,WEGE3,34.8,35.15,34.26,34.8,22955,6279600,218203519.0
2023-10-09,WEGE3,34.68,35.03,34.54,34.85,13467,3984400,138653455.0
2023-10-10,WEGE3,34.99,35.41,34.89,35.3,12310,4115100,144920105.0
2023-10-11,WEGE3,35.13,35.56,34.91,35.17,13136,5169500,181484742.0
2023-10-13,WEGE3,35.01,35.15,34.54,34.54,14089,5443600,189176871.0
2023-10-16,WEGE3,34.9,35.08,34.64,34.65,8571,3835500,133634513.0
2023-10-17,WEGE3,34.63,34.87,34.28,34.28,19294,5700600,196901939.0
2023-10-18,WEGE3,34.24,34.92,34.11,34.29,20831,8699900,300342307.0
2023-10-19,WEGE3,34.31,34.39,33.36,33.94,20342,8305700,281682052.0
2023-10-20,WEGE3,33.87,34.33,33.71,33.81,10281,4620800,156548301.0
2023-10-23,WEGE3,33.52,34.16,33.4,33.9,13276,6072400,205862261.0
2023-10-24,WEGE3,34.54,35.1,34.22,35.01,19390,9893700,344482533.0
2023-10-25,WEGE3,33.52,33.7,31.47,31.47,76782,43128700,1387588376.0
2023-10-26,WEGE3,31.83,33.29,31.52,32.66,50387,19917500,651406909.0
2023-10-27,WEGE3,32.8,33.16,31.48,31.63,30309,13106900,421006792.0
2023-10-30,WEGE3,31.98,32.47,31.73,32.3,25679,14193400,457414936.0
2023-10-31,WEGE3,32.46,33.22,32.36,33.01,17156,13609300,447588134.0
2023-11-01,WEGE3,32.95,33.29,32.8,33.08,29097,11413500,377315630.0
2023-11-03,WEGE3,33.45,34.02,33.3,33.53,20967,8785500,295425678.0
2023-11-06,WEGE3,33.75,33.95,33.07,33.21,20705,8521100,284381400.0
2023-11-07,WEGE3,33.21,33.28,32.63,32.7,47118,15716300,515592959.0
2023-11-08,WEGE3,32.7,32.87,32.26,32.45,20457,6569200,213154212.0
2023-11-09,WEGE3,32.51,32.7,32.2,32.41,13662,5700600,184904054.0
2023-11-10,WEGE3,32.56,33.41,32.45,33.17,21108,7267300,240878754.0
2023-11-13,WEGE3,33.08,33.08,32.45,32.72,12322,7939500,259778167.0
2023-11-14,WEGE3,32.95,33.6,32.7,33.46,23849,8465100,282787657.0
2023-11-16,WEGE3,33.46,33.62,33.18,33.48,32041,10829700,362466424.0
2023-11-17,WEGE3,33.51,33.67,32.85,33.26,29694,8938000,296624415.0
2023-11-20,WEGE3,33.26,33.54,33.04,33.48,14586,6991600,233046148.0
2023-11-21,WEGE3,33.45,33.66,33.21,33.66,13886,4985800,167196413.0
2023-11-22,WEGE3,33.7,34.34,33.68,34.1,16439,5651700,192573043.0
2023-11-23,WEGE3,34.1,34.12,33.84,34.06,7366,3008100,102296344.0
2023-11-24,WEGE3,34.0,34.19,33.72,33.72,9453,2542400,86119654.0
2023-11-27,WEGE3,33.72,34.29,33.23,34.14,15724,4968000,168761338.0
2023-11-28,WEGE3,34.13,34.57,33.83,34.37,14687,5627600,193535642.0
2023-11-29,WEGE3,34.4,34.57,34.1,34.13,11356,3021400,103454944.0
2023-11-30,WEGE3,34.17,34.33,33.74,34.19,20884,8086700,276116395.0
2023-12-01,WEGE3,34.19,34.89,34.17,34.78,17419,5005000,173325717.0
2023-12-04,WEGE3,34.35,35.28,34.3,34.76,14407,5514000,192739050.0
2023-12-05,WEGE3,34.77,35.54,34.76,35.3,15458,5143900,181173167.0
2023-12-06,WEGE3,35.43,36.1,35.31,35.39,17106,5700700,203276155.0
2023-12-07,WEGE3,35.48,35.8,35.02,35.36,9732,4170400,147506120.0
2023-12-08,WEGE3,35.36,35.54,34.35,34.65,13419,5927600,206132168.0
2023-12-11,WEGE3,34.64,35.35,34.57,34.87,12277,4105000,143693943.0
2023-12-12,WEGE3,34.9,35.12,34.76,35.03,12594,3469600,121451446.0
2023-12-13,WEGE3,34.88,36.15,34.62,36.06,19565,6245100,221586000.0
2023-12-14,WEGE3,36.37,36.53,35.88,36.3,20426,5864700,212427666.0
2023-12-15,WEGE3,36.5,36.77,36.03,36.03,18130,11383700,413984314.0
2023-12-18,WEGE3,36.2,36.49,35.94,36.04,13569,5052100,182748265.0
2023-12-19,WEGE3,36.12,36.62,36.05,36.42,14995,4893400,178004767.0
2023-12-20,WEGE3,36.36,36.74,36.16,36.16,16868,6796400,247321884.0
2023-12-21,WEGE3,36.5,36.5,36.08,36.39,14966,4939500,179234557.0
2023-12-22,WEGE3,36.39,36.55,36.17,36.51,13382,4733200,172196548.0
2023-12-26,WEGE3,36.57,36.92,36.45,36.72,8849,3173100,116342530.0
2023-12-27,WEGE3,36.72,36.99,36.51,36.84,10899,2730800,100574358.0
2023-12-28,WEGE3,36.84,37.22,36.71,36.91,8807,3536300,130739038.0
2024-01-02,WEGE3,36.91,37.05,36.33,36.57,13718,3991200,146223307.0
2024-01-03,WEGE3,36.38,37.29,36.38,36.85,15535,6435500,237102880.0
2024-01-04,WEGE3,36.7,37.1,36.26,36.36,12526,5461100,199564075.0
2024-01-05,WEGE3,36.03,36.35,35.57,35.97,18789,9274700,333198475.0
2024-01-08,WEGE3,35.86,36.3,35.64,36.06,11539,3433300,123471300.0
2024-01-09,WEGE3,35.8,35.98,35.04,35.17,16940,5964800,210399862.0
2024-01-10,WEGE3,35.36,35.57,35.24,35.32,10657,3191100,112870117.0
2024-01-11,WEGE3,35.22,35.38,34.8,34.82,15661,4883200,170817272.0
2024-01-12,WEGE3,34.8,35.09,34.48,34.67,11356,4474600,155399585.0
2024-01-15,WEGE3,34.67,34.79,34.21,34.32,8258,2592600,89198998.0
2024-01-16,WEGE3,34.2,34.21,33.47,33.61,24537,7196800,242254852.0
2024-01-17,WEGE3,33.43,33.58,33.17,33.4,13391,4706900,157339838.0
2024-01-18,WEGE3,33.45,33.56,32.9,33.14,13608,4085900,135462307.0
2024-01-19,WEGE3,33.33,33.94,32.63,33.48,15059,6897400,229572461.0
2024-01-22,WEGE3,33.49,33.66,33.2,33.38,11734,3767000,125794608.0
2024-01-23,WEGE3,33.51,33.81,33.39,33.77,17272,5512800,185482040.0
2024-01-24,WEGE3,33.95,33.95,33.36,33.47,15539,6881200,230971436.0
2024-01-25,WEGE3,33.48,33.61,33.21,33.25,10792,4835300,161289551.0
2024-01-26,WEGE3,33.4,33.5,33.04,33.17,9388,3828900,127361433.0
2024-01-29,WEGE3,33.15,33.77,33.12,33.25,13313,4135300,138066117.0
2024-01-30,WEGE3,33.3,33.47,32.75,32.99,15168,4833100,159344277.0
2024-01-31,WEGE3,33.0,33.19,32.25,32.34,15489,6014500,196707744.0
2024-02-01,WEGE3,32.37,33.22,32.09,32.63,19743,9860000,322276347.0
2024-02-02,WEGE3,32.64,32.99,32.25,32.59,20951,6217700,202895390.0
2024-02-05,WEGE3,32.59,33.42,32.5,33.26,15122,7346000,242452336.0
2024-02-06,WEGE3,33.35,33.68,32.9,33.24,18524,5566400,184688026.0
2024-02-07,WEGE3,33.37,33.9,33.22,33.63,13930,4950400,166658198.0
2024-02-08,WEGE3,33.45,33.86,33.35,33.8,14508,5247100,176642188.0
2024-02-09,WEGE3,33.79,33.8,33.27,33.37,11091,4039400,135141886.0
2024-02-14,WEGE3,33.37,33.76,33.29,33.53,14494,4030600,134982029.0
2024-02-15,WEGE3,33.7,33.87,33.03,33.21,12485,4843200,161312151.0
2024-02-16,WEGE3,33.4,33.57,33.15,33.4,11341,6428400,214687883.0
2024-02-19,WEGE3,33.33,33.49,33.05,33.49,9380,2780000,92567401.0
2024-02-20,WEGE3,33.44,34.41,33.26,34.27,21258,8284100,282206279.0
2024-02-21,WEGE3,35.86,36.63,35.51,36.63,54824,23108000,837560950.0
2024-02-22,WEGE3,36.55,36.79,34.94,35.47,36354,12996800,463428623.0
2024-02-23,WEGE3,35.5,36.38,35.38,35.98,23634,8754000,315529901.0
2024-02-26,WEGE3,35.87,36.89,35.66,36.57,21867,8763800,319866819.0
2024-02-27,WEGE3,36.62,37.08,36.25,36.96,19619,5289600,194592928.0
2024-02-28,WEGE3,36.9,37.05,36.61,36.91,13029,3790300,139846565.0
2024-02-29,WEGE3,36.76,37.09,36.57,36.69,15264,7661800,281800912.0
2024-03-01,WEGE3,36.78,37.58,36.77,37.29,21140,6120900,228325113.0
2024-03-04,WEGE3,37.22,37.43,36.67,37.14,16153,4484000,165912064.0
2024-03-05,WEGE3,37.14,37.55,36.92,37.43,18554,6135700,229104010.0
2024-03-06,WEGE3,37.4,37.54,37.03,37.13,13117,4395500,163502538.0
2024-03-07,WEGE3,37.0,37.11,36.52,36.9,10549,3489600,128385140.0
2024-03-08,WEGE3,36.85,37.14,36.56,36.92,10852,2724400,100630296.0
2024-03-11,WEGE3,36.68,37.33,36.65,37.16,9908,3755200,139164551.0
2024-03-12,WEGE3,37.22,37.88,37.15,37.61,16709,5878500,220948973.0
2024-03-13,WEGE3,37.55,38.16,37.5,38.02,15184,4603100,174663117.0
2024-03-14,WEGE3,37.69,38.05,37.59,37.79,15395,4046200,152837673.0
2024-03-15,WEGE3,38.16,38.83,37.55,38.0,15848,9874600,376279580.0
2024-03-18,WEGE3,37.95,38.16,37.68,38.0,12021,5536500,210262472.0
2024-03-19,WEGE3,38.1,38.94,38.02,38.76,22262,8934600,344760137.0
2024-03-20,WEGE3,38.91,38.97,38.6,38.83,13109,4640600,180104754.0
2024-03-21,WEGE3,38.79,39.87,38.75,39.43,14258,9309100,367415641.0
2024-03-22,WEGE3,39.39,40.02,39.31,39.74,12585,5473200,218016400.0
2024-03-25,WEGE3,39.56,39.68,38.98,39.04,11527,3554400,139191375.0
2024-03-26,WEGE3,38.94,39.38,38.66,38.78,14237,7648500,297913432.0
2024-03-27,WEGE3,38.76,38.93,38.24,38.55,12049,4968600,191451270.0
2024-03-28,WEGE3,38.49,38.72,38.06,38.2,9957,5257500,201482093.0
2024-04-01,WEGE3,38.2,38.34,37.57,37.99,12620,6335000,239625817.0
2024-04-02,WEGE3,37.86,38.31,37.8,38.17,14021,5312400,202374458.0
2024-04-03,WEGE3,38.22,38.46,37.68,37.89,14974,7117600,270510271.0
2024-04-04,WEGE3,37.89,38.67,37.82,38.1,14802,4821600,185117671.0
2024-04-05,WEGE3,37.92,38.2,37.82,37.99,9896,4478300,170314474.0
2024-04-08,WEGE3,37.95,38.35,37.74,38.2,9309,3081900,117646606.0
2024-04-09,WEGE3,38.16,38.9,38.11,38.8,13781,3764800,145779566.0
2024-04-10,WEGE3,38.7,39.21,38.31,38.4,20154,7144900,276514339.0
2024-04-11,WEGE3,38.22,38.74,38.04,38.24,15409,4135800,158864930.0
2024-04-12,WEGE3,38.0,38.46,37.67,37.98,17562,6023700,229177408.0
2024-04-15,WEGE3,37.98,38.1,37.47,37.64,19307,4838200,182902294.0
2024-04-16,WEGE3,37.29,39.0,37.03,38.77,34995,13386100,517081290.0
2024-04-17,WEGE3,38.77,38.85,38.06,38.22,24982,6574700,251912758.0
2024-04-18,WEGE3,38.22,38.66,38.1,38.6,20225,6347300,243896447.0
2024-04-19,WEGE3,38.46,38.92,38.33,38.55,28262,8282400,319774977.0
2024-04-22,WEGE3,38.26,38.57,38.11,38.27,16314,5350900,205107814.0
2024-04-23,WEGE3,38.08,38.38,37.8,37.99,12171,4381600,166855003.0
2024-04-24,WEGE3,37.97,38.63,37.95,38.23,17985,4946800,189769615.0
2024-04-25,WEGE3,38.08,38.76,37.98,38.67,11608,5460400,210348464.0
2024-04-26,WEGE3,38.87,39.38,38.66,39.22,17373,5977700,234240786.0
2024-04-29,WEGE3,39.22,39.47,38.94,39.36,13497,4677100,183674090.0
2024-04-30,WEGE3,39.24,39.77,39.16,39.55,22920,6934600,273997577.0
2024-05-02,WEGE3,39.69,40.0,38.0,38.85,35282,12268300,475247549.0
2024-05-03,WEGE3,38.99,38.99,38.24,38.77,16993,5086200,196576336.0
2024-05-06,WEGE3,38.61,38.92,38.4,38.63,9942,2810000,108695123.0
2024-05-07,WEGE3,38.6,39.21,38.5,38.9,12995,4895900,190675783.0
2024-05-08,WEGE3,38.7,39.09,38.56,39.09,12983,3759000,146329094.0
2024-05-09,WEGE3,38.67,38.93,38.27,38.9,16386,4949800,191655609.0
2024-05-10,WEGE3,38.86,39.11,38.72,38.97,9099,3461100,134677756.0
2024-05-13,WEGE3,39.09,39.32,38.5,39.08,12104,11032700,427606034.0
2024-05-14,WEGE3,39.01,39.79,38.99,39.61,17474,9947400,391454469.0
2024-05-15,WEGE3,39.65,39.97,39.38,39.62,12727,3768600,149626998.0
2024-05-16,WEGE3,39.72,39.8,39.1,39.6,10020,3271800,129155284.0
2024-05-17,WEGE3,39.31,39.64,38.92,39.64,14755,6701800,264118171.0
2024-05-20,WEGE3,39.45,39.85,39.27,39.85,18117,8148200,323286496.0
2024-05-21,WEGE3,39.72,39.92,39.5,39.76,16832,6672800,265059685.0
2024-05-22,WEGE3,39.6,39.75,39.21,39.28,19948,7065600,278493958.0
2024-05-23,WEGE3,39.0,39.18,38.8,39.03,18326,5413400,211057161.0
2024-05-24,WEGE3,38.89,38.89,38.07,38.34,33660,9008000,346917117.0
2024-05-27,WEGE3,38.34,38.41,38.13,38.35,8108,1905700,72970534.0
2024-05-28,WEGE3,38.41,38.46,38.01,38.23,23656,4937400,188828625.0
2024-05-29,WEGE3,37.9,37.96,37.5,37.73,24115,7136500,269698426.0
2024-05-31,WEGE3,37.56,37.83,37.36,37.55,20720,21946000,824402183.0
2024-06-03,WEGE3,37.73,37.85,37.32,37.34,11128,5074200,189884144.0
2024-06-04,WEGE3,37.3,38.05,37.18,37.8,12897,4322600,163213128.0
2024-06-05,WEGE3,37.09,37.75,36.79,37.54,20601,8883900,332262429.0
2024-06-06,WEGE3,37.36,38.13,37.33,37.81,18957,5135800,194292777.0
2024-06-07,WEGE3,37.43,37.99,37.4,37.85,17512,6847500,258812771.0
2024-06-10,WEGE3,37.84,38.27,37.78,37.81,14253,4491300,170468244.0
2024-06-11,WEGE3,37.91,38.1,37.72,37.8,12764,5918200,223926910.0
2024-06-12,WEGE3,37.81,38.17,37.1,38.07,28246,12710400,479708215.0
2024-06-13,WEGE3,38.15,38.47,37.97,38.42,15332,5056600,193837200.0
2024-06-14,WEGE3,38.24,39.3,38.24,38.77,32575,11831700,461570794.0
2024-06-17,WEGE3,38.6,39.27,38.4,38.77,17452,6603100,256332706.0
2024-06-18,WEGE3,38.77,39.08,38.42,38.86,16104,4188300,162389901.0
2024-06-19,WEGE3,39.3,39.82,39.02,39.81,17073,7729100,306012923.0
2024-06-20,WEGE3,39.87,40.78,39.87,40.78,20929,10168600,411885887.0
2024-06-21,WEGE3,40.72,41.41,40.47,41.08,24467,12574000,516761252.0
2024-06-24,WEGE3,40.8,41.29,40.63,40.87,25701,8649700,354470304.0
2024-06-25,WEGE3,40.85,41.72,40.7,41.57,28937,7233100,299481607.0
2024-06-26,WEGE3,41.29,42.14,41.13,41.95,31092,9408900,394867240.0
2024-06-27,WEGE3,42.0,42.34,41.38,41.7,18721,8056700,336259159.0
2024-06-28,WEGE3,41.7,42.19,41.35,42.19,25585,11180100,468674432.0
2024-07-01,WEGE3,41.85,42.46,41.78,41.97,12175,3981200,167319845.0
2024-07-02,WEGE3,42.02,42.39,41.95,42.03,13105,5461800,230049768.0
2024-07-03,WEGE3,42.32,42.58,42.0,42.11,15422,4894700,206997184.0
2024-07-04,WEGE3,42.3,42.31,41.76,41.89,8708,3864100,162024211.0
2024-07-05,WEGE3,42.02,42.43,41.97,42.19,13089,3948100,166719914.0
2024-07-08,WEGE3,42.19,44.47,42.18,44.47,41571,11694400,513145973.0
2024-07-09,WEGE3,44.09,44.6,44.05,44.55,17645,5605400,248690298.0
2024-07-10,WEGE3,44.55,44.84,43.92,44.05,19474,4993800,220157021.0
2024-07-11,WEGE3,43.9,44.96,43.9,44.96,14468,5502300,246316161.0
2024-07-12,WEGE3,44.96,46.46,44.95,45.88,22194,8072900,370733101.0
2024-07-15,WEGE3,45.89,46.63,45.77,46.51,15091,4646400,215029719.0
2024-07-16,WEGE3,46.57,47.21,46.39,46.68,23464,8663600,405237144.0
2024-07-17,WEGE3,46.88,47.36,46.55,47.05,21580,5579100,262606435.0
2024-07-18,WEGE3,46.98,47.4,46.55,47.4,16647,7334900,346004520.0
2024-07-19,WEGE3,47.7,47.92,47.13,47.29,12778,4210800,199405212.0
2024-07-22,WEGE3,47.29,47.46,46.95,47.17,10731,3704000,174555896.0
2024-07-23,WEGE3,46.8,47.37,46.8,47.05,16587,4935300,232567968.0
2024-07-24,WEGE3,46.95,47.14,46.41,46.65,15876,3907100,182524914.0
2024-07-25,WEGE3,46.34,46.49,45.67,45.95,19546,5990900,275594354.0
2024-07-26,WEGE3,46.05,46.96,45.95,46.92,15072,5986900,278865447.0
2024-07-29,WEGE3,46.73,47.02,46.4,46.48,13184,3952200,183720546.0
2024-07-30,WEGE3,46.46,46.51,45.71,45.86,16389,7409900,340204672.0
2024-07-31,WEGE3,47.22,50.88,47.14,50.66,50609,21911100,1088899377.0
2024-08-01,WEGE3,50.6,52.93,50.03,52.84,39985,13624400,707708966.0
2024-08-02,WEGE3,52.65,52.84,49.67,49.82,38656,15383000,778065280.0
2024-08-05,WEGE3,48.0,49.43,47.57,48.86,36823,10892300,530126482.0
2024-08-06,WEGE3,49.31,49.31,48.32,48.97,19762,5361900,262488473.0
2024-08-07,WEGE3,49.12,49.14,48.17,48.32,19621,4746100,230463606.0
2024-08-08,WEGE3,48.3,50.15,48.25,49.69,24138,6144900,304372793.0
2024-08-09,WEGE3,49.77,50.1,48.69,49.7,28095,7694300,380874367.0
2024-08-12,WEGE3,50.07,50.77,49.79,50.58,27468,8193400,413386546.0
2024-08-13,WEGE3,50.98,52.29,50.82,51.13,33865,10203100,524131266.0
2024-08-14,WEGE3,51.16,51.81,50.9,51.54,26951,7557200,389063624.0
2024-08-15,WEGE3,51.97,53.08,51.88,52.7,23389,6993700,367749480.0
2024-08-16,WEGE3,52.98,53.98,52.4,53.25,25671,10595800,564783640.0
2024-08-19,WEGE3,53.67,54.0,51.79,51.79,33718,11183700,586873255.0
2024-08-20,WEGE3,52.28,53.42,51.92,53.11,19960,6174500,326871218.0
2024-08-21,WEGE3,53.05,53.6,52.67,53.43,16120,4524500,240932065.0
2024-08-22,WEGE3,53.45,54.78,53.45,54.2,26106,6979500,379077543.0
2024-08-23,WEGE3,54.5,54.75,53.77,53.81,16409,4681100,252640001.0
2024-08-26,WEGE3,53.81,54.2,53.16,54.08,14723,4814100,259616174.0
2024-08-27,WEGE3,54.08,54.32,53.4,54.0,13325,3857600,208014301.0
2024-08-28,WEGE3,54.01,54.57,53.69,54.0,14267,3555600,191970176.0
2024-08-29,WEGE3,53.75,54.02,53.35,53.54,19160,6435200,345525304.0
2024-08-30,WEGE3,53.23,54.15,52.96,54.15,18230,17140300,925821180.0
2024-09-02,WEGE3,54.49,54.59,52.17,52.35,18348,5049200,266551406.0
2024-09-03,WEGE3,52.38,53.11,52.2,52.8,20338,4760400,251043941.0
2024-09-04,WEGE3,52.93,53.61,52.53,53.39,17170,4687100,249343822.0
2024-09-05,WEGE3,53.02,54.1,52.86,53.99,16200,3816500,204963939.0
2024-09-06,WEGE3,53.79,53.91,52.72,52.88,16457,4776400,253120707.0
2024-09-09,WEGE3,52.85,53.03,52.07,52.45,15668,4805900,252072614.0
2024-09-10,WEGE3,52.35,52.89,51.95,52.89,15385,5643900,296667378.0
2024-09-11,WEGE3,52.61,53.81,52.61,53.5,20975,6069800,323771246.0
2024-09-12,WEGE3,53.35,54.28,52.64,53.31,22350,6480500,346514930.0
2024-09-13,WEGE3,53.26,54.15,52.98,53.62,11463,2955000,158475463.0
2024-09-16,WEGE3,53.62,53.92,52.65,53.0,11951,2720400,144111970.0
2024-09-17,WEGE3,53.0,53.48,52.76,53.32,15475,4258700,226445121.0
2024-09-18,WEGE3,53.2,54.27,52.95,53.36,19138,6973800,373103967.0
2024-09-19,WEGE3,53.3,53.5,52.82,53.26,17090,4842400,257407052.0
2024-09-20,WEGE3,53.01,53.57,52.52,52.52,19683,11817800,623851455.0
2024-09-23,WEGE3,52.41,54.32,52.39,54.32,18050,4877100,262161518.0
2024-09-24,WEGE3,54.5,55.78,54.47,55.39,22778,8896000,492979117.0
2024-09-25,WEGE3,55.55,55.86,55.05,55.68,24025,6674000,370560398.0
2024-09-26,WEGE3,55.8,56.14,55.21,56.05,21387,5616900,314019180.0
2024-09-27,WEGE3,55.95,56.09,55.51,56.03,20512,6450600,360743623.0
2024-09-30,WEGE3,55.63,56.24,54.39,54.39,17969,6435400,352230291.0
2024-10-01,WEGE3,55.0,56.22,54.8,55.88,19647,8044000,447929361.0
2024-10-02,WEGE3,56.13,56.37,55.14,55.35,19381,5130300,285232576.0
2024-10-03,WEGE3,54.76,55.0,53.95,54.6,18974,4470600,243616998.0
2024-10-04,WEGE3,54.36,54.98,54.26,54.5,19335,4818600,263061632.0
2024-10-07,WEGE3,54.65,54.71,53.36,53.4,16744,5409300,291127152.0
2024-10-08,WEGE3,53.4,54.57,53.39,54.31,22001,6798000,368213165.0
2024-10-09,WEGE3,53.92,54.31,53.29,54.0,18269,5806100,313071651.0
2024-10-10,WEGE3,53.7,54.18,53.52,54.18,14424,3762500,202915781.0
2024-10-11,WEGE3,54.19,54.38,53.63,54.17,13883,3283500,177674597.0
2024-10-14,WEGE3,54.17,55.04,53.7,55.04,16753,5422800,296174564.0
2024-10-15,WEGE3,55.4,56.53,54.88,56.53,24605,8123800,453207356.0
2024-10-16,WEGE3,56.01,57.22,56.01,57.19,34217,10016400,569541072.0
2024-10-17,WEGE3,56.9,57.09,56.0,56.22,19910,5134400,289380660.0
2024-10-18,WEGE3,56.54,56.68,54.94,55.22,18277,5431900,300601895.0
2024-10-21,WEGE3,55.53,55.55,54.75,55.04,18252,5297800,291809344.0
2024-10-22,WEGE3,54.8,55.95,54.6,55.95,17110,4733100,262980367.0
2024-10-23,WEGE3,55.45,56.55,55.12,56.2,17778,4913300,275738788.0
2024-10-24,WEGE3,56.25,56.6,55.5,56.27,15601,3520800,196995010.0
2024-10-25,WEGE3,56.15,56.28,55.43,55.47,15183,3795800,211502572.0
2024-10-28,WEGE3,56.2,56.45,55.86,56.26,9215,2063700,115759346.0
2024-10-29,WEGE3,56.12,57.01,56.04,56.94,18328,4877100,276383375.0
2024-10-30,WEGE3,55.27,55.38,53.45,54.0,46872,20716600,1119466391.0
2024-10-31,WEGE3,53.9,54.65,53.25,54.11,20173,9694500,525496177.0
2024-11-01,WEGE3,54.95,55.55,54.63,54.7,22331,6364400,350425495.0
2024-11-04,WEGE3,55.22,56.19,54.22,56.19,24904,6547400,363537046.0
2024-11-05,WEGE3,55.88,56.32,54.92,56.01,18289,5779800,321092759.0
2024-11-06,WEGE3,55.62,56.61,55.17,56.09,22328,5170500,289469894.0
2024-11-07,WEGE3,55.86,56.19,54.86,55.77,18609,4521400,251508709.0
2024-11-08,WEGE3,55.01,55.71,54.9,55.09,22915,7160900,395021336.0
2024-11-11,WEGE3,54.66,55.49,54.55,55.49,14383,3348100,184750989.0
2024-11-12,WEGE3,55.1,55.47,55.0,55.42,17706,3988000,220356018.0
2024-11-13,WEGE3,55.16,55.55,54.51,54.7,24259,9208500,504731303.0
2024-11-14,WEGE3,54.65,54.79,53.9,54.35,25699,6069100,329318112.0
2024-11-18,WEGE3,53.92,54.31,53.59,54.0,17899,3437300,185496002.0
2024-11-19,WEGE3,53.99,54.51,53.54,54.13,14681,4176900,225902100.0
2024-11-21,WEGE3,53.74,53.95,53.16,53.73,22383,6608700,354476526.0
2024-11-22,WEGE3,53.95,54.26,53.63,54.01,21141,5029700,271313353.0
2024-11-25,WEGE3,54.02,54.21,52.08,52.15,30441,12443900,653472065.0
2024-11-26,WEGE3,52.16,53.09,52.03,52.78,27742,8886200,467764532.0
2024-11-27,WEGE3,52.93,53.26,51.9,51.91,29546,6111900,319496082.0
2024-11-28,WEGE3,51.91,53.59,51.53,52.91,24505,7146300,377080629.0
2024-11-29,WEGE3,52.75,54.29,52.28,53.94,28922,8458300,454269197.0
2024-12-02,WEGE3,53.54,54.34,53.21,53.85,25929,6197600,334075823.0
2024-12-03,WEGE3,53.85,54.94,53.5,54.6,21882,6016400,328361046.0
2024-12-04,WEGE3,54.55,56.0,54.47,55.0,22914,5505900,304298512.0
2024-12-05,WEGE3,55.17,55.7,54.62,54.93,17843,5198100,285881444.0
2024-12-06,WEGE3,54.78,55.84,54.75,55.6,26942,6487800,360218901.0
2024-12-09,WEGE3,55.6,55.97,55.42,55.75,16440,4459000,248675351.0
2024-12-10,WEGE3,55.99,57.31,55.92,56.88,22301,5662200,321943085.0
2024-12-11,WEGE3,57.0,59.83,56.73,58.55,35786,10358000,602902648.0
2024-12-12,WEGE3,58.47,58.52,57.13,57.8,36985,10479800,605197226.0
2024-12-13,WEGE3,57.8,58.52,57.64,57.66,25938,6351600,368891494.0
2024-12-16,WEGE3,57.85,58.17,57.11,57.11,19844,5966200,343198571.0
2024-12-17,WEGE3,57.71,58.5,57.33,57.9,37829,9401900,545228613.0
2024-12-18,WEGE3,57.79,58.55,56.56,57.05,40348,10121900,583429544.0
2024-12-19,WEGE3,57.51,58.66,56.44,56.46,33601,9028800,519006015.0
2024-12-20,WEGE3,56.14,56.37,54.41,55.54,30352,14172000,784170607.0
2024-12-23,WEGE3,55.49,55.49,54.22,54.24,17761,4062100,221400355.0
2024-12-26,WEGE3,54.24,54.9,54.1,54.66,13422,3560800,194491761.0
2024-12-27,WEGE3,54.9,55.0,53.68,53.68,14963,3720300,200617566.0
2024-12-30,WEGE3,53.69,54.01,52.73,52.77,17347,4283000,227015576.0
2025-01-02,WEGE3,52.61,53.06,52.25,52.72,18649,4029300,212340101.0
2025-01-03,WEGE3,52.6,53.11,52.26,52.46,23008,5795500,304953600.0
2025-01-06,WEGE3,52.57,52.74,51.66,52.47,20412,5551100,289825816.0
2025-01-07,WEGE3,52.8,53.65,52.44,53.52,29612,7466200,397361451.0
2025-01-08,WEGE3,52.77,54.37,52.67,53.21,19202,6627600,353802202.0
2025-01-09,WEGE3,53.2,54.45,53.2,54.29,13021,4555800,246610089.0
2025-01-10,WEGE3,54.07,54.47,52.87,53.35,23745,5768000,307981584.0
2025-01-13,WEGE3,53.39,53.85,52.69,53.25,18262,4563200,242720633.0
2025-01-14,WEGE3,53.3,53.59,52.57,52.93,23303,5413100,286458752.0
2025-01-15,WEGE3,53.59,54.26,52.72,54.16,19700,4634000,248424197.0
2025-01-16,WEGE3,54.13,54.42,53.19,53.67,16101,4442000,238263536.0
2025-01-17,WEGE3,53.71,54.17,53.37,54.17,10683,4222700,227608842.0
2025-01-20,WEGE3,54.11,55.3,53.86,55.13,12445,2471800,135313383.0
2025-01-21,WEGE3,54.91,55.96,54.64,55.63,16895,3951600,219400752.0
2025-01-22,WEGE3,56.02,56.48,55.58,56.44,23062,4930100,277659637.0
2025-01-23,WEGE3,56.44,57.27,56.35,57.25,15629,4528400,257460538.0
2025-01-24,WEGE3,56.97,57.9,56.83,57.87,21711,4763100,274355696.0
2025-01-27,WEGE3,56.59,56.73,52.8,53.31,68328,22361900,1204619104.0
2025-01-28,WEGE3,54.49,55.44,53.74,54.09,34665,10279700,556784682.0
2025-01-29,WEGE3,53.8,55.73,53.75,54.43,26393,7108300,389592098.0
2025-01-30,WEGE3,54.78,56.38,54.41,56.21,24543,6202600,346843969.0
2025-01-31,WEGE3,56.21,56.41,54.7,55.04,27202,7220600,399199208.0
2025-02-03,WEGE3,54.61,55.0,53.64,53.9,26768,7771800,419826465.0
2025-02-04,WEGE3,54.0,54.61,53.9,54.06,24006,5745400,311581715.0
2025-02-05,WEGE3,54.36,54.98,54.31,54.47,20134,4234700,231091670.0
2025-02-06,WEGE3,54.46,54.68,53.69,54.53,12808,5926400,321060440.0
2025-02-07,WEGE3,54.53,54.8,53.58,53.94,16449,4872800,262905167.0
2025-02-10,WEGE3,54.2,54.44,53.8,54.21,11951,3066100,165776893.0
2025-02-11,WEGE3,54.21,54.5,52.82,53.11,19067,6808600,362132256.0
2025-02-12,WEGE3,52.5,53.09,51.6,52.7,37670,8590300,449781803.0
2025-02-13,WEGE3,52.48,53.03,51.96,52.47,19574,5410300,283024174.0
2025-02-14,WEGE3,52.8,54.23,52.69,53.8,19519,7097900,378489151.0
2025-02-17,WEGE3,53.11,53.42,52.41,52.45,18191,5452400,287011629.0
2025-02-18,WEGE3,52.7,53.8,52.66,52.89,25819,8727000,463515675.0
2025-02-19,WEGE3,52.74,53.09,51.88,52.21,19679,6153300,321460196.0
2025-02-20,WEGE3,52.2,52.35,51.83,52.1,21290,6433300,334464844.0
2025-02-21,WEGE3,52.4,52.95,51.51,52.95,22115,8664000,452997460.0
2025-02-24,WEGE3,52.88,53.25,51.42,51.55,31170,9130900,477305803.0
2025-02-25,WEGE3,52.18,52.73,51.9,52.4,30904,8806700,461278749.0
2025-02-26,WEGE3,49.86,50.17,47.72,47.85,76342,25725700,1253065296.0
2025-02-27,WEGE3,48.19,49.44,47.9,48.9,36988,11326100,550781412.0
2025-02-28,WEGE3,48.74,48.8,47.9,48.42,21647,7843900,379504019.0
2025-03-05,WEGE3,48.0,48.38,47.35,47.65,30207,9387200,447788391.0
2025-03-06,WEGE3,47.66,47.9,46.28,47.28,34219,7728600,362498777.0
2025-03-07,WEGE3,46.97,48.34,46.93,47.89,27425,7584000,363067995.0
2025-03-10,WEGE3,47.28,47.72,47.04,47.68,23441,5747800,272806159.0
2025-03-11,WEGE3,47.42,47.73,46.47,46.6,32312,8850600,414219924.0
2025-03-12,WEGE3,46.73,47.49,46.54,47.2,27327,6859100,323298727.0
2025-03-13,WEGE3,47.2,47.27,46.29,46.74,23996,6531300,304991581.0
2025-03-14,WEGE3,46.7,46.79,46.04,46.74,24585,8528600,396977417.0
2025-03-17,WEGE3,47.95,48.08,46.93,47.65,31265,8931300,424554467.0
2025-03-18,WEGE3,47.62,47.95,46.84,47.65,21299,5953500,283012966.0
2025-03-19,WEGE3,47.71,48.2,47.71,48.14,17844,5319200,255717202.0
2025-03-20,WEGE3,48.25,48.26,47.79,47.9,19986,4807700,230826371.0
2025-03-21,WEGE3,47.97,48.15,47.2,47.85,21593,9662300,462020758.0
2025-03-24,WEGE3,47.7,47.76,47.01,47.36,17122,4934900,233941839.0
2025-03-25,WEGE3,47.44,47.64,46.87,47.0,20572,5214000,245882007.0
2025-03-26,WEGE3,47.0,47.11,46.15,46.75,24389,6298500,292790402.0
2025-03-27,WEGE3,46.95,47.06,46.14,46.39,26532,8070000,375251848.0
2025-03-28,WEGE3,46.39,46.45,45.6,45.85,14112,3862100,177111394.0
2025-03-31,WEGE3,45.58,45.73,45.15,45.28,19193,6231100,282630230.0
2025-04-01,WEGE3,45.61,45.64,44.78,45.35,21119,5457000,247142290.0
2025-04-02,WEGE3,45.35,45.48,44.55,44.9,17243,5444800,244900287.0
2025-04-03,WEGE3,44.44,45.22,44.06,44.27,30083,8146000,362422102.0
2025-04-04,WEGE3,43.99,44.14,42.72,43.72,33158,10632200,461713469.0
2025-04-07,WEGE3,43.15,44.11,42.65,44.0,40107,9948200,433322132.0
2025-04-08,WEGE3,44.52,44.77,43.75,44.0,22772,8394700,370459609.0
2025-04-09,WEGE3,43.77,46.1,43.66,45.41,35125,11604000,521930223.0
2025-04-10,WEGE3,45.4,45.46,44.3,44.91,18418,5364200,240492189.0
2025-04-11,WEGE3,45.1,45.35,44.74,45.12,10711,3282800,147970126.0
2025-04-14,WEGE3,45.5,45.85,45.05,45.82,16933,5625800,256338384.0
2025-04-15,WEGE3,45.85,46.33,45.5,45.82,13591,4444900,204055597.0
2025-04-16,WEGE3,45.82,46.07,45.21,45.84,24594,7962000,364048666.0
2025-04-17,WEGE3,45.73,46.18,45.48,45.95,12571,3543500,162640936.0
2025-04-22,WEGE3,46.21,46.48,45.61,46.24,15046,3871500,178463651.0
2025-04-23,WEGE3,46.51,47.12,46.24,46.27,24980,8449700,393291365.0
2025-04-24,WEGE3,46.45,48.98,46.39,48.59,31648,13221900,632572664.0
2025-04-25,WEGE3,48.88,50.29,48.58,49.89,28999,10397200,517804918.0
2025-04-28,WEGE3,50.01,50.8,49.92,50.32,26154,8104100,408312882.0
2025-04-29,WEGE3,50.3,50.86,50.12,50.47,19987,5513900,278324572.0
2025-04-30,WEGE3,47.0,47.28,44.64,44.64,67829,34414500,1559988246.0
2025-05-02,WEGE3,44.95,45.22,44.42,44.42,31860,18290500,816166105.0
2025-05-05,WEGE3,43.99,44.15,42.25,42.53,49400,15804300,677643165.0
2025-05-06,WEGE3,42.82,43.38,42.72,42.95,22740,6818100,293548273.0
2025-05-07,WEGE3,43.2,43.3,41.79,41.95,30578,9070700,381942392.0
2025-05-08,WEGE3,42.42,42.94,42.09,42.21,29520,12632900,537935895.0
2025-05-09,WEGE3,42.5,42.53,41.79,41.79,20456,5967300,250743167.0
2025-05-12,WEGE3,42.15,43.08,42.05,42.67,22136,10286700,438983441.0
2025-05-13,WEGE3,43.0,44.2,42.97,44.0,26419,11479300,503343998.0
2025-05-14,WEGE3,44.03,44.4,43.81,44.07,19881,7012500,309906466.0
2025-05-15,WEGE3,43.92,44.46,43.85,44.17,15746,6936800,306397398.0
2025-05-16,WEGE3,44.0,45.5,43.98,45.0,25629,8770900,392949159.0
2025-05-19,WEGE3,44.95,45.11,44.36,44.55,14263,3814500,170383383.0
2025-05-20,WEGE3,44.55,44.71,43.71,44.53,16185,4196400,185448473.0
2025-05-21,WEGE3,44.36,44.62,43.12,43.45,22578,7585500,330906283.0
2025-05-22,WEGE3,43.7,44.38,43.31,43.67,22759,8321200,365440366.0
2025-05-23,WEGE3,43.33,43.69,42.94,43.69,20717,5707700,247227916.0
2025-05-26,WEGE3,43.89,44.14,43.69,43.73,7179,1926500,84516280.0
2025-05-27,WEGE3,44.24,44.78,43.96,44.59,17679,5502100,245169221.0
2025-05-28,WEGE3,44.6,44.66,44.06,44.66,15196,5306500,235691923.0
2025-05-29,WEGE3,44.4,44.6,43.9,44.02,20592,6974600,307687563.0
2025-05-30,WEGE3,44.09,44.14,42.35,42.35,22041,13668500,583876519.0
2025-06-02,WEGE3,42.35,42.35,41.6,41.85,27049,7716100,323400130.0
2025-06-03,WEGE3,41.7,42.38,41.68,41.7,20418,6516500,273273383.0
2025-06-04,WEGE3,42.09,43.27,41.96,43.16,25834,12869400,553250380.0
2025-06-05,WEGE3,43.13,43.9,42.54,42.54,29745,12056700,520943315.0
2025-06-06,WEGE3,42.54,43.0,42.49,42.57,14912,4539700,193775184.0
2025-06-09,WEGE3,42.43,42.96,41.82,42.84,13442,4151900,176874867.0
2025-06-10,WEGE3,43.39,43.39,42.15,42.3,19064,5988000,254028193.0
2025-06-11,WEGE3,42.3,42.58,41.62,42.29,16083,5025600,211645614.0
2025-06-12,WEGE3,42.0,42.64,41.6,42.26,14350,5467300,230811092.0
2025-06-13,WEGE3,41.75,42.93,41.6,42.39,17722,4922900,208891805.0
2025-06-16,WEGE3,42.71,43.43,42.42,42.54,21573,5928600,253972767.0
2025-06-17,WEGE3,42.52,42.9,41.11,41.41,22095,8397400,349067995.0
2025-06-18,WEGE3,41.55,42.04,41.44,41.86,13294,4336700,181383158.0
2025-06-20,WEGE3,41.43,42.4,41.31,41.64,17941,9459600,394826203.0
2025-06-23,WEGE3,41.35,41.79,40.85,41.6,18507,6081400,252068865.0
2025-06-24,WEGE3,42.0,42.1,41.22,41.44,13551,4735500,197181791.0
2025-06-25,WEGE3,41.51,41.91,41.11,41.82,12720,4072000,169786682.0
2025-06-26,WEGE3,41.89,43.62,41.89,43.07,25973,11156400,479116669.0
2025-06-27,WEGE3,42.71,43.45,42.35,42.35,16390,6983900,299030247.0
2025-06-30,WEGE3,42.31,43.13,42.23,42.78,25322,10282300,439407557.0
2025-07-01,WEGE3,42.68,42.99,42.36,42.5,16940,7110200,303296991.0
2025-07-02,WEGE3,42.28,43.12,42.11,42.43,30121,7025100,298917031.0
2025-07-03,WEGE3,42.5,42.95,42.23,42.71,23653,6963500,296534370.0
2025-07-04,WEGE3,42.87,43.38,42.79,43.0,15276,3488100,150305961.0
2025-07-07,WEGE3,43.0,43.11,42.24,42.33,14288,4161300,177035713.0
2025-07-08,WEGE3,42.69,42.69,40.44,40.61,31855,11029800,451863528.0
2025-07-09,WEGE3,40.5,40.55,39.96,40.11,49555,11678900,468758776.0
2025-07-10,WEGE3,39.44,40.24,39.19,39.9,39034,12622900,502446860.0
2025-07-11,WEGE3,39.86,40.08,39.37,39.75,23167,11071600,439341029.0
2025-07-14,WEGE3,39.58,40.1,39.53,39.53,13156,5026100,199476695.0
2025-07-15,WEGE3,39.6,39.97,39.22,39.67,23775,7131200,282026517.0
2025-07-16,WEGE3,39.85,41.3,39.7,41.12,30958,11531300,472156259.0
2025-07-17,WEGE3,41.4,42.51,41.38,42.09,41047,17894300,751849870.0
2025-07-18,WEGE3,42.24,42.88,42.02,42.37,33236,13710500,583055007.0
2025-07-21,WEGE3,43.04,43.05,41.78,41.97,20590,7733200,326779381.0
2025-07-22,WEGE3,42.0,42.25,41.32,41.32,17834,8965700,374184585.0
2025-07-23,WEGE3,39.31,39.94,38.01,38.01,63334,31116000,1209445853.0
2025-07-24,WEGE3,38.2,38.6,36.08,36.23,63704,30042500,1110398352.0
2025-07-25,WEGE3,36.49,36.6,35.94,36.17,38554,19064600,690598134.0
2025-07-28,WEGE3,36.1,36.73,36.0,36.73,23775,11133300,405516391.0
2025-07-29,WEGE3,37.15,37.94,36.58,36.58,38519,14293400,532820809.0
2025-07-30,WEGE3,36.65,37.48,35.75,36.85,37924,18990800,693098592.0
2025-07-31,WEGE3,36.61,37.33,35.9,37.11,37466,15042800,550435783.0
2025-08-01,WEGE3,37.27,37.32,36.34,37.18,29671,16118400,594339555.0
2025-08-04,WEGE3,37.41,37.79,37.02,37.07,19324,6629900,246972303.0
2025-08-05,WEGE3,37.07,37.41,36.93,37.13,17067,5735100,213233938.0
2025-08-06,WEGE3,37.4,38.22,37.32,38.16,30663,9789400,371058215.0
2025-08-07,WEGE3,38.18,39.63,38.16,39.0,36628,14205400,557328485.0
2025-08-08,WEGE3,38.93,39.34,37.96,38.1,26258,7471100,286879664.0
2025-08-11,WEGE3,38.13,38.17,37.03,37.22,23639,9567300,356281142.0
2025-08-12,WEGE3,37.65,37.65,36.52,36.61,21244,6654500,245060655.0
2025-08-13,WEGE3,36.62,36.88,36.26,36.62,27600,7988800,292521557.0
2025-08-14,WEGE3,36.43,36.88,36.05,36.49,19227,5821900,212557763.0
2025-08-15,WEGE3,36.8,36.8,35.72,35.97,20300,7182700,258236283.0
2025-08-18,WEGE3,36.15,36.56,36.08,36.41,17756,5425600,197194744.0
2025-08-19,WEGE3,36.0,36.13,35.37,35.6,18474,5848800,208882817.0
2025-08-20,WEGE3,35.54,36.07,35.25,36.07,18239,7037900,252226844.0
2025-08-21,WEGE3,35.82,36.29,35.82,35.91,13039,4723200,170152731.0
2025-08-22,WEGE3,36.15,37.55,35.93,37.5,29615,10637300,394441031.0
2025-08-25,WEGE3,37.64,37.99,37.46,37.73,14483,8394800,317240789.0
2025-08-26,WEGE3,37.8,37.94,37.37,37.59,19670,13465700,506063926.0
2025-08-27,WEGE3,37.68,38.07,37.37,37.74,12696,7509800,282579041.0
2025-08-28,WEGE3,38.0,38.32,37.64,37.82,17795,11601700,439079849.0
2025-08-29,WEGE3,37.86,38.1,37.58,37.66,25316,12724500,480331776.0
2025-09-01,WEGE3,37.93,37.99,37.5,37.81,10655,4831500,182112439.0
2025-09-02,WEGE3,37.54,38.0,37.47,37.68,13689,7248500,273804420.0
2025-09-03,WEGE3,37.77,37.86,37.41,37.85,15338,8758100,330076262.0
2025-09-04,WEGE3,37.73,37.95,37.25,37.25,16590,8614300,323402436.0
2025-09-05,WEGE3,37.55,38.24,37.55,37.85,13323,6112300,231549370.0
2025-09-08,WEGE3,37.86,38.0,37.18,37.44,15157,6063500,227468878.0
2025-09-09,WEGE3,37.26,37.63,36.96,36.98,15323,5401000,200170272.0
2025-09-10,WEGE3,37.0,37.55,36.96,37.28,14971,6369400,238030896.0
2025-09-11,WEGE3,37.39,37.45,36.71,36.83,20372,6560300,242045326.0
2025-09-12,WEGE3,36.63,37.0,36.47,36.95,11005,4907400,180573436.0
2025-09-15,WEGE3,36.67,37.03,36.3,36.51,13800,6287600,230502973.0
2025-09-16,WEGE3,36.73,36.91,36.44,36.77,12220,6047700,221717326.0
2025-09-17,WEGE3,36.79,36.98,36.46,36.71,16513,9531700,349824272.0
2025-09-18,WEGE3,36.81,36.95,36.41,36.73,15349,7699800,282124629.0
2025-09-19,WEGE3,36.73,36.99,36.35,36.35,13152,9696000,354068396.0
2025-09-22,WEGE3,36.32,37.24,36.07,37.11,21609,17499300,641798552.0
2025-09-23,WEGE3,37.11,37.41,36.63,36.7,20776,6867600,253555565.0
2025-09-24,WEGE3,36.74,37.09,36.6,36.89,13407,4562300,168251865.0
2025-09-25,WEGE3,36.99,36.99,36.11,36.35,21871,8075800,293441318.0
2025-09-26,WEGE3,36.49,36.6,36.21,36.32,9899,4490700,163568304.0
2025-09-29,WEGE3,36.97,36.97,36.03,36.37,13111,4873200,177081572.0
2025-09-30,WEGE3,36.6,36.79,36.25,36.59,19380,7668000,280050833.0
2025-10-01,WEGE3,36.29,36.36,35.52,35.79,33196,11275700,403688564.0
2025-10-02,WEGE3,35.87,36.35,35.74,36.13,18035,8501800,306187806.0
2025-10-03,WEGE3,36.2,37.15,36.19,36.4,21021,7971100,292374790.0
2025-10-06,WEGE3,36.41,36.57,35.54,35.68,24134,10721600,385482747.0
2025-10-07,WEGE3,35.67,36.31,35.6,35.73,14157,5190500,186024850.0
2025-10-08,WEGE3,35.89,36.01,35.41,35.5,16559,6387700,227488380.0
2025-10-09,WEGE3,35.61,37.35,35.61,37.2,29896,14768200,544363509.0
2025-10-10,WEGE3,37.25,37.68,36.69,36.69,28345,10273300,381778268.0
2025-10-13,WEGE3,36.79,37.96,36.78,37.84,24442,11420200,430082090.0
2025-10-14,WEGE3,37.68,38.1,37.31,37.33,21619,10186200,383651240.0
2025-10-15,WEGE3,37.38,37.85,37.28,37.42,16995,7314800,274554509.0
2025-10-16,WEGE3,37.59,38.58,37.3,38.43,25105,10795000,413061401.0
2025-10-17,WEGE3,38.31,40.66,38.23,40.15,44281,28853700,1153601446.0
2025-10-20,WEGE3,40.09,40.2,39.54,39.54,21793,12463500,496003226.0
2025-10-21,WEGE3,39.64,39.99,39.38,39.67,21602,10407600,413419312.0
2025-10-22,WEGE3,39.2,40.78,38.68,40.02,39143,16229100,651451263.0
2025-10-23,WEGE3,40.48,41.67,40.19,41.44,33590,15783500,650911838.0
2025-10-24,WEGE3,41.45,41.79,41.0,41.37,19781,10014800,415024867.0
2025-10-27,WEGE3,42.0,42.35,41.5,41.67,26677,11591400,485919276.0
2025-10-28,WEGE3,41.75,42.86,41.67,42.32,31109,9574200,406149328.0
2025-10-29,WEGE3,42.43,43.23,41.98,42.05,30054,12072900,514574021.0
2025-10-30,WEGE3,41.92,42.08,41.31,41.45,29883,11980500,498182480.0
2025-10-31,WEGE3,41.71,42.16,41.44,42.1,29475,12527900,524839301.0
2025-11-03,WEGE3,42.39,42.9,41.98,42.8,24828,8375200,356212177.0
2025-11-04,WEGE3,42.8,43.19,42.73,42.75,19043,7341200,315362486.0
2025-11-05,WEGE3,42.93,43.6,42.43,43.51,22279,6622000,287085681.0
2025-11-06,WEGE3,43.5,44.13,43.33,43.91,27202,11139300,488282608.0
2025-11-07,WEGE3,43.9,45.12,43.7,45.0,27102,12819800,572666836.0
2025-11-10,WEGE3,45.2,45.39,44.96,45.37,26878,10066300,454993524.0
2025-11-11,WEGE3,45.76,46.64,45.5,46.03,33169,10291400,474928246.0
2025-11-12,WEGE3,45.95,46.2,44.72,44.89,33129,10226300,460778116.0
2025-11-13,WEGE3,44.8,45.13,44.42,44.82,31789,10736800,480791872.0
2025-11-14,WEGE3,44.64,44.96,44.21,44.44,18972,6638500,295398811.0
2025-11-17,WEGE3,44.3,44.51,43.68,43.97,24180,9531800,419208000.0
2025-11-18,WEGE3,43.83,43.93,43.44,43.44,16027,7190100,313603403.0
2025-11-19,WEGE3,43.4,43.89,43.2,43.65,18803,7656600,333216824.0
2025-11-21,WEGE3,43.46,43.86,42.69,43.22,24597,9986100,430575576.0
2025-11-24,WEGE3,43.41,43.41,43.01,43.19,30627,12391300,534859372.0
2025-11-25,WEGE3,43.43,43.49,42.77,42.96,14423,4409100,189422445.0
2025-11-26,WEGE3,43.12,44.65,43.12,44.4,24072,8639200,381100235.0
2025-11-27,WEGE3,44.58,44.63,44.01,44.05,10756,3006400,132917838.0
2025-11-28,WEGE3,44.05,44.39,43.47,44.25,18538,7523800,330821187.0
2025-12-01,WEGE3,44.68,45.43,44.0,45.18,19651,17188500,773141479.0
2025-12-02,WEGE3,45.2,45.94,44.88,45.61,22690,5818500,265664214.0
2025-12-03,WEGE3,45.8,45.81,45.05,45.05,23844,10377300,471036583.0
2025-12-04,WEGE3,44.88,45.5,44.65,45.5,19426,7415000,334276994.0
2025-12-05,WEGE3,45.5,46.89,45.5,46.7,40541,15730200,730236008.0
2025-12-08,WEGE3,46.4,47.86,46.4,47.77,34815,10859600,513678516.0
2025-12-09,WEGE3,47.5,47.81,46.81,47.66,28026,8650500,410488847.0
2025-12-10,WEGE3,47.7,48.57,47.5,48.47,12123,4290600,206316858.0
2025-12-11,WEGE3,48.59,48.78,48.11,48.55,16628,5154200,249607670.0
2025-12-12,WEGE3,48.7,49.52,47.98,49.52,23322,9930700,484933560.0
2025-12-15,WEGE3,49.57,50.0,49.06,49.68,22587,12049800,598648742.0
2025-12-16,WEGE3,49.29,50.1,49.05,49.94,28210,10260500,510093091.0
2025-12-17,WEGE3,50.0,50.21,49.31,49.8,26959,10202400,506709882.0
2025-12-18,WEGE3,49.64,50.66,49.57,50.0,17192,5144100,257788538.0
2025-12-19,WEGE3,50.0,50.72,49.3,49.72,26035,12807100,637616368.0
2025-12-22,WEGE3,48.7,48.85,47.18,47.66,20126,6391700,303987456.0
2025-12-23,WEGE3,47.81,48.28,47.72,48.28,12252,4886100,234522719.0
2025-12-26,WEGE3,48.02,48.75,47.98,48.75,6600,1829300,88509406.0
2025-12-29,WEGE3,48.99,49.06,48.27,48.71,9578,3845900,186733067.0
2025-12-30,WEGE3,48.78,49.05,48.28,48.51,13631,4334800,210091130.0
2026-01-02,WEGE3,48.51,49.1,48.15,48.25,15555,4801300,232902846.0
2026-01-05,WEGE3,48.26,48.86,48.05,48.08,15898,4531300,218517579.0
2026-01-06,WEGE3,48.53,48.68,47.6,48.17,13895,5168600,248443120.0
2026-01-07,WEGE3,48.0,48.04,47.53,47.7,17189,4904900,233999793.0
2026-01-08,WEGE3,47.55,47.81,45.66,45.71,27466,9557100,443768849.0
2026-01-09,WEGE3,45.75,46.38,45.66,46.1,14929,4871300,224491741.0
2026-01-12,WEGE3,45.93,46.99,45.81,46.75,16860,4361500,203652452.0
2026-01-13,WEGE3,46.71,46.76,45.81,46.4,15940,5294900,244427375.0
2026-01-14,WEGE3,46.45,47.1,46.07,47.01,18669,6175000,287122797.0
2026-01-15,WEGE3,47.35,47.35,46.23,46.44,14975,4604100,213949767.0
2026-01-16,WEGE3,46.65,47.09,45.5,46.32,24195,9477300,439190679.0
2026-01-19,WEGE3,46.33,46.74,45.8,46.22,8208,5052000,232856011.0
2026-01-20,WEGE3,46.54,47.28,46.0,46.43,15919,5987900,279108514.0
2026-01-21,WEGE3,47.0,47.99,46.65,47.59,23355,7600400,360370745.0
2026-01-22,WEGE3,47.9,49.55,47.57,49.23,46864,14397700,707739476.0
2026-01-23,WEGE3,49.35,51.2,49.17,49.87,31533,9064000,452182695.0
2026-01-26,WEGE3,50.0,51.75,50.0,51.61,45657,14664900,751531077.0
2026-01-27,WEGE3,52.0,53.08,51.59,52.7,38850,11316400,597069172.0
2026-01-28,WEGE3,52.7,53.0,50.72,51.57,40232,13110700,678092835.0
2026-01-29,WEGE3,52.07,53.39,51.59,52.07,27772,9387700,491602327.0
2026-01-30,WEGE3,52.1,52.3,51.53,51.72,22450,7208800,374095667.0
2026-02-02,WEGE3,51.77,52.39,51.32,51.95,25701,6846500,354790086.0
2026-02-03,WEGE3,52.83,54.0,52.24,54.0,23174,6917500,370217998.0
2026-02-04,WEGE3,53.44,53.45,51.19,51.4,28553,8893000,461451598.0
2026-02-05,WEGE3,51.45,53.27,51.43,52.21,24631,7437700,391186893.0
2026-02-06,WEGE3,52.37,52.8,51.5,51.85,18708,5766100,299586749.0
2026-02-09,WEGE3,52.0,53.89,51.71,53.75,26071,7661100,407744109.0
2026-02-10,WEGE3,53.7,53.98,52.02,52.4,27175,8866200,468610927.0
2026-02-11,WEGE3,53.05,53.98,52.63,53.59,24927,6679200,356832057.0
2026-02-12,WEGE3,53.26,54.09,52.59,54.03,21886,6660500,357774994.0
2026-02-13,WEGE3,53.24,54.52,53.15,53.8,23142,7178200,386150699.0
2026-02-18,WEGE3,54.53,54.53,53.24,53.39,19480,7766100,417649585.0
2026-02-19,WEGE3,53.43,54.0,50.85,51.37,38120,11680200,601641038.0
2026-02-20,WEGE3,51.2,52.6,49.9,51.99,44506,14808500,761421329.0
2026-02-23,WEGE3,51.64,52.43,51.22,51.97,20085,5164300,268081103.0
2026-02-24,WEGE3,51.97,52.21,51.23,51.41,37401,11974100,618908840.0
2026-02-25,WEGE3,51.13,51.42,49.96,50.28,30870,10719400,540960674.0
2026-02-26,WEGE3,49.9,49.99,48.09,49.38,32743,9902400,486370646.0
2026-02-27,WEGE3,49.32,49.8,48.71,49.7,19244,7316400,362169468.0
2026-03-02,WEGE3,49.3,49.3,48.43,48.69,19586,5402000,263869708.0
2026-03-03,WEGE3,47.22,48.18,46.05,47.4,37810,13648400,645440892.0
2026-03-04,WEGE3,48.0,48.22,46.82,47.34,29331,6449100,305201811.0
2026-03-05,WEGE3,47.1,47.47,46.48,46.71,26962,7897500,371564330.0
2026-03-06,WEGE3,46.6,47.35,46.18,46.62,18584,5517900,258142500.0
2026-03-09,WEGE3,46.54,47.24,45.87,46.58,21796,5742300,267001162.0
2026-03-10,WEGE3,47.02,47.95,46.2,47.19,19572,5655000,266572808.0
2026-03-11,WEGE3,47.0,47.58,46.6,46.88,12969,3420400,160561879.0
2026-03-12,WEGE3,46.73,46.8,45.08,45.82,26126,7215300,330375792.0
2026-03-13,WEGE3,46.5,46.89,45.91,46.21,19093,4406200,203922986.0
2026-03-16,WEGE3,47.22,47.22,45.56,45.97,24056,5913000,272123997.0
2026-03-17,WEGE3,45.84,47.27,45.74,46.2,20168,5780200,268223890.0
2026-03-18,WEGE3,46.15,46.75,45.93,46.16,19719,5688200,263379856.0
2026-03-19,WEGE3,45.0,46.85,44.95,46.59,19699,5299300,244344655.0
2026-03-20,WEGE3,46.5,46.53,45.44,45.96,19663,10234300,469456323.0
2026-03-23,WEGE3,46.52,47.81,46.28,47.25,17550,5584500,263979836.0
2026-03-24,WEGE3,47.25,47.61,46.52,47.45,18443,5779900,272469339.0
2026-03-25,WEGE3,48.28,48.97,47.67,48.18,22388,8453500,408818571.0
2026-03-26,WEGE3,47.79,48.35,47.3,47.52,14652,4612800,220216675.0
2026-03-27,WEGE3,47.54,47.7,46.92,47.41,11717,3314900,156591295.0
2026-03-30,WEGE3,48.76,49.76,48.38,49.05,27828,8682700,425884353.0
2026-03-31,WEGE3,49.57,51.37,49.42,51.01,32004,11795500,596931278.0
2026-04-01,WEGE3,51.37,51.65,50.75,51.01,38135,12831600,656434824.0
2026-04-02,WEGE3,49.5,51.49,49.4,50.31,20742,7547300,380378780.0
2026-04-06,WEGE3,50.31,50.91,50.06,50.62,11954,2617700,132420296.0
2026-04-07,WEGE3,50.23,50.74,49.54,50.65,15177,3983500,199856539.0
2026-04-08,WEGE3,52.24,52.9,51.92,52.77,37725,10118800,531066594.0
2026-04-09,WEGE3,52.55,52.87,51.9,52.5,27187,6218000,326738982.0
2026-04-10,WEGE3,52.5,53.34,52.31,52.88,23794,6331000,334109716.0
2026-04-13,WEGE3,52.77,52.88,52.04,52.04,21773,5536700,289652347.0
2026-04-14,WEGE3,52.29,52.35,50.59,51.9,35762,11897600,613599508.0
2026-04-15,WEGE3,51.9,52.1,49.31,49.96,41979,14915400,745549688.0
2026-04-16,WEGE3,50.2,50.25,48.16,48.4,23159,10979400,532804931.0
2026-04-17,WEGE3,49.1,49.95,48.6,48.65,29984,9369800,461027567.0
2026-04-20,WEGE3,48.75,49.02,48.24,48.48,15979,4448400,216418018.0
2026-04-22,WEGE3,48.28,48.93,46.62,47.4,27530,10210700,484500800.0
2026-04-23,WEGE3,47.46,49.05,47.3,48.28,28554,10526700,510617325.0
2026-04-24,WEGE3,48.63,48.63,47.37,47.8,17638,5113600,244407273.0
2026-04-27,WEGE3,47.88,48.51,47.62,48.19,19910,5188300,249813723.0
2026-04-28,WEGE3,47.7,48.0,47.01,47.29,18227,6446500,305201994.0
2026-04-29,WEGE3,46.02,46.79,43.9,44.1,48624,18546300,836732429.0
2026-04-30,WEGE3,44.32,45.46,44.1,44.86,26630,11343400,509022568.0
2026-05-04,WEGE3,44.92,45.12,44.03,44.36,23574,7037600,312708996.0
2026-05-05,WEGE3,44.27,44.74,43.47,43.54,23351,7527400,330479864.0
2026-05-06,WEGE3,44.07,45.35,44.0,44.94,21911,6614900,297244167.0
2026-05-07,WEGE3,44.77,45.05,44.31,44.31,16687,4182700,186304721.0
2026-05-08,WEGE3,44.81,46.57,44.71,45.52,36592,10951500,503517613.0
2026-05-11,WEGE3,45.12,45.28,44.02,44.16,17801,6362800,282333187.0
2026-05-12,WEGE3,44.01,44.12,43.04,43.39,26950,7511100,326050228.0
2026-05-13,WEGE3,43.38,43.53,42.19,43.31,29584,9255500,396963286.0
2026-05-14,WEGE3,43.86,44.47,43.58,43.72,26305,7130800,313908882.0
2026-05-15,WEGE3,43.13,43.5,42.83,43.13,19025,5283000,228094529.0
2026-05-18,WEGE3,43.27,43.27,42.01,42.34,19992,6993100,296120469.0
2026-05-19,WEGE3,42.19,42.42,41.51,41.82,25416,6814600,285241013.0
2026-05-20,WEGE3,42.25,42.9,41.81,42.58,23546,6975500,296963557.0
2026-05-21,WEGE3,42.12,42.85,41.93,42.47,13021,3527300,149649559.0
2026-05-22,WEGE3,42.14,43.27,42.05,42.73,17827,4827600,206570630.0
2026-05-25,WEGE3,43.27,43.52,43.0,43.31,10714,2514500,108879219.0
2026-05-26,WEGE3,43.0,43.44,42.66,43.44,13275,3932200,169325881.0
2026-05-27,WEGE3,44.18,44.36,43.4,43.45,11955,3920700,171285803.0
2026-05-28,WEGE3,43.89,44.02,43.28,43.72,12757,4259200,186304936.0
2026-05-29,WEGE3,43.6,44.3,43.1,44.1,22836,25788300,1136033691.0
2026-06-01,WEGE3,44.55,44.86,42.84,43.0,21141,10985100,473986057.0
2026-06-02,WEGE3,42.88,43.36,41.63,42.0,21975,9991100,421919140.0
2026-06-03,WEGE3,41.6,42.45,41.29,41.78,24304,6573100,275818513.0
2026-06-05,WEGE3,41.92,42.66,41.52,42.46,27179,10063800,424554842.0
2026-06-08,WEGE3,42.55,44.36,42.32,44.0,29102,9657900,423684017.0
2026-06-09,WEGE3,44.09,44.17,42.78,43.33,25364,9564900,414224861.0
2026-06-10,WEGE3,43.13,43.22,42.07,42.39,23892,7939100,336395110.0
2026-06-11,WEGE3,42.11,42.81,41.67,42.35,25217,9103200,383751205.0
2026-06-12,WEGE3,41.86,43.23,41.86,42.61,17243,5024000,214459262.0
2026-06-15,WEGE3,43.27,43.96,42.45,42.78,17780,6230000,267740941.0
2026-06-16,WEGE3,42.78,43.07,42.18,42.83,19348,5226700,222945497.0
2026-06-17,WEGE3,42.62,44.39,42.6,43.8,27243,9704200,425932912.0
2026-06-18,WEGE3,43.81,46.23,43.81,45.81,39185,16176500,738768905.0
2026-06-19,WEGE3,46.05,46.2,44.85,45.16,19390,10402700,470238651.0
2026-06-22,WEGE3,45.02,45.8,44.61,45.25,15514,5109100,231721009.0
2026-06-23,WEGE3,44.96,46.14,44.43,45.71,23241,8107300,368865603.0
2026-06-24,WEGE3,45.53,46.62,45.38,46.61,27332,9621200,445094980.0
2026-06-25,WEGE3,46.89,47.37,46.23,46.5,24063,7163600,334662401.0
2026-06-26,WEGE3,46.6,47.32,46.18,46.9,18908,6014600,282123739.0
2026-06-29,WEGE3,46.9,46.9,46.01,46.79,9885,3248800,151299178.0
2026-06-30,WEGE3,46.25,47.14,46.18,46.91,20498,6927400,324152033.0
2026-07-01,WEGE3,46.91,47.13,46.1,46.26,13999,4539000,210401565.0
2026-07-02,WEGE3,46.4,46.45,45.91,46.26,17976,7406500,342263270.0
2026-07-03,WEGE3,46.3,46.9,46.27,46.48,9470,2348100,109486075.0
2026-07-06,WEGE3,46.2,46.55,45.77,46.26,12260,3598900,166218095.0
2026-07-07,WEGE3,46.25,46.43,45.76,45.87,16599,4428600,203335362.0
2026-07-08,WEGE3,45.7,45.98,45.12,45.35,10041,3293300,149534791.0
2026-07-09,WEGE3,45.51,45.94,45.16,45.74,14902,4324900,197744005.0
2026-07-10,WEGE3,46.8,46.8,46.11,46.51,22390,7150700,332444877.0
2026-07-13,WEGE3,46.49,46.49,44.19,44.39,24116,10194000,455632785.0
2026-07-14,WEGE3,44.62,44.78,44.15,44.2,22246,6736400,298627883.0
2026-07-15,WEGE3,44.21,44.37,43.21,44.26,22791,7916900,347940028.0
2026-07-16,WEGE3,44.07,44.35,43.12,43.49,16414,5658700,246754798.0
2026-07-17,WEGE3,43.3,44.02,43.15,43.63,13463,8200600,357255358.0
2026-07-20,WEGE3,43.63,43.79,43.02,43.13,12719,3975400,171811110.0
2026-07-21,WEGE3,43.09,43.34,42.46,42.47,24801,8949800,382662299.0
2026-07-22,WEGE3,44.8,47.06,44.8,46.74,73873,34084500,1580425869.0
2026-07-23,WEGE3,46.43,46.86,44.68,45.67,29181,13598900,618697427.0
2026-07-24,WEGE3,45.42,46.19,44.94,45.99,20578,7721100,352686406.0
2026-07-27,WEGE3,48.05,48.49,45.47,46.4,32338,12593500,583415238.0
2026-07-28,WEGE3,47.05,47.57,46.2,46.7,28644,10923600,509774465.0
2026-07-29,WEGE3,46.61,46.68,45.33,45.64,19241,6456400,295800014.0
2026-07-30,WEGE3,45.92,46.96,45.81,46.82,22336,7612900,355769319.0
2026-07-31,WEGE3,47.0,47.77,46.91,47.2,17232,5153000,243913467.0
2026-08-03,WEGE3,47.9,48.63,47.27,48.2,19861,6927700,333157632.0
2026-08-04,WEGE3,48.9,49.17,48.37,49.17,21291,6265600,306653281.0
2026-08-05,WEGE3,49.18,49.96,48.8,48.8,15227,5897400,290390339.0
2026-08-06,WEGE3,48.8,49.13,48.25,48.4,13793,5958300,289347197.0
2026-08-07,WEGE3,48.12,48.4,47.66,48.12,12584,6880500,330486958.0
2026-08-10,WEGE3,47.63,48.13,47.47,47.63,11224,3125400,149132367.0
2026-08-11,WEGE3,47.57,47.94,46.93,47.36,15615,5572800,263554075.0
2026-08-12,WEGE3,47.36,48.08,47.36,47.64,16543,8033500,382814774.0
2026-08-13,WEGE3,47.4,48.14,47.24,47.5,17576,4982500,237130873.0
2026-08-14,WEGE3,47.5,47.61,46.66,47.5,25864,7327700,345473161.0
2026-08-17,WEGE3,47.5,48.4,47.49,47.99,21935,7151700,343060539.0
2026-08-18,WEGE3,47.84,48.52,47.6,48.47,19049,5889600,283989994.0
2026-08-19,WEGE3,48.65,48.97,48.2,48.51,13417,5763600,279668435.0
2026-08-20,WEGE3,48.0,49.08,47.75,48.4,20889,5478400,265090696.0
